hardware_spec,op,avg_success,num_errors
fake_algiers,Op.X,0.5914754499411191,27
fake_algiers,Op.RESET,0.5711769484408522,27
fake_algiers,Op.SX,0.5914754499411191,27
fake_algiers,Op.CNOT,0.3102168422372098,56
fake_algiers,Op.MEAS,1.9686074074074074,27
fake_brisbane,Op.RESET,0.7522838097638191,127
fake_brisbane,Op.SX,0.7615276319499292,127
fake_brisbane,Op.X,0.7615276319499292,127
fake_brisbane,Op.ECR,0.5911117385116313,144
fake_brisbane,Op.MEAS,1.9377229944881889,127
fake_cusco,Op.RESET,0.6620270262212146,127
fake_cusco,Op.SX,0.706128331178942,127
fake_cusco,Op.X,0.706128331178942,127
fake_cusco,Op.ECR,0.40827770303044975,144
fake_cusco,Op.MEAS,1.663793369448819,127
fake_fez,Op.CZ,0.7275333180543587,352
fake_fez,Op.RESET,0.8331506611564666,156
fake_fez,Op.SX,0.8521087162666969,156
fake_fez,Op.X,0.8521087162666969,156
fake_fez,Op.MEAS,1.9735170020512822,156
fake_kawasaki,Op.RESET,0.6446734107012532,127
fake_kawasaki,Op.SX,0.6609482653022708,127
fake_kawasaki,Op.X,0.6609482653022708,127
fake_kawasaki,Op.ECR,0.38259312614641255,144
fake_kawasaki,Op.MEAS,1.9357544910236222,127
fake_kyiv,Op.RESET,0.8171332926713938,127
fake_kyiv,Op.SX,0.8261473039453752,127
fake_kyiv,Op.X,0.8261473039453752,127
fake_kyiv,Op.ECR,0.6586079149076067,144
fake_kyiv,Op.MEAS,1.937730684566929,127
fake_kyoto,Op.RESET,0.7973367582726675,127
fake_kyoto,Op.SX,0.8100887967329697,127
fake_kyoto,Op.X,0.8100887967329697,127
fake_kyoto,Op.ECR,0.00040687338474691866,144
fake_kyoto,Op.MEAS,1.925420472440945,127
fake_makarresh,Op.CZ,0.42191700701940743,352
fake_makarresh,Op.RESET,0.6688469062950367,156
fake_makarresh,Op.SX,0.6904821018408221,156
fake_makarresh,Op.X,0.6904821018408221,156
fake_makarresh,Op.MEAS,1.9459478920512818,156
fake_osaka,Op.RESET,0.8270821624874718,127
fake_osaka,Op.SX,0.8573418566373225,127
fake_osaka,Op.X,0.8573418566373225,127
fake_osaka,Op.ECR,0.7285482571454414,144
fake_osaka,Op.MEAS,1.916124409448819,127
fake_torino,Op.CZ,0.3242207218215653,300
fake_torino,Op.RESET,0.5773066465403786,133
fake_torino,Op.SX,0.5860723180838119,133
fake_torino,Op.X,0.5860723180838119,133
fake_torino,Op.MEAS,1.9065106616541354,133
fake_valencia,Op.CNOT,0.7392008400180978,8
fake_valencia,Op.SX,0.799258997854922,5
fake_valencia,Op.X,0.799258997854922,5
fake_valencia,Op.MEAS,1.9237600000000001,5
fake_johannesburg,Op.U3,0.9964394914371739,20
fake_johannesburg,Op.CNOT,0.9464866775751773,46
fake_johannesburg,Op.U2,0.9982174694828568,20
fake_johannesburg,Op.MEAS,1.8317599999999998,20
fake_perth,Op.X,0.28553350998545307,7
fake_perth,Op.RESET,0.2827572442724093,7
fake_perth,Op.SX,0.28553350998545307,7
fake_perth,Op.CNOT,0.16405678251267986,12
fake_perth,Op.MEAS,1.9402571428571427,7
fake_lagos,Op.X,0.8566430914156611,7
fake_lagos,Op.RESET,0.8447831428183322,7
fake_lagos,Op.SX,0.8566430914156611,7
fake_lagos,Op.CNOT,0.48661848710632283,12
fake_lagos,Op.MEAS,1.5929142857142857,7
fake_nairobi,Op.X,0.5708210814072211,7
fake_nairobi,Op.RESET,0.501759851618718,7
fake_nairobi,Op.SX,0.5708210814072211,7
fake_nairobi,Op.CNOT,0.16393234084619082,12
fake_nairobi,Op.MEAS,1.9468285714285716,7
fake_hanoi,Op.X,0.5552214518240904,27
fake_hanoi,Op.RESET,0.5485281822236251,27
fake_hanoi,Op.SX,0.5552214518240904,27
fake_hanoi,Op.CNOT,0.2817546264560596,56
fake_hanoi,Op.MEAS,1.9638296296296298,27
fake_cairo,Op.X,0.5545053625683233,27
fake_cairo,Op.RESET,0.543116558861042,27
fake_cairo,Op.SX,0.5545053625683233,27
fake_cairo,Op.CNOT,0.16498532225838194,12
fake_cairo,Op.ECR,0.3523751831030628,14
fake_cairo,Op.MEAS,1.9473481481481483,27
fake_mumbai,Op.X,0.40721165258895814,27
fake_mumbai,Op.RESET,0.38923202294017395,27
fake_mumbai,Op.SX,0.40721165258895814,27
fake_mumbai,Op.CNOT,0.21112430978024596,56
fake_mumbai,Op.MEAS,1.9387481481481483,27
fake_kolkata,Op.X,0.6662519622158078,27
fake_kolkata,Op.RESET,0.6588410492525825,27
fake_kolkata,Op.SX,0.6662519622158078,27
fake_kolkata,Op.CNOT,0.3872755978696671,56
fake_kolkata,Op.MEAS,1.9756444444444443,27
fake_prague,Op.CZ,0.20518369254430105,68
fake_prague,Op.RESET,0.4200967366732353,33
fake_prague,Op.SX,0.42408371484113766,33
fake_prague,Op.X,0.42408371484113766,33
fake_prague,Op.MEAS,1.9648363636363637,33
fake_almaden,Op.U3,0.6973181373725981,20
fake_almaden,Op.CNOT,0.5020425607841151,46
fake_almaden,Op.U2,0.6986576798725477,20
fake_almaden,Op.MEAS,1.892999999,20
fake_armonk,Op.SX,0.0,1
fake_armonk,Op.X,0.0,1
fake_armonk,Op.MEAS,1.952,1
fake_athens,Op.X,0.1996294800037052,5
fake_athens,Op.RESET,0.17792855622071446,5
fake_athens,Op.SX,0.1996294800037052,5
fake_athens,Op.CNOT,0.0,8
fake_athens,Op.MEAS,1.9666799999999998,5
fake_auckland,Op.X,0.48117297369021167,27
fake_auckland,Op.RESET,0.4754571718549647,27
fake_auckland,Op.SX,0.48117297369021167,27
fake_auckland,Op.CNOT,0.24612530415665482,56
fake_auckland,Op.MEAS,1.981888888888889,27
fake_belem,Op.X,0.399710631985392,5
fake_belem,Op.RESET,0.352784328,5
fake_belem,Op.SX,0.399710631985392,5
fake_belem,Op.CNOT,0.24593405055543383,8
fake_belem,Op.MEAS,1.9392,5
fake_boeblingen,Op.U3,0.3491614544201691,20
fake_boeblingen,Op.CNOT,0.12639741183565245,46
fake_boeblingen,Op.U2,0.3495804579608007,20
fake_boeblingen,Op.MEAS,1.8948399999999999,20
fake_bogota,Op.X,0.5995111759845495,5
fake_bogota,Op.RESET,0.5699656638828798,5
fake_bogota,Op.SX,0.5995111759845495,5
fake_bogota,Op.CNOT,0.24641737271085978,8
fake_bogota,Op.MEAS,1.925,5
fake_brooklyn,Op.X,0.18440978090559423,65
fake_brooklyn,Op.RESET,0.16577853812630117,65
fake_brooklyn,Op.SX,0.18440978090559423,65
fake_brooklyn,Op.CNOT,0.05451726856990366,144
fake_brooklyn,Op.MEAS,1.9438215384615385,65
fake_burlington,Op.U3,0.3992076179715164,5
fake_burlington,Op.CNOT,0.0,8
fake_burlington,Op.U2,0.3996036339960364,5
fake_burlington,Op.MEAS,1.9300000000000002,5
fake_cambridge,Op.U3,0.9608005984567088,28
fake_cambridge,Op.CNOT,0.7324116169863459,60
fake_cambridge,Op.U2,0.9625417509373141,28
fake_cambridge,Op.MEAS,1.7463571428571427,28
fake_casablanca,Op.X,0.713676295664835,7
fake_casablanca,Op.RESET,0.6621213771428572,7
fake_casablanca,Op.SX,0.713676295664835,7
fake_casablanca,Op.CNOT,0.3273058140880352,12
fake_casablanca,Op.MEAS,1.9620285714285715,7
fake_essex,Op.U3,0.0,5
fake_essex,Op.CNOT,0.0,8
fake_essex,Op.U2,0.0,5
fake_essex,Op.MEAS,1.92252,5
fake_geneva,Op.X,0.7772796225133142,27
fake_geneva,Op.RESET,0.7722746644620077,27
fake_geneva,Op.SX,0.7772796225133142,27
fake_geneva,Op.CNOT,0.6488266916729877,56
fake_geneva,Op.MEAS,1.9206493829629632,27
fake_guadalupe,Op.X,0.12488389124833725,16
fake_guadalupe,Op.RESET,0.10615085187500001,16
fake_guadalupe,Op.SX,0.12488389124833725,16
fake_guadalupe,Op.CNOT,0.0,32
fake_guadalupe,Op.MEAS,1.9603625,16
fake_lima,Op.X,0.399509748,5
fake_lima,Op.RESET,0.3313453618873797,5
fake_lima,Op.SX,0.399509748,5
fake_lima,Op.CNOT,0.0,8
fake_lima,Op.MEAS,1.9313200000000001,5
fake_london,Op.U3,0.399133388,5
fake_london,Op.CNOT,0.0,8
fake_london,Op.U2,0.3995663839981586,5
fake_london,Op.MEAS,1.886,5
fake_manhattan,Op.X,0.16904133123018175,65
fake_manhattan,Op.RESET,0.14463933109124713,65
fake_manhattan,Op.SX,0.16904133123018175,65
fake_manhattan,Op.CNOT,0.01324743624358547,144
fake_manhattan,Op.MEAS,1.913166153846154,65
fake_manila,Op.X,0.9993676899131362,5
fake_manila,Op.RESET,0.9272636740332023,5
fake_manila,Op.SX,0.9993676899131362,5
fake_manila,Op.CNOT,0.9861537952668584,8
fake_manila,Op.MEAS,1.92536,5
fake_melbourne,Op.CNOT,0.04790887603124917,40
fake_melbourne,Op.SX,0.39908674531544086,15
fake_melbourne,Op.X,0.39908674531544086,15
fake_melbourne,Op.MEAS,1.88372,15
fake_montreal,Op.X,0.6291723244163268,27
fake_montreal,Op.RESET,0.573360612917219,27
fake_montreal,Op.SX,0.6291723244163268,27
fake_montreal,Op.CNOT,0.3861317551834707,56
fake_montreal,Op.MEAS,1.9500444444444445,27
fake_oslo,Op.X,0.856672608540084,7
fake_oslo,Op.RESET,0.8467806071605123,7
fake_oslo,Op.SX,0.856672608540084,7
fake_oslo,Op.CNOT,0.8242058988745368,12
fake_oslo,Op.MEAS,1.9685142857142857,7
fake_ourense,Op.CNOT,0.7415310527329066,8
fake_ourense,Op.SX,0.7994804239841777,5
fake_ourense,Op.X,0.7994804239841777,5
fake_ourense,Op.MEAS,1.9387999999999999,5
fake_paris,Op.X,0.4069902325450836,27
fake_paris,Op.RESET,0.38066679077290905,27
fake_paris,Op.SX,0.4069902325450836,27
fake_paris,Op.CNOT,0.2456627726466703,56
fake_paris,Op.MEAS,1.9392296296296296,27
fake_quito,Op.X,0.5984306020107732,5
fake_quito,Op.RESET,0.4727849600000001,5
fake_quito,Op.SX,0.5984306020107732,5
fake_quito,Op.CNOT,0.0,8
fake_quito,Op.MEAS,1.8986399999999999,5
fake_poughkeepsie,Op.U3,0.3454717160204331,20
fake_poughkeepsie,Op.CNOT,0.2021178221190886,46
fake_poughkeepsie,Op.U2,0.3477306565026851,20
fake_poughkeepsie,Op.MEAS,1.8966,20
fake_rochester,Op.U3,0.48660982214762355,53
fake_rochester,Op.CNOT,0.20329696145326,116
fake_rochester,Op.U2,0.488582848628498,53
fake_rochester,Op.MEAS,1.7110377358490567,53
fake_rome,Op.X,0.39982039199185987,5
fake_rome,Op.RESET,0.386188474,5
fake_rome,Op.SX,0.39982039199185987,5
fake_rome,Op.CNOT,0.24755459673232422,8
fake_rome,Op.MEAS,1.94864,5
fake_santiago,Op.X,0.7997111739956152,5
fake_santiago,Op.RESET,0.7687571139278708,5
fake_santiago,Op.SX,0.7997111739956152,5
fake_santiago,Op.CNOT,0.7431817841063032,8
fake_santiago,Op.MEAS,1.97164,5
fake_singapore,Op.U3,0.3493381269567207,20
fake_singapore,Op.CNOT,0.12664119334985874,46
fake_singapore,Op.U2,0.3496689679691287,20
fake_singapore,Op.MEAS,1.9072500000000001,20
fake_sydney,Op.X,0.5180993422082556,27
fake_sydney,Op.RESET,0.4826595314403387,27
fake_sydney,Op.SX,0.5180993422082556,27
fake_sydney,Op.CNOT,0.38655154326693253,56
fake_sydney,Op.MEAS,1.922162962962963,27
fake_toronto,Op.X,0.33054137111290727,27
fake_toronto,Op.RESET,0.08221977946453418,27
fake_toronto,Op.SX,0.33054137111290727,27
fake_toronto,Op.CNOT,0.08339582879067715,56
fake_toronto,Op.MEAS,1.9103555555555556,27
fake_vigo,Op.CNOT,0.24741303456590247,8
fake_vigo,Op.SX,0.7992156098824401,5
fake_vigo,Op.X,0.7992156098824401,5
fake_vigo,Op.MEAS,1.9332,5
fake_washington,Op.X,0.48736091004838233,127
fake_washington,Op.RESET,0.48034711646456274,127
fake_washington,Op.SX,0.48736091004838233,127
fake_washington,Op.CNOT,0.24466890067614114,284
fake_washington,Op.MEAS,1.9450346456692913,127
fake_yorktown,Op.X,0.797760122019127,5
fake_yorktown,Op.RESET,0.622621832,5
fake_yorktown,Op.SX,0.797760122019127,5
fake_yorktown,Op.CNOT,0.31434320618353245,12
fake_yorktown,Op.MEAS,1.78816,5
fake_jakarta,Op.X,0.9992288556912642,7
fake_jakarta,Op.RESET,0.896485231985787,7
fake_jakarta,Op.SX,0.9992288556912642,7
fake_jakarta,Op.CNOT,0.9854927388724363,12
fake_jakarta,Op.MEAS,1.9385999999999999,7
