hardware,embedding_index,horizon,pomdp_build_time,probability,method,method_time,algorithm_index,tot_strats
paris,0,7,7.998540,0.969320,bellman,2809.981060,0,1
paris,1,7,8.021060,0.972860,bellman,2790.166670,1,1
paris,2,7,12.507890,0.971330,bellman,2704.566470,1,1
paris,3,7,12.197960,0.971030,bellman,2702.464010,1,1
perth,0,7,5.927380,0.986830,bellman,2659.555630,1,1
perth,1,7,5.898000,0.984800,bellman,2632.628140,1,1
perth,2,7,6.859830,0.984120,bellman,2641.848770,1,1
perth,3,7,6.741280,0.986910,bellman,2628.358660,1,1
perth,4,7,7.284880,0.975930,bellman,2624.688510,1,1
perth,5,7,7.288110,0.970550,bellman,2631.979290,1,1
poughkeepsie,0,7,7.452300,0.866660,bellman,2644.607800,1,1
poughkeepsie,1,7,7.708440,0.858200,bellman,2641.576610,2,1
poughkeepsie,2,7,9.353990,0.961020,bellman,2618.489450,2,1
poughkeepsie,3,7,9.256490,0.963950,bellman,2606.151230,2,1
quito,0,7,5.632210,0.932920,bellman,2591.871860,1,1
quito,1,7,6.086700,0.907540,bellman,2612.248770,1,1
quito,2,7,6.599580,0.911500,bellman,2725.419910,3,1
quito,3,7,7.007600,0.921780,bellman,3016.019010,1,1
rochester,0,7,11.453230,0.926530,bellman,2818.857490,1,1
rochester,1,7,11.312660,0.943180,bellman,2937.197100,0,1
rochester,2,7,15.716630,0.909660,bellman,2886.936540,0,1
rochester,3,7,15.654430,0.921960,bellman,2806.686430,1,1
