algorithm_index,min_success0,avg_success0,max_success0,min_success1,avg_success1,max_success1,min_meas_succ,avg_meas_succ,max_meas_succ,min_diff_meas,avg_diff_meas,max_diff_meas,min_abs_diff_meas,avg_abs_diff_meas,max_abs_diff_meas,min_succ_1Q,avg_succ_1Q,max_succ_1Q,min_succ_2Q,avg_succ_2Q,max_succ_2Q,num_hardwares
29,0.5362,0.9603507857142856,0.998535,0.5362,0.9603507857142856,0.998535,0.5362,0.9603507857142856,0.998535,0.0,0.0,0.0,0.0,0.0,0.0,0.999126,0.9996336904761901,0.999802,100,0.0,0.0,42
30,0.9945,0.99485,0.9952,0.9945,0.99485,0.9952,0.9945,0.99485,0.9952,0.0,0.0,0.0,0.0,0.0,0.0,0.99962,0.9996425,0.999665,100,0.0,0.0,2
31,0.9952,0.9952,0.9952,0.9952,0.9952,0.9952,0.9952,0.9952,0.9952,0.0,0.0,0.0,0.0,0.0,0.0,0.999665,0.999665,0.999665,100,0.0,0.0,1
32,0.9945,0.99485,0.9952,0.9945,0.99485,0.9952,0.9945,0.99485,0.9952,0.0,0.0,0.0,0.0,0.0,0.0,0.99962,0.9996425,0.999665,100,0.0,0.0,2
33,0.9952,0.9952,0.9952,0.9952,0.9952,0.9952,0.9952,0.9952,0.9952,0.0,0.0,0.0,0.0,0.0,0.0,0.999665,0.999665,0.999665,100,0.0,0.0,1
34,0.9952,0.9952,0.9952,0.9952,0.9952,0.9952,0.9952,0.9952,0.9952,0.0,0.0,0.0,0.0,0.0,0.0,0.999665,0.999665,0.999665,100,0.0,0.0,1
35,0.912,0.962419,0.9856,0.912,0.962419,0.9856,0.912,0.962419,0.9856,0.0,0.0,0.0,0.0,0.0,0.0,0.998467,0.9986309999999999,0.998724,100,0.0,0.0,7
36,0.9446,0.9706333333333332,0.984,0.9446,0.9706333333333332,0.984,0.9446,0.9706333333333332,0.984,0.0,0.0,0.0,0.0,0.0,0.0,0.998596,0.9992416666666667,0.999571,100,0.0,0.0,3
37,0.9446,0.96395,0.9833,0.9446,0.96395,0.9833,0.9446,0.96395,0.9833,0.0,0.0,0.0,0.0,0.0,0.0,0.998596,0.999077,0.999558,100,0.0,0.0,2
38,0.9446,0.9706333333333332,0.984,0.9446,0.9706333333333332,0.984,0.9446,0.9706333333333332,0.984,0.0,0.0,0.0,0.0,0.0,0.0,0.998596,0.9992416666666667,0.999571,100,0.0,0.0,3
39,0.9446,0.9446,0.9446,0.9446,0.9446,0.9446,0.9446,0.9446,0.9446,0.0,0.0,0.0,0.0,0.0,0.0,0.998596,0.998596,0.998596,100,0.0,0.0,1
40,0.9446,0.9446,0.9446,0.9446,0.9446,0.9446,0.9446,0.9446,0.9446,0.0,0.0,0.0,0.0,0.0,0.0,0.998596,0.998596,0.998596,100,0.0,0.0,1
41,0.985,0.985,0.985,0.985,0.985,0.985,0.985,0.985,0.985,0.0,0.0,0.0,0.0,0.0,0.0,0.998655,0.998655,0.998655,100,0.0,0.0,1
42,0.985,0.985,0.985,0.985,0.985,0.985,0.985,0.985,0.985,0.0,0.0,0.0,0.0,0.0,0.0,0.998655,0.998655,0.998655,100,0.0,0.0,1
43,0.985,0.985,0.985,0.985,0.985,0.985,0.985,0.985,0.985,0.0,0.0,0.0,0.0,0.0,0.0,0.998655,0.998655,0.998655,100,0.0,0.0,1
44,0.985,0.985,0.985,0.985,0.985,0.985,0.985,0.985,0.985,0.0,0.0,0.0,0.0,0.0,0.0,0.998655,0.998655,0.998655,100,0.0,0.0,1
45,0.985,0.985,0.985,0.985,0.985,0.985,0.985,0.985,0.985,0.0,0.0,0.0,0.0,0.0,0.0,0.998655,0.998655,0.998655,100,0.0,0.0,1
46,0.773333,0.773333,0.773333,0.773333,0.773333,0.773333,0.773333,0.773333,0.773333,0.0,0.0,0.0,0.0,0.0,0.0,0.99258,0.99258,0.99258,100,0.0,0.0,1
47,0.773333,0.773333,0.773333,0.773333,0.773333,0.773333,0.773333,0.773333,0.773333,0.0,0.0,0.0,0.0,0.0,0.0,0.99258,0.99258,0.99258,100,0.0,0.0,1
48,0.773333,0.773333,0.773333,0.773333,0.773333,0.773333,0.773333,0.773333,0.773333,0.0,0.0,0.0,0.0,0.0,0.0,0.99258,0.99258,0.99258,100,0.0,0.0,1
49,0.773333,0.773333,0.773333,0.773333,0.773333,0.773333,0.773333,0.773333,0.773333,0.0,0.0,0.0,0.0,0.0,0.0,0.99258,0.99258,0.99258,100,0.0,0.0,1
50,0.773333,0.773333,0.773333,0.773333,0.773333,0.773333,0.773333,0.773333,0.773333,0.0,0.0,0.0,0.0,0.0,0.0,0.99258,0.99258,0.99258,100,0.0,0.0,1
51,0.773333,0.773333,0.773333,0.773333,0.773333,0.773333,0.773333,0.773333,0.773333,0.0,0.0,0.0,0.0,0.0,0.0,0.99258,0.99258,0.99258,100,0.0,0.0,1
52,0.6772,0.9352091052631578,0.994873,0.6772,0.9352091052631578,0.994873,0.6772,0.9352091052631578,0.994873,0.0,0.0,0.0,0.0,0.0,0.0,0.999305,0.9994056842105264,0.999513,100,0.0,0.0,19
53,0.9899,0.99315,0.9964,0.9899,0.99315,0.9964,0.9899,0.99315,0.9964,0.0,0.0,0.0,0.0,0.0,0.0,0.999434,0.9996145000000001,0.999795,100,0.0,0.0,2
54,0.9899,0.9899,0.9899,0.9899,0.9899,0.9899,0.9899,0.9899,0.9899,0.0,0.0,0.0,0.0,0.0,0.0,0.999434,0.999434,0.999434,100,0.0,0.0,1
55,0.9899,0.9899,0.9899,0.9899,0.9899,0.9899,0.9899,0.9899,0.9899,0.0,0.0,0.0,0.0,0.0,0.0,0.999434,0.999434,0.999434,100,0.0,0.0,1
56,0.9899,0.9899,0.9899,0.9899,0.9899,0.9899,0.9899,0.9899,0.9899,0.0,0.0,0.0,0.0,0.0,0.0,0.999434,0.999434,0.999434,100,0.0,0.0,1
57,0.9899,0.9899,0.9899,0.9899,0.9899,0.9899,0.9899,0.9899,0.9899,0.0,0.0,0.0,0.0,0.0,0.0,0.999434,0.999434,0.999434,100,0.0,0.0,1
58,0.9569,0.9662999999999999,0.9757,0.9569,0.9662999999999999,0.9757,0.9569,0.9662999999999999,0.9757,0.0,0.0,0.0,0.0,0.0,0.0,0.999203,0.9993695,0.999536,100,0.0,0.0,2
59,0.9569,0.9662999999999999,0.9757,0.9569,0.9662999999999999,0.9757,0.9569,0.9662999999999999,0.9757,0.0,0.0,0.0,0.0,0.0,0.0,0.999203,0.9993695,0.999536,100,0.0,0.0,2
60,0.9569,0.9662999999999999,0.9757,0.9569,0.9662999999999999,0.9757,0.9569,0.9662999999999999,0.9757,0.0,0.0,0.0,0.0,0.0,0.0,0.999203,0.9993695,0.999536,100,0.0,0.0,2
61,0.9757,0.9757,0.9757,0.9757,0.9757,0.9757,0.9757,0.9757,0.9757,0.0,0.0,0.0,0.0,0.0,0.0,0.999536,0.999536,0.999536,100,0.0,0.0,1
62,0.9757,0.9757,0.9757,0.9757,0.9757,0.9757,0.9757,0.9757,0.9757,0.0,0.0,0.0,0.0,0.0,0.0,0.999536,0.999536,0.999536,100,0.0,0.0,1
63,0.9945,0.9945,0.9945,0.9945,0.9945,0.9945,0.9945,0.9945,0.9945,0.0,0.0,0.0,0.0,0.0,0.0,0.99962,0.99962,0.99962,100,0.0,0.0,1
64,0.9945,0.9945,0.9945,0.9945,0.9945,0.9945,0.9945,0.9945,0.9945,0.0,0.0,0.0,0.0,0.0,0.0,0.99962,0.99962,0.99962,100,0.0,0.0,1
65,0.9945,0.9945,0.9945,0.9945,0.9945,0.9945,0.9945,0.9945,0.9945,0.0,0.0,0.0,0.0,0.0,0.0,0.99962,0.99962,0.99962,100,0.0,0.0,1
66,0.9808,0.9870666666666668,0.9929,0.9808,0.9870666666666668,0.9929,0.9808,0.9870666666666668,0.9929,0.0,0.0,0.0,0.0,0.0,0.0,0.999358,0.9995660000000001,0.999759,100,0.0,0.0,3
67,0.9808,0.9870666666666668,0.9929,0.9808,0.9870666666666668,0.9929,0.9808,0.9870666666666668,0.9929,0.0,0.0,0.0,0.0,0.0,0.0,0.999358,0.9995660000000001,0.999759,100,0.0,0.0,3
68,0.9808,0.9870666666666668,0.9929,0.9808,0.9870666666666668,0.9929,0.9808,0.9870666666666668,0.9929,0.0,0.0,0.0,0.0,0.0,0.0,0.999358,0.9995660000000001,0.999759,100,0.0,0.0,3
69,0.9808,0.9841500000000001,0.9875,0.9808,0.9841500000000001,0.9875,0.9808,0.9841500000000001,0.9875,0.0,0.0,0.0,0.0,0.0,0.0,0.999358,0.9994695,0.999581,100,0.0,0.0,2
70,0.9808,0.9808,0.9808,0.9808,0.9808,0.9808,0.9808,0.9808,0.9808,0.0,0.0,0.0,0.0,0.0,0.0,0.999358,0.999358,0.999358,100,0.0,0.0,1
71,0.7255,0.861,0.9586,0.7255,0.861,0.9586,0.7255,0.861,0.9586,0.0,0.0,0.0,0.0,0.0,0.0,0.998319,0.99904975,0.999654,100,0.0,0.0,4
72,0.7255,0.8696666666666667,0.9586,0.7255,0.8696666666666667,0.9586,0.7255,0.8696666666666667,0.9586,0.0,0.0,0.0,0.0,0.0,0.0,0.998319,0.9991176666666667,0.999654,100,0.0,0.0,3
73,0.9586,0.9586,0.9586,0.9586,0.9586,0.9586,0.9586,0.9586,0.9586,0.0,0.0,0.0,0.0,0.0,0.0,0.999654,0.999654,0.999654,100,0.0,0.0,1
74,0.9586,0.9586,0.9586,0.9586,0.9586,0.9586,0.9586,0.9586,0.9586,0.0,0.0,0.0,0.0,0.0,0.0,0.999654,0.999654,0.999654,100,0.0,0.0,1
75,0.9586,0.9586,0.9586,0.9586,0.9586,0.9586,0.9586,0.9586,0.9586,0.0,0.0,0.0,0.0,0.0,0.0,0.999654,0.999654,0.999654,100,0.0,0.0,1
76,0.8889,0.9472666666666667,0.9794,0.8889,0.9472666666666667,0.9794,0.8889,0.9472666666666667,0.9794,0.0,0.0,0.0,0.0,0.0,0.0,0.997602,0.9988256666666667,0.999503,100,0.0,0.0,3
77,0.8889,0.9472666666666667,0.9794,0.8889,0.9472666666666667,0.9794,0.8889,0.9472666666666667,0.9794,0.0,0.0,0.0,0.0,0.0,0.0,0.997602,0.9988256666666667,0.999503,100,0.0,0.0,3
78,0.9735,0.97645,0.9794,0.9735,0.97645,0.9794,0.9735,0.97645,0.9794,0.0,0.0,0.0,0.0,0.0,0.0,0.999372,0.9994375,0.999503,100,0.0,0.0,2
79,0.9794,0.9794,0.9794,0.9794,0.9794,0.9794,0.9794,0.9794,0.9794,0.0,0.0,0.0,0.0,0.0,0.0,0.999503,0.999503,0.999503,100,0.0,0.0,1
80,0.9794,0.9794,0.9794,0.9794,0.9794,0.9794,0.9794,0.9794,0.9794,0.0,0.0,0.0,0.0,0.0,0.0,0.999503,0.999503,0.999503,100,0.0,0.0,1
81,0.9458,0.9678,0.9868,0.9458,0.9678,0.9868,0.9458,0.9678,0.9868,0.0,0.0,0.0,0.0,0.0,0.0,0.999106,0.9991905000000001,0.99925,100,0.0,0.0,4
82,0.9868,0.9868,0.9868,0.9868,0.9868,0.9868,0.9868,0.9868,0.9868,0.0,0.0,0.0,0.0,0.0,0.0,0.99925,0.99925,0.99925,100,0.0,0.0,1
83,0.9868,0.9868,0.9868,0.9868,0.9868,0.9868,0.9868,0.9868,0.9868,0.0,0.0,0.0,0.0,0.0,0.0,0.99925,0.99925,0.99925,100,0.0,0.0,1
84,0.9868,0.9916,0.9964,0.9868,0.9916,0.9964,0.9868,0.9916,0.9964,0.0,0.0,0.0,0.0,0.0,0.0,0.99925,0.9995225,0.999795,100,0.0,0.0,2
85,0.9868,0.9916,0.9964,0.9868,0.9916,0.9964,0.9868,0.9916,0.9964,0.0,0.0,0.0,0.0,0.0,0.0,0.99925,0.9995225,0.999795,100,0.0,0.0,2
86,0.9868,0.9868,0.9868,0.9868,0.9868,0.9868,0.9868,0.9868,0.9868,0.0,0.0,0.0,0.0,0.0,0.0,0.99925,0.99925,0.99925,100,0.0,0.0,1
87,0.8073,0.8827000000000002,0.99,0.8073,0.8827000000000002,0.99,0.8073,0.8827000000000002,0.99,0.0,0.0,0.0,0.0,0.0,0.0,0.99745,0.9975533333333333,0.997633,100,0.0,0.0,6
88,0.8073,0.9,0.9927,0.8073,0.9,0.9927,0.8073,0.9,0.9927,0.0,0.0,0.0,0.0,0.0,0.0,0.997555,0.9987225,0.99989,100,0.0,0.0,2
89,0.8073,0.8073,0.8073,0.8073,0.8073,0.8073,0.8073,0.8073,0.8073,0.0,0.0,0.0,0.0,0.0,0.0,0.997555,0.997555,0.997555,100,0.0,0.0,1
90,0.8073,0.8073,0.8073,0.8073,0.8073,0.8073,0.8073,0.8073,0.8073,0.0,0.0,0.0,0.0,0.0,0.0,0.997555,0.997555,0.997555,100,0.0,0.0,1
91,0.8073,0.8073,0.8073,0.8073,0.8073,0.8073,0.8073,0.8073,0.8073,0.0,0.0,0.0,0.0,0.0,0.0,0.997555,0.997555,0.997555,100,0.0,0.0,1
92,0.7255,0.7820666666666667,0.8134,0.7255,0.7820666666666667,0.8134,0.7255,0.7820666666666667,0.8134,0.0,0.0,0.0,0.0,0.0,0.0,0.997511,0.997795,0.998319,100,0.0,0.0,3
93,0.942,0.957525,0.9729,0.942,0.957525,0.9729,0.942,0.957525,0.9729,0.0,0.0,0.0,0.0,0.0,0.0,0.999405,0.9995425,0.999699,100,0.0,0.0,4
94,0.9454,0.95915,0.9729,0.9454,0.95915,0.9729,0.9454,0.95915,0.9729,0.0,0.0,0.0,0.0,0.0,0.0,0.999411,0.999555,0.999699,100,0.0,0.0,2
95,0.942,0.957525,0.9729,0.942,0.957525,0.9729,0.942,0.957525,0.9729,0.0,0.0,0.0,0.0,0.0,0.0,0.999405,0.9995425,0.999699,100,0.0,0.0,4
96,0.9729,0.9729,0.9729,0.9729,0.9729,0.9729,0.9729,0.9729,0.9729,0.0,0.0,0.0,0.0,0.0,0.0,0.999699,0.999699,0.999699,100,0.0,0.0,1
97,0.9729,0.9729,0.9729,0.9729,0.9729,0.9729,0.9729,0.9729,0.9729,0.0,0.0,0.0,0.0,0.0,0.0,0.999699,0.999699,0.999699,100,0.0,0.0,1
98,0.9434,0.9434,0.9434,0.9434,0.9434,0.9434,0.9434,0.9434,0.9434,0.0,0.0,0.0,0.0,0.0,0.0,0.998467,0.998467,0.998467,100,0.0,0.0,1
99,0.9434,0.9434,0.9434,0.9434,0.9434,0.9434,0.9434,0.9434,0.9434,0.0,0.0,0.0,0.0,0.0,0.0,0.998467,0.998467,0.998467,100,0.0,0.0,1
100,0.9434,0.9434,0.9434,0.9434,0.9434,0.9434,0.9434,0.9434,0.9434,0.0,0.0,0.0,0.0,0.0,0.0,0.998467,0.998467,0.998467,100,0.0,0.0,1
101,0.9434,0.9434,0.9434,0.9434,0.9434,0.9434,0.9434,0.9434,0.9434,0.0,0.0,0.0,0.0,0.0,0.0,0.998467,0.998467,0.998467,100,0.0,0.0,1
102,0.9434,0.9434,0.9434,0.9434,0.9434,0.9434,0.9434,0.9434,0.9434,0.0,0.0,0.0,0.0,0.0,0.0,0.998467,0.998467,0.998467,100,0.0,0.0,1
103,0.760498,0.760498,0.760498,0.760498,0.760498,0.760498,0.760498,0.760498,0.760498,0.0,0.0,0.0,0.0,0.0,0.0,0.788621,0.788621,0.788621,100,0.0,0.0,1
104,0.760498,0.760498,0.760498,0.760498,0.760498,0.760498,0.760498,0.760498,0.760498,0.0,0.0,0.0,0.0,0.0,0.0,0.788621,0.788621,0.788621,100,0.0,0.0,1
105,0.760498,0.760498,0.760498,0.760498,0.760498,0.760498,0.760498,0.760498,0.760498,0.0,0.0,0.0,0.0,0.0,0.0,0.788621,0.788621,0.788621,100,0.0,0.0,1
106,0.760498,0.760498,0.760498,0.760498,0.760498,0.760498,0.760498,0.760498,0.760498,0.0,0.0,0.0,0.0,0.0,0.0,0.788621,0.788621,0.788621,100,0.0,0.0,1
107,0.760498,0.760498,0.760498,0.760498,0.760498,0.760498,0.760498,0.760498,0.760498,0.0,0.0,0.0,0.0,0.0,0.0,0.788621,0.788621,0.788621,100,0.0,0.0,1
108,0.760498,0.760498,0.760498,0.760498,0.760498,0.760498,0.760498,0.760498,0.760498,0.0,0.0,0.0,0.0,0.0,0.0,0.788621,0.788621,0.788621,100,0.0,0.0,1
109,0.994385,0.994385,0.994385,0.994385,0.994385,0.994385,0.994385,0.994385,0.994385,0.0,0.0,0.0,0.0,0.0,0.0,0.999656,0.999656,0.999656,100,0.0,0.0,1
110,0.994385,0.994385,0.994385,0.994385,0.994385,0.994385,0.994385,0.994385,0.994385,0.0,0.0,0.0,0.0,0.0,0.0,0.999656,0.999656,0.999656,100,0.0,0.0,1
111,0.994385,0.994385,0.994385,0.994385,0.994385,0.994385,0.994385,0.994385,0.994385,0.0,0.0,0.0,0.0,0.0,0.0,0.999656,0.999656,0.999656,100,0.0,0.0,1
112,0.994385,0.994385,0.994385,0.994385,0.994385,0.994385,0.994385,0.994385,0.994385,0.0,0.0,0.0,0.0,0.0,0.0,0.999656,0.999656,0.999656,100,0.0,0.0,1
113,0.994385,0.994385,0.994385,0.994385,0.994385,0.994385,0.994385,0.994385,0.994385,0.0,0.0,0.0,0.0,0.0,0.0,0.999656,0.999656,0.999656,100,0.0,0.0,1
114,0.9875,0.9875,0.9875,0.9875,0.9875,0.9875,0.9875,0.9875,0.9875,0.0,0.0,0.0,0.0,0.0,0.0,0.999581,0.999581,0.999581,100,0.0,0.0,1
115,0.9132,0.9132,0.9132,0.9132,0.9132,0.9132,0.9132,0.9132,0.9132,0.0,0.0,0.0,0.0,0.0,0.0,0.992362,0.992362,0.992362,100,0.0,0.0,1
116,0.9132,0.9132,0.9132,0.9132,0.9132,0.9132,0.9132,0.9132,0.9132,0.0,0.0,0.0,0.0,0.0,0.0,0.992362,0.992362,0.992362,100,0.0,0.0,1
117,0.9132,0.9132,0.9132,0.9132,0.9132,0.9132,0.9132,0.9132,0.9132,0.0,0.0,0.0,0.0,0.0,0.0,0.992362,0.992362,0.992362,100,0.0,0.0,1
118,0.9132,0.9132,0.9132,0.9132,0.9132,0.9132,0.9132,0.9132,0.9132,0.0,0.0,0.0,0.0,0.0,0.0,0.992362,0.992362,0.992362,100,0.0,0.0,1
119,0.9132,0.9132,0.9132,0.9132,0.9132,0.9132,0.9132,0.9132,0.9132,0.0,0.0,0.0,0.0,0.0,0.0,0.992362,0.992362,0.992362,100,0.0,0.0,1
120,0.9132,0.9132,0.9132,0.9132,0.9132,0.9132,0.9132,0.9132,0.9132,0.0,0.0,0.0,0.0,0.0,0.0,0.992362,0.992362,0.992362,100,0.0,0.0,1
121,0.5795,0.8933399999999999,0.9862,0.5795,0.8933399999999999,0.9862,0.5795,0.8933399999999999,0.9862,0.0,0.0,0.0,0.0,0.0,0.0,0.998956,0.9989964,0.999062,100,0.0,0.0,5
122,0.9755,0.9755,0.9755,0.9755,0.9755,0.9755,0.9755,0.9755,0.9755,0.0,0.0,0.0,0.0,0.0,0.0,0.999062,0.999062,0.999062,100,0.0,0.0,1
123,0.9755,0.9755,0.9755,0.9755,0.9755,0.9755,0.9755,0.9755,0.9755,0.0,0.0,0.0,0.0,0.0,0.0,0.999062,0.999062,0.999062,100,0.0,0.0,1
124,0.9755,0.9755,0.9755,0.9755,0.9755,0.9755,0.9755,0.9755,0.9755,0.0,0.0,0.0,0.0,0.0,0.0,0.999062,0.999062,0.999062,100,0.0,0.0,1
125,0.9755,0.9755,0.9755,0.9755,0.9755,0.9755,0.9755,0.9755,0.9755,0.0,0.0,0.0,0.0,0.0,0.0,0.999062,0.999062,0.999062,100,0.0,0.0,1
126,0.9755,0.9755,0.9755,0.9755,0.9755,0.9755,0.9755,0.9755,0.9755,0.0,0.0,0.0,0.0,0.0,0.0,0.999062,0.999062,0.999062,100,0.0,0.0,1
127,0.7255,0.8385,0.9515,0.7255,0.8385,0.9515,0.7255,0.8385,0.9515,0.0,0.0,0.0,0.0,0.0,0.0,0.998223,0.9982709999999999,0.998319,100,0.0,0.0,2
128,0.9515,0.9515,0.9515,0.9515,0.9515,0.9515,0.9515,0.9515,0.9515,0.0,0.0,0.0,0.0,0.0,0.0,0.998223,0.998223,0.998223,100,0.0,0.0,1
129,0.9515,0.9515,0.9515,0.9515,0.9515,0.9515,0.9515,0.9515,0.9515,0.0,0.0,0.0,0.0,0.0,0.0,0.998223,0.998223,0.998223,100,0.0,0.0,1
130,0.9515,0.9515,0.9515,0.9515,0.9515,0.9515,0.9515,0.9515,0.9515,0.0,0.0,0.0,0.0,0.0,0.0,0.998223,0.998223,0.998223,100,0.0,0.0,1
131,0.9515,0.9515,0.9515,0.9515,0.9515,0.9515,0.9515,0.9515,0.9515,0.0,0.0,0.0,0.0,0.0,0.0,0.998223,0.998223,0.998223,100,0.0,0.0,1
132,0.9515,0.9515,0.9515,0.9515,0.9515,0.9515,0.9515,0.9515,0.9515,0.0,0.0,0.0,0.0,0.0,0.0,0.998223,0.998223,0.998223,100,0.0,0.0,1
133,0.9937,0.9943,0.9949,0.9937,0.9943,0.9949,0.9937,0.9943,0.9949,0.0,0.0,0.0,0.0,0.0,0.0,0.999506,0.9995525000000001,0.999599,100,0.0,0.0,2
134,0.9937,0.9943,0.9949,0.9937,0.9943,0.9949,0.9937,0.9943,0.9949,0.0,0.0,0.0,0.0,0.0,0.0,0.999506,0.9995525000000001,0.999599,100,0.0,0.0,2
135,0.9937,0.9943,0.9949,0.9937,0.9943,0.9949,0.9937,0.9943,0.9949,0.0,0.0,0.0,0.0,0.0,0.0,0.999506,0.9995525000000001,0.999599,100,0.0,0.0,2
136,0.9949,0.9949,0.9949,0.9949,0.9949,0.9949,0.9949,0.9949,0.9949,0.0,0.0,0.0,0.0,0.0,0.0,0.999599,0.999599,0.999599,100,0.0,0.0,1
137,0.9949,0.9949,0.9949,0.9949,0.9949,0.9949,0.9949,0.9949,0.9949,0.0,0.0,0.0,0.0,0.0,0.0,0.999599,0.999599,0.999599,100,0.0,0.0,1
138,0.8508,0.8508,0.8508,0.8508,0.8508,0.8508,0.8508,0.8508,0.8508,0.0,0.0,0.0,0.0,0.0,0.0,0.989396,0.989396,0.989396,100,0.0,0.0,1
139,0.8508,0.8508,0.8508,0.8508,0.8508,0.8508,0.8508,0.8508,0.8508,0.0,0.0,0.0,0.0,0.0,0.0,0.989396,0.989396,0.989396,100,0.0,0.0,1
140,0.8508,0.8508,0.8508,0.8508,0.8508,0.8508,0.8508,0.8508,0.8508,0.0,0.0,0.0,0.0,0.0,0.0,0.989396,0.989396,0.989396,100,0.0,0.0,1
141,0.8508,0.8508,0.8508,0.8508,0.8508,0.8508,0.8508,0.8508,0.8508,0.0,0.0,0.0,0.0,0.0,0.0,0.989396,0.989396,0.989396,100,0.0,0.0,1
142,0.8508,0.8508,0.8508,0.8508,0.8508,0.8508,0.8508,0.8508,0.8508,0.0,0.0,0.0,0.0,0.0,0.0,0.989396,0.989396,0.989396,100,0.0,0.0,1
143,0.8508,0.8508,0.8508,0.8508,0.8508,0.8508,0.8508,0.8508,0.8508,0.0,0.0,0.0,0.0,0.0,0.0,0.989396,0.989396,0.989396,100,0.0,0.0,1
144,0.983,0.983,0.983,0.983,0.983,0.983,0.983,0.983,0.983,0.0,0.0,0.0,0.0,0.0,0.0,0.998646,0.998646,0.998646,100,0.0,0.0,1
145,0.983,0.983,0.983,0.983,0.983,0.983,0.983,0.983,0.983,0.0,0.0,0.0,0.0,0.0,0.0,0.998646,0.998646,0.998646,100,0.0,0.0,1
146,0.983,0.983,0.983,0.983,0.983,0.983,0.983,0.983,0.983,0.0,0.0,0.0,0.0,0.0,0.0,0.998646,0.998646,0.998646,100,0.0,0.0,1
147,0.983,0.983,0.983,0.983,0.983,0.983,0.983,0.983,0.983,0.0,0.0,0.0,0.0,0.0,0.0,0.998646,0.998646,0.998646,100,0.0,0.0,1
148,0.983,0.983,0.983,0.983,0.983,0.983,0.983,0.983,0.983,0.0,0.0,0.0,0.0,0.0,0.0,0.998646,0.998646,0.998646,100,0.0,0.0,1
149,0.61,0.61,0.61,0.61,0.61,0.61,0.61,0.61,0.61,0.0,0.0,0.0,0.0,0.0,0.0,0.995982,0.995982,0.995982,100,0.0,0.0,1
150,0.61,0.8529199999999999,0.9834,0.61,0.8529199999999999,0.9834,0.61,0.8529199999999999,0.9834,0.0,0.0,0.0,0.0,0.0,0.0,0.995982,0.9982008,0.999729,100,0.0,0.0,5
151,0.61,0.61,0.61,0.61,0.61,0.61,0.61,0.61,0.61,0.0,0.0,0.0,0.0,0.0,0.0,0.995982,0.995982,0.995982,100,0.0,0.0,1
152,0.61,0.7967,0.9834,0.61,0.7967,0.9834,0.61,0.7967,0.9834,0.0,0.0,0.0,0.0,0.0,0.0,0.995982,0.9978555,0.999729,100,0.0,0.0,2
153,0.61,0.61,0.61,0.61,0.61,0.61,0.61,0.61,0.61,0.0,0.0,0.0,0.0,0.0,0.0,0.995982,0.995982,0.995982,100,0.0,0.0,1
154,0.61,0.61,0.61,0.61,0.61,0.61,0.61,0.61,0.61,0.0,0.0,0.0,0.0,0.0,0.0,0.995982,0.995982,0.995982,100,0.0,0.0,1
155,0.9856,0.9856,0.9856,0.9856,0.9856,0.9856,0.9856,0.9856,0.9856,0.0,0.0,0.0,0.0,0.0,0.0,0.998653,0.998653,0.998653,100,0.0,0.0,1
156,0.9856,0.9856,0.9856,0.9856,0.9856,0.9856,0.9856,0.9856,0.9856,0.0,0.0,0.0,0.0,0.0,0.0,0.998653,0.998653,0.998653,100,0.0,0.0,1
157,0.9856,0.9856,0.9856,0.9856,0.9856,0.9856,0.9856,0.9856,0.9856,0.0,0.0,0.0,0.0,0.0,0.0,0.998653,0.998653,0.998653,100,0.0,0.0,1
158,0.9856,0.9856,0.9856,0.9856,0.9856,0.9856,0.9856,0.9856,0.9856,0.0,0.0,0.0,0.0,0.0,0.0,0.998653,0.998653,0.998653,100,0.0,0.0,1
159,0.9856,0.9856,0.9856,0.9856,0.9856,0.9856,0.9856,0.9856,0.9856,0.0,0.0,0.0,0.0,0.0,0.0,0.998653,0.998653,0.998653,100,0.0,0.0,1
160,0.9674,0.9771799999999999,0.9856,0.9674,0.9771799999999999,0.9856,0.9674,0.9771799999999999,0.9856,0.0,0.0,0.0,0.0,0.0,0.0,0.999305,0.9995076,0.999682,100,0.0,0.0,5
161,0.9674,0.9739,0.982,0.9674,0.9739,0.982,0.9674,0.9739,0.982,0.0,0.0,0.0,0.0,0.0,0.0,0.999305,0.9994413333333334,0.999613,100,0.0,0.0,3
162,0.9674,0.9771799999999999,0.9856,0.9674,0.9771799999999999,0.9856,0.9674,0.9771799999999999,0.9856,0.0,0.0,0.0,0.0,0.0,0.0,0.999305,0.9995076,0.999682,100,0.0,0.0,5
163,0.9674,0.9674,0.9674,0.9674,0.9674,0.9674,0.9674,0.9674,0.9674,0.0,0.0,0.0,0.0,0.0,0.0,0.999305,0.999305,0.999305,100,0.0,0.0,1
164,0.9674,0.9674,0.9674,0.9674,0.9674,0.9674,0.9674,0.9674,0.9674,0.0,0.0,0.0,0.0,0.0,0.0,0.999305,0.999305,0.999305,100,0.0,0.0,1
165,0.5975,0.795088,0.992676,0.5975,0.795088,0.992676,0.5975,0.795088,0.992676,0.0,0.0,0.0,0.0,0.0,0.0,0.990412,0.9950604999999999,0.999709,100,0.0,0.0,2
166,0.992676,0.992676,0.992676,0.992676,0.992676,0.992676,0.992676,0.992676,0.992676,0.0,0.0,0.0,0.0,0.0,0.0,0.999709,0.999709,0.999709,100,0.0,0.0,1
167,0.5975,0.795088,0.992676,0.5975,0.795088,0.992676,0.5975,0.795088,0.992676,0.0,0.0,0.0,0.0,0.0,0.0,0.990412,0.9950604999999999,0.999709,100,0.0,0.0,2
168,0.992676,0.992676,0.992676,0.992676,0.992676,0.992676,0.992676,0.992676,0.992676,0.0,0.0,0.0,0.0,0.0,0.0,0.999709,0.999709,0.999709,100,0.0,0.0,1
169,0.992676,0.992676,0.992676,0.992676,0.992676,0.992676,0.992676,0.992676,0.992676,0.0,0.0,0.0,0.0,0.0,0.0,0.999709,0.999709,0.999709,100,0.0,0.0,1
170,0.498047,0.498047,0.498047,0.498047,0.498047,0.498047,0.498047,0.498047,0.498047,0.0,0.0,0.0,0.0,0.0,0.0,0.999646,0.999646,0.999646,100,0.0,0.0,1
171,0.498047,0.498047,0.498047,0.498047,0.498047,0.498047,0.498047,0.498047,0.498047,0.0,0.0,0.0,0.0,0.0,0.0,0.999646,0.999646,0.999646,100,0.0,0.0,1
172,0.498047,0.498047,0.498047,0.498047,0.498047,0.498047,0.498047,0.498047,0.498047,0.0,0.0,0.0,0.0,0.0,0.0,0.999646,0.999646,0.999646,100,0.0,0.0,1
173,0.498047,0.498047,0.498047,0.498047,0.498047,0.498047,0.498047,0.498047,0.498047,0.0,0.0,0.0,0.0,0.0,0.0,0.999646,0.999646,0.999646,100,0.0,0.0,1
174,0.498047,0.498047,0.498047,0.498047,0.498047,0.498047,0.498047,0.498047,0.498047,0.0,0.0,0.0,0.0,0.0,0.0,0.999646,0.999646,0.999646,100,0.0,0.0,1
175,0.498047,0.498047,0.498047,0.498047,0.498047,0.498047,0.498047,0.498047,0.498047,0.0,0.0,0.0,0.0,0.0,0.0,0.999646,0.999646,0.999646,100,0.0,0.0,1
176,0.9693,0.9693,0.9693,0.9693,0.9693,0.9693,0.9693,0.9693,0.9693,0.0,0.0,0.0,0.0,0.0,0.0,0.997633,0.997633,0.997633,100,0.0,0.0,1
177,0.9693,0.9693,0.9693,0.9693,0.9693,0.9693,0.9693,0.9693,0.9693,0.0,0.0,0.0,0.0,0.0,0.0,0.997633,0.997633,0.997633,100,0.0,0.0,1
178,0.9693,0.9693,0.9693,0.9693,0.9693,0.9693,0.9693,0.9693,0.9693,0.0,0.0,0.0,0.0,0.0,0.0,0.997633,0.997633,0.997633,100,0.0,0.0,1
179,0.9693,0.9693,0.9693,0.9693,0.9693,0.9693,0.9693,0.9693,0.9693,0.0,0.0,0.0,0.0,0.0,0.0,0.997633,0.997633,0.997633,100,0.0,0.0,1
180,0.9693,0.9693,0.9693,0.9693,0.9693,0.9693,0.9693,0.9693,0.9693,0.0,0.0,0.0,0.0,0.0,0.0,0.997633,0.997633,0.997633,100,0.0,0.0,1
181,0.9442,0.9601333333333333,0.9825,0.9442,0.9601333333333333,0.9825,0.9442,0.9601333333333333,0.9825,0.0,0.0,0.0,0.0,0.0,0.0,0.997097,0.9971556666666667,0.997219,100,0.0,0.0,3
182,0.9442,0.9442,0.9442,0.9442,0.9442,0.9442,0.9442,0.9442,0.9442,0.0,0.0,0.0,0.0,0.0,0.0,0.997219,0.997219,0.997219,100,0.0,0.0,1
183,0.9442,0.9442,0.9442,0.9442,0.9442,0.9442,0.9442,0.9442,0.9442,0.0,0.0,0.0,0.0,0.0,0.0,0.997219,0.997219,0.997219,100,0.0,0.0,1
184,0.9442,0.9442,0.9442,0.9442,0.9442,0.9442,0.9442,0.9442,0.9442,0.0,0.0,0.0,0.0,0.0,0.0,0.997219,0.997219,0.997219,100,0.0,0.0,1
185,0.9442,0.9442,0.9442,0.9442,0.9442,0.9442,0.9442,0.9442,0.9442,0.0,0.0,0.0,0.0,0.0,0.0,0.997219,0.997219,0.997219,100,0.0,0.0,1
186,0.9442,0.9442,0.9442,0.9442,0.9442,0.9442,0.9442,0.9442,0.9442,0.0,0.0,0.0,0.0,0.0,0.0,0.997219,0.997219,0.997219,100,0.0,0.0,1
187,0.998535,0.998535,0.998535,0.998535,0.998535,0.998535,0.998535,0.998535,0.998535,0.0,0.0,0.0,0.0,0.0,0.0,0.999681,0.999681,0.999681,100,0.0,0.0,1
188,0.998535,0.998535,0.998535,0.998535,0.998535,0.998535,0.998535,0.998535,0.998535,0.0,0.0,0.0,0.0,0.0,0.0,0.999681,0.999681,0.999681,100,0.0,0.0,1
189,0.998535,0.998535,0.998535,0.998535,0.998535,0.998535,0.998535,0.998535,0.998535,0.0,0.0,0.0,0.0,0.0,0.0,0.999681,0.999681,0.999681,100,0.0,0.0,1
190,0.998535,0.998535,0.998535,0.998535,0.998535,0.998535,0.998535,0.998535,0.998535,0.0,0.0,0.0,0.0,0.0,0.0,0.999681,0.999681,0.999681,100,0.0,0.0,1
191,0.998535,0.998535,0.998535,0.998535,0.998535,0.998535,0.998535,0.998535,0.998535,0.0,0.0,0.0,0.0,0.0,0.0,0.999681,0.999681,0.999681,100,0.0,0.0,1
192,0.5963,0.782981,0.894043,0.5963,0.782981,0.894043,0.5963,0.782981,0.894043,0.0,0.0,0.0,0.0,0.0,0.0,0.998781,0.999259,0.999553,100,0.0,0.0,3
193,0.8586,0.8763215,0.894043,0.8586,0.8763215,0.894043,0.8586,0.8763215,0.894043,0.0,0.0,0.0,0.0,0.0,0.0,0.999443,0.999498,0.999553,100,0.0,0.0,2
194,0.835,0.8933347142857142,0.9249,0.835,0.8933347142857142,0.9249,0.835,0.8933347142857142,0.9249,0.0,0.0,0.0,0.0,0.0,0.0,0.998846,0.9994748571428571,0.999734,100,0.0,0.0,7
195,0.894043,0.894043,0.894043,0.894043,0.894043,0.894043,0.894043,0.894043,0.894043,0.0,0.0,0.0,0.0,0.0,0.0,0.999553,0.999553,0.999553,100,0.0,0.0,1
196,0.894043,0.8986715000000001,0.9033,0.894043,0.8986715000000001,0.9033,0.894043,0.8986715000000001,0.9033,0.0,0.0,0.0,0.0,0.0,0.0,0.999553,0.9996055,0.999658,100,0.0,0.0,2
197,0.8586,0.8586,0.8586,0.8586,0.8586,0.8586,0.8586,0.8586,0.8586,0.0,0.0,0.0,0.0,0.0,0.0,0.999443,0.999443,0.999443,100,0.0,0.0,1
198,0.8586,0.8586,0.8586,0.8586,0.8586,0.8586,0.8586,0.8586,0.8586,0.0,0.0,0.0,0.0,0.0,0.0,0.999443,0.999443,0.999443,100,0.0,0.0,1
199,0.8586,0.8586,0.8586,0.8586,0.8586,0.8586,0.8586,0.8586,0.8586,0.0,0.0,0.0,0.0,0.0,0.0,0.999443,0.999443,0.999443,100,0.0,0.0,1
200,0.9862,0.9862,0.9862,0.9862,0.9862,0.9862,0.9862,0.9862,0.9862,0.0,0.0,0.0,0.0,0.0,0.0,0.998956,0.998956,0.998956,100,0.0,0.0,1
201,0.9862,0.9862,0.9862,0.9862,0.9862,0.9862,0.9862,0.9862,0.9862,0.0,0.0,0.0,0.0,0.0,0.0,0.998956,0.998956,0.998956,100,0.0,0.0,1
202,0.9862,0.9862,0.9862,0.9862,0.9862,0.9862,0.9862,0.9862,0.9862,0.0,0.0,0.0,0.0,0.0,0.0,0.998956,0.998956,0.998956,100,0.0,0.0,1
203,0.9862,0.9862,0.9862,0.9862,0.9862,0.9862,0.9862,0.9862,0.9862,0.0,0.0,0.0,0.0,0.0,0.0,0.998956,0.998956,0.998956,100,0.0,0.0,1
204,0.9862,0.9862,0.9862,0.9862,0.9862,0.9862,0.9862,0.9862,0.9862,0.0,0.0,0.0,0.0,0.0,0.0,0.998956,0.998956,0.998956,100,0.0,0.0,1
205,0.9395,0.9395,0.9395,0.9395,0.9395,0.9395,0.9395,0.9395,0.9395,0.0,0.0,0.0,0.0,0.0,0.0,0.999396,0.999396,0.999396,100,0.0,0.0,1
206,0.9395,0.94075,0.942,0.9395,0.94075,0.942,0.9395,0.94075,0.942,0.0,0.0,0.0,0.0,0.0,0.0,0.999396,0.9994004999999999,0.999405,100,0.0,0.0,2
207,0.9395,0.9395,0.9395,0.9395,0.9395,0.9395,0.9395,0.9395,0.9395,0.0,0.0,0.0,0.0,0.0,0.0,0.999396,0.999396,0.999396,100,0.0,0.0,1
208,0.9395,0.9395,0.9395,0.9395,0.9395,0.9395,0.9395,0.9395,0.9395,0.0,0.0,0.0,0.0,0.0,0.0,0.999396,0.999396,0.999396,100,0.0,0.0,1
209,0.9395,0.94075,0.942,0.9395,0.94075,0.942,0.9395,0.94075,0.942,0.0,0.0,0.0,0.0,0.0,0.0,0.999396,0.9994004999999999,0.999405,100,0.0,0.0,2
210,0.9894,0.9894,0.9894,0.9894,0.9894,0.9894,0.9894,0.9894,0.9894,0.0,0.0,0.0,0.0,0.0,0.0,0.999625,0.999625,0.999625,100,0.0,0.0,1
211,0.9894,0.9894,0.9894,0.9894,0.9894,0.9894,0.9894,0.9894,0.9894,0.0,0.0,0.0,0.0,0.0,0.0,0.999625,0.999625,0.999625,100,0.0,0.0,1
212,0.9894,0.9894,0.9894,0.9894,0.9894,0.9894,0.9894,0.9894,0.9894,0.0,0.0,0.0,0.0,0.0,0.0,0.999625,0.999625,0.999625,100,0.0,0.0,1
213,0.9894,0.9894,0.9894,0.9894,0.9894,0.9894,0.9894,0.9894,0.9894,0.0,0.0,0.0,0.0,0.0,0.0,0.999625,0.999625,0.999625,100,0.0,0.0,1
214,0.9894,0.9894,0.9894,0.9894,0.9894,0.9894,0.9894,0.9894,0.9894,0.0,0.0,0.0,0.0,0.0,0.0,0.999625,0.999625,0.999625,100,0.0,0.0,1
215,0.9922,0.993,0.9945,0.9922,0.993,0.9945,0.9922,0.993,0.9945,0.0,0.0,0.0,0.0,0.0,0.0,0.999604,0.9996453333333334,0.999722,100,0.0,0.0,3
216,0.9923,0.9934000000000001,0.9945,0.9923,0.9934000000000001,0.9945,0.9923,0.9934000000000001,0.9945,0.0,0.0,0.0,0.0,0.0,0.0,0.99961,0.9996659999999999,0.999722,100,0.0,0.0,2
217,0.9922,0.993,0.9945,0.9922,0.993,0.9945,0.9922,0.993,0.9945,0.0,0.0,0.0,0.0,0.0,0.0,0.999604,0.9996453333333334,0.999722,100,0.0,0.0,3
218,0.9945,0.9945,0.9945,0.9945,0.9945,0.9945,0.9945,0.9945,0.9945,0.0,0.0,0.0,0.0,0.0,0.0,0.999722,0.999722,0.999722,100,0.0,0.0,1
219,0.9945,0.9945,0.9945,0.9945,0.9945,0.9945,0.9945,0.9945,0.9945,0.0,0.0,0.0,0.0,0.0,0.0,0.999722,0.999722,0.999722,100,0.0,0.0,1
220,0.7889,0.8693,0.9157,0.7889,0.8693,0.9157,0.7889,0.8693,0.9157,0.0,0.0,0.0,0.0,0.0,0.0,0.999389,0.9995853333333332,0.999709,100,0.0,0.0,3
221,0.7889,0.8693,0.9157,0.7889,0.8693,0.9157,0.7889,0.8693,0.9157,0.0,0.0,0.0,0.0,0.0,0.0,0.999389,0.9995853333333332,0.999709,100,0.0,0.0,3
222,0.9157,0.9157,0.9157,0.9157,0.9157,0.9157,0.9157,0.9157,0.9157,0.0,0.0,0.0,0.0,0.0,0.0,0.999709,0.999709,0.999709,100,0.0,0.0,1
223,0.9157,0.9157,0.9157,0.9157,0.9157,0.9157,0.9157,0.9157,0.9157,0.0,0.0,0.0,0.0,0.0,0.0,0.999709,0.999709,0.999709,100,0.0,0.0,1
224,0.984,0.984,0.984,0.984,0.984,0.984,0.984,0.984,0.984,0.0,0.0,0.0,0.0,0.0,0.0,0.999571,0.999571,0.999571,100,0.0,0.0,1
225,0.984,0.984,0.984,0.984,0.984,0.984,0.984,0.984,0.984,0.0,0.0,0.0,0.0,0.0,0.0,0.999571,0.999571,0.999571,100,0.0,0.0,1
226,0.984,0.984,0.984,0.984,0.984,0.984,0.984,0.984,0.984,0.0,0.0,0.0,0.0,0.0,0.0,0.999571,0.999571,0.999571,100,0.0,0.0,1
227,0.9445,0.9445,0.9445,0.9445,0.9445,0.9445,0.9445,0.9445,0.9445,0.0,0.0,0.0,0.0,0.0,0.0,0.999587,0.999587,0.999587,100,0.0,0.0,1
228,0.9445,0.9445,0.9445,0.9445,0.9445,0.9445,0.9445,0.9445,0.9445,0.0,0.0,0.0,0.0,0.0,0.0,0.999587,0.999587,0.999587,100,0.0,0.0,1
229,0.9445,0.9445,0.9445,0.9445,0.9445,0.9445,0.9445,0.9445,0.9445,0.0,0.0,0.0,0.0,0.0,0.0,0.999587,0.999587,0.999587,100,0.0,0.0,1
230,0.9445,0.9445,0.9445,0.9445,0.9445,0.9445,0.9445,0.9445,0.9445,0.0,0.0,0.0,0.0,0.0,0.0,0.999587,0.999587,0.999587,100,0.0,0.0,1
231,0.9445,0.9445,0.9445,0.9445,0.9445,0.9445,0.9445,0.9445,0.9445,0.0,0.0,0.0,0.0,0.0,0.0,0.999587,0.999587,0.999587,100,0.0,0.0,1
232,0.9825,0.9825,0.9825,0.9825,0.9825,0.9825,0.9825,0.9825,0.9825,0.0,0.0,0.0,0.0,0.0,0.0,0.997097,0.997097,0.997097,100,0.0,0.0,1
233,0.9825,0.9825,0.9825,0.9825,0.9825,0.9825,0.9825,0.9825,0.9825,0.0,0.0,0.0,0.0,0.0,0.0,0.997097,0.997097,0.997097,100,0.0,0.0,1
234,0.9825,0.9825,0.9825,0.9825,0.9825,0.9825,0.9825,0.9825,0.9825,0.0,0.0,0.0,0.0,0.0,0.0,0.997097,0.997097,0.997097,100,0.0,0.0,1
235,0.9825,0.9825,0.9825,0.9825,0.9825,0.9825,0.9825,0.9825,0.9825,0.0,0.0,0.0,0.0,0.0,0.0,0.997097,0.997097,0.997097,100,0.0,0.0,1
236,0.9825,0.9825,0.9825,0.9825,0.9825,0.9825,0.9825,0.9825,0.9825,0.0,0.0,0.0,0.0,0.0,0.0,0.997097,0.997097,0.997097,100,0.0,0.0,1
237,0.8273,0.8273,0.8273,0.8273,0.8273,0.8273,0.8273,0.8273,0.8273,0.0,0.0,0.0,0.0,0.0,0.0,0.99745,0.99745,0.99745,100,0.0,0.0,1
238,0.8273,0.8273,0.8273,0.8273,0.8273,0.8273,0.8273,0.8273,0.8273,0.0,0.0,0.0,0.0,0.0,0.0,0.99745,0.99745,0.99745,100,0.0,0.0,1
239,0.8134,0.8737166666666666,0.912,0.8134,0.8737166666666666,0.912,0.8134,0.8737166666666666,0.912,0.0,0.0,0.0,0.0,0.0,0.0,0.99745,0.9981559999999999,0.998881,100,0.0,0.0,6
240,0.8273,0.8273,0.8273,0.8273,0.8273,0.8273,0.8273,0.8273,0.8273,0.0,0.0,0.0,0.0,0.0,0.0,0.99745,0.99745,0.99745,100,0.0,0.0,1
241,0.5963,0.7118,0.8273,0.5963,0.7118,0.8273,0.5963,0.7118,0.8273,0.0,0.0,0.0,0.0,0.0,0.0,0.99745,0.9981154999999999,0.998781,100,0.0,0.0,2
242,0.996582,0.996582,0.996582,0.996582,0.996582,0.996582,0.996582,0.996582,0.996582,0.0,0.0,0.0,0.0,0.0,0.0,0.999524,0.999524,0.999524,100,0.0,0.0,1
243,0.996582,0.996582,0.996582,0.996582,0.996582,0.996582,0.996582,0.996582,0.996582,0.0,0.0,0.0,0.0,0.0,0.0,0.999524,0.999524,0.999524,100,0.0,0.0,1
244,0.996582,0.996582,0.996582,0.996582,0.996582,0.996582,0.996582,0.996582,0.996582,0.0,0.0,0.0,0.0,0.0,0.0,0.999524,0.999524,0.999524,100,0.0,0.0,1
245,0.996582,0.996582,0.996582,0.996582,0.996582,0.996582,0.996582,0.996582,0.996582,0.0,0.0,0.0,0.0,0.0,0.0,0.999524,0.999524,0.999524,100,0.0,0.0,1
246,0.996582,0.996582,0.996582,0.996582,0.996582,0.996582,0.996582,0.996582,0.996582,0.0,0.0,0.0,0.0,0.0,0.0,0.999524,0.999524,0.999524,100,0.0,0.0,1
247,0.672607,0.672607,0.672607,0.672607,0.672607,0.672607,0.672607,0.672607,0.672607,0.0,0.0,0.0,0.0,0.0,0.0,0.99964,0.99964,0.99964,100,0.0,0.0,1
248,0.5362,0.6044035,0.672607,0.5362,0.6044035,0.672607,0.5362,0.6044035,0.672607,0.0,0.0,0.0,0.0,0.0,0.0,0.999571,0.9996054999999999,0.99964,100,0.0,0.0,2
249,0.672607,0.672607,0.672607,0.672607,0.672607,0.672607,0.672607,0.672607,0.672607,0.0,0.0,0.0,0.0,0.0,0.0,0.99964,0.99964,0.99964,100,0.0,0.0,1
250,0.5362,0.6044035,0.672607,0.5362,0.6044035,0.672607,0.5362,0.6044035,0.672607,0.0,0.0,0.0,0.0,0.0,0.0,0.999571,0.9996054999999999,0.99964,100,0.0,0.0,2
251,0.5362,0.70817675,0.835,0.5362,0.70817675,0.835,0.5362,0.70817675,0.835,0.0,0.0,0.0,0.0,0.0,0.0,0.998846,0.9993614999999999,0.99964,100,0.0,0.0,4
252,0.9537,0.9537,0.9537,0.9537,0.9537,0.9537,0.9537,0.9537,0.9537,0.0,0.0,0.0,0.0,0.0,0.0,0.997151,0.997151,0.997151,100,0.0,0.0,1
253,0.9537,0.9537,0.9537,0.9537,0.9537,0.9537,0.9537,0.9537,0.9537,0.0,0.0,0.0,0.0,0.0,0.0,0.997151,0.997151,0.997151,100,0.0,0.0,1
254,0.9537,0.9537,0.9537,0.9537,0.9537,0.9537,0.9537,0.9537,0.9537,0.0,0.0,0.0,0.0,0.0,0.0,0.997151,0.997151,0.997151,100,0.0,0.0,1
255,0.9537,0.9537,0.9537,0.9537,0.9537,0.9537,0.9537,0.9537,0.9537,0.0,0.0,0.0,0.0,0.0,0.0,0.997151,0.997151,0.997151,100,0.0,0.0,1
256,0.9537,0.9537,0.9537,0.9537,0.9537,0.9537,0.9537,0.9537,0.9537,0.0,0.0,0.0,0.0,0.0,0.0,0.997151,0.997151,0.997151,100,0.0,0.0,1
257,0.9854,0.9902500000000001,0.9951,0.9854,0.9902500000000001,0.9951,0.9854,0.9902500000000001,0.9951,0.0,0.0,0.0,0.0,0.0,0.0,0.9994,0.999598,0.999796,100,0.0,0.0,2
258,0.9854,0.9902500000000001,0.9951,0.9854,0.9902500000000001,0.9951,0.9854,0.9902500000000001,0.9951,0.0,0.0,0.0,0.0,0.0,0.0,0.9994,0.999598,0.999796,100,0.0,0.0,2
259,0.9854,0.9902500000000001,0.9951,0.9854,0.9902500000000001,0.9951,0.9854,0.9902500000000001,0.9951,0.0,0.0,0.0,0.0,0.0,0.0,0.9994,0.999598,0.999796,100,0.0,0.0,2
260,0.9951,0.9951,0.9951,0.9951,0.9951,0.9951,0.9951,0.9951,0.9951,0.0,0.0,0.0,0.0,0.0,0.0,0.999796,0.999796,0.999796,100,0.0,0.0,1
261,0.9951,0.9951,0.9951,0.9951,0.9951,0.9951,0.9951,0.9951,0.9951,0.0,0.0,0.0,0.0,0.0,0.0,0.999796,0.999796,0.999796,100,0.0,0.0,1
262,0.998291,0.998291,0.998291,0.998291,0.998291,0.998291,0.998291,0.998291,0.998291,0.0,0.0,0.0,0.0,0.0,0.0,0.999638,0.999638,0.999638,100,0.0,0.0,1
263,0.998291,0.998291,0.998291,0.998291,0.998291,0.998291,0.998291,0.998291,0.998291,0.0,0.0,0.0,0.0,0.0,0.0,0.999638,0.999638,0.999638,100,0.0,0.0,1
264,0.998291,0.998291,0.998291,0.998291,0.998291,0.998291,0.998291,0.998291,0.998291,0.0,0.0,0.0,0.0,0.0,0.0,0.999638,0.999638,0.999638,100,0.0,0.0,1
265,0.998291,0.998291,0.998291,0.998291,0.998291,0.998291,0.998291,0.998291,0.998291,0.0,0.0,0.0,0.0,0.0,0.0,0.999638,0.999638,0.999638,100,0.0,0.0,1
266,0.998291,0.998291,0.998291,0.998291,0.998291,0.998291,0.998291,0.998291,0.998291,0.0,0.0,0.0,0.0,0.0,0.0,0.999638,0.999638,0.999638,100,0.0,0.0,1
267,0.503174,0.7479370000000001,0.9927,0.503174,0.7479370000000001,0.9927,0.503174,0.7479370000000001,0.9927,0.0,0.0,0.0,0.0,0.0,0.0,0.999861,0.9998754999999999,0.99989,100,0.0,0.0,2
268,0.503174,0.503174,0.503174,0.503174,0.503174,0.503174,0.503174,0.503174,0.503174,0.0,0.0,0.0,0.0,0.0,0.0,0.999861,0.999861,0.999861,100,0.0,0.0,1
269,0.503174,0.503174,0.503174,0.503174,0.503174,0.503174,0.503174,0.503174,0.503174,0.0,0.0,0.0,0.0,0.0,0.0,0.999861,0.999861,0.999861,100,0.0,0.0,1
270,0.503174,0.503174,0.503174,0.503174,0.503174,0.503174,0.503174,0.503174,0.503174,0.0,0.0,0.0,0.0,0.0,0.0,0.999861,0.999861,0.999861,100,0.0,0.0,1
271,0.503174,0.503174,0.503174,0.503174,0.503174,0.503174,0.503174,0.503174,0.503174,0.0,0.0,0.0,0.0,0.0,0.0,0.999861,0.999861,0.999861,100,0.0,0.0,1
272,0.503174,0.503174,0.503174,0.503174,0.503174,0.503174,0.503174,0.503174,0.503174,0.0,0.0,0.0,0.0,0.0,0.0,0.999861,0.999861,0.999861,100,0.0,0.0,1
273,0.9957,0.9957,0.9957,0.9957,0.9957,0.9957,0.9957,0.9957,0.9957,0.0,0.0,0.0,0.0,0.0,0.0,0.999802,0.999802,0.999802,100,0.0,0.0,1
274,0.9957,0.9957,0.9957,0.9957,0.9957,0.9957,0.9957,0.9957,0.9957,0.0,0.0,0.0,0.0,0.0,0.0,0.999802,0.999802,0.999802,100,0.0,0.0,1
275,0.9957,0.9957,0.9957,0.9957,0.9957,0.9957,0.9957,0.9957,0.9957,0.0,0.0,0.0,0.0,0.0,0.0,0.999802,0.999802,0.999802,100,0.0,0.0,1
276,0.9957,0.9957,0.9957,0.9957,0.9957,0.9957,0.9957,0.9957,0.9957,0.0,0.0,0.0,0.0,0.0,0.0,0.999802,0.999802,0.999802,100,0.0,0.0,1
277,0.9957,0.9957,0.9957,0.9957,0.9957,0.9957,0.9957,0.9957,0.9957,0.0,0.0,0.0,0.0,0.0,0.0,0.999802,0.999802,0.999802,100,0.0,0.0,1
278,0.5795,0.5795,0.5795,0.5795,0.5795,0.5795,0.5795,0.5795,0.5795,0.0,0.0,0.0,0.0,0.0,0.0,0.998978,0.998978,0.998978,100,0.0,0.0,1
279,0.5795,0.5795,0.5795,0.5795,0.5795,0.5795,0.5795,0.5795,0.5795,0.0,0.0,0.0,0.0,0.0,0.0,0.998978,0.998978,0.998978,100,0.0,0.0,1
280,0.5795,0.5795,0.5795,0.5795,0.5795,0.5795,0.5795,0.5795,0.5795,0.0,0.0,0.0,0.0,0.0,0.0,0.998978,0.998978,0.998978,100,0.0,0.0,1
281,0.5795,0.5795,0.5795,0.5795,0.5795,0.5795,0.5795,0.5795,0.5795,0.0,0.0,0.0,0.0,0.0,0.0,0.998978,0.998978,0.998978,100,0.0,0.0,1
282,0.5795,0.5795,0.5795,0.5795,0.5795,0.5795,0.5795,0.5795,0.5795,0.0,0.0,0.0,0.0,0.0,0.0,0.998978,0.998978,0.998978,100,0.0,0.0,1
283,0.5362,0.5362,0.5362,0.5362,0.5362,0.5362,0.5362,0.5362,0.5362,0.0,0.0,0.0,0.0,0.0,0.0,0.999571,0.999571,0.999571,100,0.0,0.0,1
284,0.5362,0.5362,0.5362,0.5362,0.5362,0.5362,0.5362,0.5362,0.5362,0.0,0.0,0.0,0.0,0.0,0.0,0.999571,0.999571,0.999571,100,0.0,0.0,1
285,0.9833,0.9833,0.9833,0.9833,0.9833,0.9833,0.9833,0.9833,0.9833,0.0,0.0,0.0,0.0,0.0,0.0,0.999558,0.999558,0.999558,100,0.0,0.0,1
286,0.9833,0.9833,0.9833,0.9833,0.9833,0.9833,0.9833,0.9833,0.9833,0.0,0.0,0.0,0.0,0.0,0.0,0.999558,0.999558,0.999558,100,0.0,0.0,1
287,0.8134,0.9029333333333334,0.9834,0.8134,0.9029333333333334,0.9834,0.8134,0.9029333333333334,0.9834,0.0,0.0,0.0,0.0,0.0,0.0,0.997511,0.9986386666666668,0.999729,100,0.0,0.0,3
288,0.9834,0.9834,0.9834,0.9834,0.9834,0.9834,0.9834,0.9834,0.9834,0.0,0.0,0.0,0.0,0.0,0.0,0.999729,0.999729,0.999729,100,0.0,0.0,1
289,0.9786,0.9810000000000001,0.9834,0.9786,0.9810000000000001,0.9834,0.9786,0.9810000000000001,0.9834,0.0,0.0,0.0,0.0,0.0,0.0,0.999532,0.9996305,0.999729,100,0.0,0.0,2
290,0.9425,0.9425,0.9425,0.9425,0.9425,0.9425,0.9425,0.9425,0.9425,0.0,0.0,0.0,0.0,0.0,0.0,0.998982,0.998982,0.998982,100,0.0,0.0,1
291,0.9425,0.9425,0.9425,0.9425,0.9425,0.9425,0.9425,0.9425,0.9425,0.0,0.0,0.0,0.0,0.0,0.0,0.998982,0.998982,0.998982,100,0.0,0.0,1
292,0.9425,0.9425,0.9425,0.9425,0.9425,0.9425,0.9425,0.9425,0.9425,0.0,0.0,0.0,0.0,0.0,0.0,0.998982,0.998982,0.998982,100,0.0,0.0,1
293,0.9425,0.9425,0.9425,0.9425,0.9425,0.9425,0.9425,0.9425,0.9425,0.0,0.0,0.0,0.0,0.0,0.0,0.998982,0.998982,0.998982,100,0.0,0.0,1
294,0.9425,0.9425,0.9425,0.9425,0.9425,0.9425,0.9425,0.9425,0.9425,0.0,0.0,0.0,0.0,0.0,0.0,0.998982,0.998982,0.998982,100,0.0,0.0,1
295,0.5963,0.808,0.9036,0.5963,0.808,0.9036,0.5963,0.808,0.9036,0.0,0.0,0.0,0.0,0.0,0.0,0.998781,0.998831,0.998881,100,0.0,0.0,4
296,0.835,0.835,0.835,0.835,0.835,0.835,0.835,0.835,0.835,0.0,0.0,0.0,0.0,0.0,0.0,0.998846,0.998846,0.998846,100,0.0,0.0,1
297,0.835,0.835,0.835,0.835,0.835,0.835,0.835,0.835,0.835,0.0,0.0,0.0,0.0,0.0,0.0,0.998846,0.998846,0.998846,100,0.0,0.0,1
298,0.983333,0.983333,0.983333,0.983333,0.983333,0.983333,0.983333,0.983333,0.983333,0.0,0.0,0.0,0.0,0.0,0.0,0.998724,0.998724,0.998724,100,0.0,0.0,1
299,0.526123,0.7547280000000001,0.983333,0.526123,0.7547280000000001,0.983333,0.526123,0.7547280000000001,0.983333,0.0,0.0,0.0,0.0,0.0,0.0,0.981302,0.990013,0.998724,100,0.0,0.0,2
300,0.983333,0.983333,0.983333,0.983333,0.983333,0.983333,0.983333,0.983333,0.983333,0.0,0.0,0.0,0.0,0.0,0.0,0.998724,0.998724,0.998724,100,0.0,0.0,1
301,0.983333,0.983333,0.983333,0.983333,0.983333,0.983333,0.983333,0.983333,0.983333,0.0,0.0,0.0,0.0,0.0,0.0,0.998724,0.998724,0.998724,100,0.0,0.0,1
302,0.983333,0.983333,0.983333,0.983333,0.983333,0.983333,0.983333,0.983333,0.983333,0.0,0.0,0.0,0.0,0.0,0.0,0.998724,0.998724,0.998724,100,0.0,0.0,1
303,0.997314,0.997314,0.997314,0.997314,0.997314,0.997314,0.997314,0.997314,0.997314,0.0,0.0,0.0,0.0,0.0,0.0,0.999126,0.999126,0.999126,100,0.0,0.0,1
304,0.997314,0.997314,0.997314,0.997314,0.997314,0.997314,0.997314,0.997314,0.997314,0.0,0.0,0.0,0.0,0.0,0.0,0.999126,0.999126,0.999126,100,0.0,0.0,1
305,0.997314,0.997314,0.997314,0.997314,0.997314,0.997314,0.997314,0.997314,0.997314,0.0,0.0,0.0,0.0,0.0,0.0,0.999126,0.999126,0.999126,100,0.0,0.0,1
306,0.997314,0.997314,0.997314,0.997314,0.997314,0.997314,0.997314,0.997314,0.997314,0.0,0.0,0.0,0.0,0.0,0.0,0.999126,0.999126,0.999126,100,0.0,0.0,1
307,0.997314,0.997314,0.997314,0.997314,0.997314,0.997314,0.997314,0.997314,0.997314,0.0,0.0,0.0,0.0,0.0,0.0,0.999126,0.999126,0.999126,100,0.0,0.0,1
308,0.526123,0.526123,0.526123,0.526123,0.526123,0.526123,0.526123,0.526123,0.526123,0.0,0.0,0.0,0.0,0.0,0.0,0.981302,0.981302,0.981302,100,0.0,0.0,1
309,0.526123,0.526123,0.526123,0.526123,0.526123,0.526123,0.526123,0.526123,0.526123,0.0,0.0,0.0,0.0,0.0,0.0,0.981302,0.981302,0.981302,100,0.0,0.0,1
310,0.526123,0.526123,0.526123,0.526123,0.526123,0.526123,0.526123,0.526123,0.526123,0.0,0.0,0.0,0.0,0.0,0.0,0.981302,0.981302,0.981302,100,0.0,0.0,1
311,0.526123,0.526123,0.526123,0.526123,0.526123,0.526123,0.526123,0.526123,0.526123,0.0,0.0,0.0,0.0,0.0,0.0,0.981302,0.981302,0.981302,100,0.0,0.0,1
312,0.526123,0.526123,0.526123,0.526123,0.526123,0.526123,0.526123,0.526123,0.526123,0.0,0.0,0.0,0.0,0.0,0.0,0.981302,0.981302,0.981302,100,0.0,0.0,1
313,0.9735,0.9735,0.9735,0.9735,0.9735,0.9735,0.9735,0.9735,0.9735,0.0,0.0,0.0,0.0,0.0,0.0,0.999372,0.999372,0.999372,100,0.0,0.0,1
314,0.9735,0.97505,0.9766,0.9735,0.97505,0.9766,0.9735,0.97505,0.9766,0.0,0.0,0.0,0.0,0.0,0.0,0.999372,0.9994485,0.999525,100,0.0,0.0,2
315,0.8134,0.8134,0.8134,0.8134,0.8134,0.8134,0.8134,0.8134,0.8134,0.0,0.0,0.0,0.0,0.0,0.0,0.997511,0.997511,0.997511,100,0.0,0.0,1
316,0.5963,0.73895,0.8816,0.5963,0.73895,0.8816,0.5963,0.73895,0.8816,0.0,0.0,0.0,0.0,0.0,0.0,0.998781,0.9991125000000001,0.999444,100,0.0,0.0,2
317,0.5963,0.5963,0.5963,0.5963,0.5963,0.5963,0.5963,0.5963,0.5963,0.0,0.0,0.0,0.0,0.0,0.0,0.998781,0.998781,0.998781,100,0.0,0.0,1
318,0.5963,0.5963,0.5963,0.5963,0.5963,0.5963,0.5963,0.5963,0.5963,0.0,0.0,0.0,0.0,0.0,0.0,0.998781,0.998781,0.998781,100,0.0,0.0,1
319,0.9937,0.9937,0.9937,0.9937,0.9937,0.9937,0.9937,0.9937,0.9937,0.0,0.0,0.0,0.0,0.0,0.0,0.999506,0.999506,0.999506,100,0.0,0.0,1
320,0.9937,0.9937,0.9937,0.9937,0.9937,0.9937,0.9937,0.9937,0.9937,0.0,0.0,0.0,0.0,0.0,0.0,0.999506,0.999506,0.999506,100,0.0,0.0,1
321,0.8971,0.9237666666666667,0.9706,0.8971,0.9237666666666667,0.9706,0.8971,0.9237666666666667,0.9706,0.0,0.0,0.0,0.0,0.0,0.0,0.998816,0.9991063333333333,0.999622,100,0.0,0.0,3
322,0.8971,0.90035,0.9036,0.8971,0.90035,0.9036,0.8971,0.90035,0.9036,0.0,0.0,0.0,0.0,0.0,0.0,0.998816,0.9988485,0.998881,100,0.0,0.0,2
323,0.9036,0.9036,0.9036,0.9036,0.9036,0.9036,0.9036,0.9036,0.9036,0.0,0.0,0.0,0.0,0.0,0.0,0.998881,0.998881,0.998881,100,0.0,0.0,1
324,0.9036,0.9036,0.9036,0.9036,0.9036,0.9036,0.9036,0.9036,0.9036,0.0,0.0,0.0,0.0,0.0,0.0,0.998881,0.998881,0.998881,100,0.0,0.0,1
325,0.9786,0.9821,0.9856,0.9786,0.9821,0.9856,0.9786,0.9821,0.9856,0.0,0.0,0.0,0.0,0.0,0.0,0.999532,0.9996069999999999,0.999682,100,0.0,0.0,2
326,0.9856,0.9856,0.9856,0.9856,0.9856,0.9856,0.9856,0.9856,0.9856,0.0,0.0,0.0,0.0,0.0,0.0,0.999682,0.999682,0.999682,100,0.0,0.0,1
327,0.9856,0.9856,0.9856,0.9856,0.9856,0.9856,0.9856,0.9856,0.9856,0.0,0.0,0.0,0.0,0.0,0.0,0.999682,0.999682,0.999682,100,0.0,0.0,1
328,0.9929,0.9929,0.9929,0.9929,0.9929,0.9929,0.9929,0.9929,0.9929,0.0,0.0,0.0,0.0,0.0,0.0,0.999759,0.999759,0.999759,100,0.0,0.0,1
329,0.9929,0.9929,0.9929,0.9929,0.9929,0.9929,0.9929,0.9929,0.9929,0.0,0.0,0.0,0.0,0.0,0.0,0.999759,0.999759,0.999759,100,0.0,0.0,1
330,0.9033,0.9033,0.9033,0.9033,0.9033,0.9033,0.9033,0.9033,0.9033,0.0,0.0,0.0,0.0,0.0,0.0,0.999658,0.999658,0.999658,100,0.0,0.0,1
331,0.987,0.987,0.987,0.987,0.987,0.987,0.987,0.987,0.987,0.0,0.0,0.0,0.0,0.0,0.0,0.99967,0.99967,0.99967,100,0.0,0.0,1
332,0.987,0.987,0.987,0.987,0.987,0.987,0.987,0.987,0.987,0.0,0.0,0.0,0.0,0.0,0.0,0.99967,0.99967,0.99967,100,0.0,0.0,1
333,0.987,0.987,0.987,0.987,0.987,0.987,0.987,0.987,0.987,0.0,0.0,0.0,0.0,0.0,0.0,0.99967,0.99967,0.99967,100,0.0,0.0,1
334,0.987,0.987,0.987,0.987,0.987,0.987,0.987,0.987,0.987,0.0,0.0,0.0,0.0,0.0,0.0,0.99967,0.99967,0.99967,100,0.0,0.0,1
335,0.987,0.987,0.987,0.987,0.987,0.987,0.987,0.987,0.987,0.0,0.0,0.0,0.0,0.0,0.0,0.99967,0.99967,0.99967,100,0.0,0.0,1
336,0.6772,0.788,0.8988,0.6772,0.788,0.8988,0.6772,0.788,0.8988,0.0,0.0,0.0,0.0,0.0,0.0,0.999331,0.9995324999999999,0.999734,100,0.0,0.0,2
337,0.6772,0.788,0.8988,0.6772,0.788,0.8988,0.6772,0.788,0.8988,0.0,0.0,0.0,0.0,0.0,0.0,0.999331,0.9995324999999999,0.999734,100,0.0,0.0,2
338,0.8988,0.8988,0.8988,0.8988,0.8988,0.8988,0.8988,0.8988,0.8988,0.0,0.0,0.0,0.0,0.0,0.0,0.999734,0.999734,0.999734,100,0.0,0.0,1
339,0.8816,0.8902000000000001,0.8988,0.8816,0.8902000000000001,0.8988,0.8816,0.8902000000000001,0.8988,0.0,0.0,0.0,0.0,0.0,0.0,0.999444,0.9995890000000001,0.999734,100,0.0,0.0,2
340,0.942,0.942,0.942,0.942,0.942,0.942,0.942,0.942,0.942,0.0,0.0,0.0,0.0,0.0,0.0,0.999405,0.999405,0.999405,100,0.0,0.0,1
341,0.9817,0.9817,0.9817,0.9817,0.9817,0.9817,0.9817,0.9817,0.9817,0.0,0.0,0.0,0.0,0.0,0.0,0.999203,0.999203,0.999203,100,0.0,0.0,1
342,0.9817,0.9817,0.9817,0.9817,0.9817,0.9817,0.9817,0.9817,0.9817,0.0,0.0,0.0,0.0,0.0,0.0,0.999203,0.999203,0.999203,100,0.0,0.0,1
343,0.9817,0.9817,0.9817,0.9817,0.9817,0.9817,0.9817,0.9817,0.9817,0.0,0.0,0.0,0.0,0.0,0.0,0.999203,0.999203,0.999203,100,0.0,0.0,1
344,0.9817,0.9817,0.9817,0.9817,0.9817,0.9817,0.9817,0.9817,0.9817,0.0,0.0,0.0,0.0,0.0,0.0,0.999203,0.999203,0.999203,100,0.0,0.0,1
345,0.9817,0.9817,0.9817,0.9817,0.9817,0.9817,0.9817,0.9817,0.9817,0.0,0.0,0.0,0.0,0.0,0.0,0.999203,0.999203,0.999203,100,0.0,0.0,1
346,0.5613,0.5613,0.5613,0.5613,0.5613,0.5613,0.5613,0.5613,0.5613,0.0,0.0,0.0,0.0,0.0,0.0,0.930751,0.930751,0.930751,100,0.0,0.0,1
347,0.5613,0.5613,0.5613,0.5613,0.5613,0.5613,0.5613,0.5613,0.5613,0.0,0.0,0.0,0.0,0.0,0.0,0.930751,0.930751,0.930751,100,0.0,0.0,1
348,0.5613,0.5613,0.5613,0.5613,0.5613,0.5613,0.5613,0.5613,0.5613,0.0,0.0,0.0,0.0,0.0,0.0,0.930751,0.930751,0.930751,100,0.0,0.0,1
349,0.5613,0.5613,0.5613,0.5613,0.5613,0.5613,0.5613,0.5613,0.5613,0.0,0.0,0.0,0.0,0.0,0.0,0.930751,0.930751,0.930751,100,0.0,0.0,1
350,0.5613,0.5613,0.5613,0.5613,0.5613,0.5613,0.5613,0.5613,0.5613,0.0,0.0,0.0,0.0,0.0,0.0,0.930751,0.930751,0.930751,100,0.0,0.0,1
351,0.5613,0.5613,0.5613,0.5613,0.5613,0.5613,0.5613,0.5613,0.5613,0.0,0.0,0.0,0.0,0.0,0.0,0.930751,0.930751,0.930751,100,0.0,0.0,1
352,0.9964,0.9964,0.9964,0.9964,0.9964,0.9964,0.9964,0.9964,0.9964,0.0,0.0,0.0,0.0,0.0,0.0,0.999795,0.999795,0.999795,100,0.0,0.0,1
353,0.9964,0.9964,0.9964,0.9964,0.9964,0.9964,0.9964,0.9964,0.9964,0.0,0.0,0.0,0.0,0.0,0.0,0.999795,0.999795,0.999795,100,0.0,0.0,1
354,0.9922,0.99225,0.9923,0.9922,0.99225,0.9923,0.9922,0.99225,0.9923,0.0,0.0,0.0,0.0,0.0,0.0,0.999604,0.999607,0.99961,100,0.0,0.0,2
355,0.9923,0.9923,0.9923,0.9923,0.9923,0.9923,0.9923,0.9923,0.9923,0.0,0.0,0.0,0.0,0.0,0.0,0.99961,0.99961,0.99961,100,0.0,0.0,1
356,0.9706,0.9706,0.9706,0.9706,0.9706,0.9706,0.9706,0.9706,0.9706,0.0,0.0,0.0,0.0,0.0,0.0,0.999622,0.999622,0.999622,100,0.0,0.0,1
357,0.9706,0.9706,0.9706,0.9706,0.9706,0.9706,0.9706,0.9706,0.9706,0.0,0.0,0.0,0.0,0.0,0.0,0.999622,0.999622,0.999622,100,0.0,0.0,1
358,0.9706,0.9706,0.9706,0.9706,0.9706,0.9706,0.9706,0.9706,0.9706,0.0,0.0,0.0,0.0,0.0,0.0,0.999622,0.999622,0.999622,100,0.0,0.0,1
359,0.9706,0.9706,0.9706,0.9706,0.9706,0.9706,0.9706,0.9706,0.9706,0.0,0.0,0.0,0.0,0.0,0.0,0.999622,0.999622,0.999622,100,0.0,0.0,1
360,0.9848,0.9848,0.9848,0.9848,0.9848,0.9848,0.9848,0.9848,0.9848,0.0,0.0,0.0,0.0,0.0,0.0,0.999548,0.999548,0.999548,100,0.0,0.0,1
361,0.9848,0.9848,0.9848,0.9848,0.9848,0.9848,0.9848,0.9848,0.9848,0.0,0.0,0.0,0.0,0.0,0.0,0.999548,0.999548,0.999548,100,0.0,0.0,1
362,0.9848,0.9848,0.9848,0.9848,0.9848,0.9848,0.9848,0.9848,0.9848,0.0,0.0,0.0,0.0,0.0,0.0,0.999548,0.999548,0.999548,100,0.0,0.0,1
363,0.9848,0.9848,0.9848,0.9848,0.9848,0.9848,0.9848,0.9848,0.9848,0.0,0.0,0.0,0.0,0.0,0.0,0.999548,0.999548,0.999548,100,0.0,0.0,1
364,0.9848,0.9848,0.9848,0.9848,0.9848,0.9848,0.9848,0.9848,0.9848,0.0,0.0,0.0,0.0,0.0,0.0,0.999548,0.999548,0.999548,100,0.0,0.0,1
365,0.9454,0.9454,0.9454,0.9454,0.9454,0.9454,0.9454,0.9454,0.9454,0.0,0.0,0.0,0.0,0.0,0.0,0.999411,0.999411,0.999411,100,0.0,0.0,1
366,0.9454,0.9454,0.9454,0.9454,0.9454,0.9454,0.9454,0.9454,0.9454,0.0,0.0,0.0,0.0,0.0,0.0,0.999411,0.999411,0.999411,100,0.0,0.0,1
367,0.7889,0.7889,0.7889,0.7889,0.7889,0.7889,0.7889,0.7889,0.7889,0.0,0.0,0.0,0.0,0.0,0.0,0.999389,0.999389,0.999389,100,0.0,0.0,1
368,0.7889,0.7889,0.7889,0.7889,0.7889,0.7889,0.7889,0.7889,0.7889,0.0,0.0,0.0,0.0,0.0,0.0,0.999389,0.999389,0.999389,100,0.0,0.0,1
369,0.9931,0.9931,0.9931,0.9931,0.9931,0.9931,0.9931,0.9931,0.9931,0.0,0.0,0.0,0.0,0.0,0.0,0.999513,0.999513,0.999513,100,0.0,0.0,1
370,0.9931,0.9931,0.9931,0.9931,0.9931,0.9931,0.9931,0.9931,0.9931,0.0,0.0,0.0,0.0,0.0,0.0,0.999513,0.999513,0.999513,100,0.0,0.0,1
371,0.9931,0.9931,0.9931,0.9931,0.9931,0.9931,0.9931,0.9931,0.9931,0.0,0.0,0.0,0.0,0.0,0.0,0.999513,0.999513,0.999513,100,0.0,0.0,1
372,0.9931,0.9931,0.9931,0.9931,0.9931,0.9931,0.9931,0.9931,0.9931,0.0,0.0,0.0,0.0,0.0,0.0,0.999513,0.999513,0.999513,100,0.0,0.0,1
373,0.9931,0.9931,0.9931,0.9931,0.9931,0.9931,0.9931,0.9931,0.9931,0.0,0.0,0.0,0.0,0.0,0.0,0.999513,0.999513,0.999513,100,0.0,0.0,1
374,0.9569,0.9569,0.9569,0.9569,0.9569,0.9569,0.9569,0.9569,0.9569,0.0,0.0,0.0,0.0,0.0,0.0,0.999203,0.999203,0.999203,100,0.0,0.0,1
375,0.9569,0.9569,0.9569,0.9569,0.9569,0.9569,0.9569,0.9569,0.9569,0.0,0.0,0.0,0.0,0.0,0.0,0.999203,0.999203,0.999203,100,0.0,0.0,1
376,0.9805,0.9856,0.9907,0.9805,0.9856,0.9907,0.9805,0.9856,0.9907,0.0,0.0,0.0,0.0,0.0,0.0,0.999404,0.9995565,0.999709,100,0.0,0.0,2
377,0.9805,0.9805,0.9805,0.9805,0.9805,0.9805,0.9805,0.9805,0.9805,0.0,0.0,0.0,0.0,0.0,0.0,0.999404,0.999404,0.999404,100,0.0,0.0,1
378,0.9805,0.9856,0.9907,0.9805,0.9856,0.9907,0.9805,0.9856,0.9907,0.0,0.0,0.0,0.0,0.0,0.0,0.999404,0.9995565,0.999709,100,0.0,0.0,2
379,0.9805,0.9805,0.9805,0.9805,0.9805,0.9805,0.9805,0.9805,0.9805,0.0,0.0,0.0,0.0,0.0,0.0,0.999404,0.999404,0.999404,100,0.0,0.0,1
380,0.9805,0.9805,0.9805,0.9805,0.9805,0.9805,0.9805,0.9805,0.9805,0.0,0.0,0.0,0.0,0.0,0.0,0.999404,0.999404,0.999404,100,0.0,0.0,1
381,0.827,0.827,0.827,0.827,0.827,0.827,0.827,0.827,0.827,0.0,0.0,0.0,0.0,0.0,0.0,0.978034,0.978034,0.978034,100,0.0,0.0,1
382,0.827,0.827,0.827,0.827,0.827,0.827,0.827,0.827,0.827,0.0,0.0,0.0,0.0,0.0,0.0,0.978034,0.978034,0.978034,100,0.0,0.0,1
383,0.827,0.827,0.827,0.827,0.827,0.827,0.827,0.827,0.827,0.0,0.0,0.0,0.0,0.0,0.0,0.978034,0.978034,0.978034,100,0.0,0.0,1
384,0.827,0.827,0.827,0.827,0.827,0.827,0.827,0.827,0.827,0.0,0.0,0.0,0.0,0.0,0.0,0.978034,0.978034,0.978034,100,0.0,0.0,1
385,0.827,0.827,0.827,0.827,0.827,0.827,0.827,0.827,0.827,0.0,0.0,0.0,0.0,0.0,0.0,0.978034,0.978034,0.978034,100,0.0,0.0,1
386,0.827,0.827,0.827,0.827,0.827,0.827,0.827,0.827,0.827,0.0,0.0,0.0,0.0,0.0,0.0,0.978034,0.978034,0.978034,100,0.0,0.0,1
387,0.979,0.979,0.979,0.979,0.979,0.979,0.979,0.979,0.979,0.0,0.0,0.0,0.0,0.0,0.0,0.99784,0.99784,0.99784,100,0.0,0.0,1
388,0.979,0.979,0.979,0.979,0.979,0.979,0.979,0.979,0.979,0.0,0.0,0.0,0.0,0.0,0.0,0.99784,0.99784,0.99784,100,0.0,0.0,1
389,0.979,0.979,0.979,0.979,0.979,0.979,0.979,0.979,0.979,0.0,0.0,0.0,0.0,0.0,0.0,0.99784,0.99784,0.99784,100,0.0,0.0,1
390,0.979,0.979,0.979,0.979,0.979,0.979,0.979,0.979,0.979,0.0,0.0,0.0,0.0,0.0,0.0,0.99784,0.99784,0.99784,100,0.0,0.0,1
391,0.979,0.979,0.979,0.979,0.979,0.979,0.979,0.979,0.979,0.0,0.0,0.0,0.0,0.0,0.0,0.99784,0.99784,0.99784,100,0.0,0.0,1
392,0.979,0.979,0.979,0.979,0.979,0.979,0.979,0.979,0.979,0.0,0.0,0.0,0.0,0.0,0.0,0.99784,0.99784,0.99784,100,0.0,0.0,1
393,0.8971,0.8971,0.8971,0.8971,0.8971,0.8971,0.8971,0.8971,0.8971,0.0,0.0,0.0,0.0,0.0,0.0,0.998816,0.998816,0.998816,100,0.0,0.0,1
394,0.8971,0.8971,0.8971,0.8971,0.8971,0.8971,0.8971,0.8971,0.8971,0.0,0.0,0.0,0.0,0.0,0.0,0.998816,0.998816,0.998816,100,0.0,0.0,1
395,0.9927,0.9927,0.9927,0.9927,0.9927,0.9927,0.9927,0.9927,0.9927,0.0,0.0,0.0,0.0,0.0,0.0,0.99989,0.99989,0.99989,100,0.0,0.0,1
396,0.9927,0.9927,0.9927,0.9927,0.9927,0.9927,0.9927,0.9927,0.9927,0.0,0.0,0.0,0.0,0.0,0.0,0.99989,0.99989,0.99989,100,0.0,0.0,1
397,0.9927,0.9927,0.9927,0.9927,0.9927,0.9927,0.9927,0.9927,0.9927,0.0,0.0,0.0,0.0,0.0,0.0,0.99989,0.99989,0.99989,100,0.0,0.0,1
398,0.9927,0.9927,0.9927,0.9927,0.9927,0.9927,0.9927,0.9927,0.9927,0.0,0.0,0.0,0.0,0.0,0.0,0.99989,0.99989,0.99989,100,0.0,0.0,1
399,0.978,0.978,0.978,0.978,0.978,0.978,0.978,0.978,0.978,0.0,0.0,0.0,0.0,0.0,0.0,0.996524,0.996524,0.996524,100,0.0,0.0,1
400,0.978,0.978,0.978,0.978,0.978,0.978,0.978,0.978,0.978,0.0,0.0,0.0,0.0,0.0,0.0,0.996524,0.996524,0.996524,100,0.0,0.0,1
401,0.978,0.978,0.978,0.978,0.978,0.978,0.978,0.978,0.978,0.0,0.0,0.0,0.0,0.0,0.0,0.996524,0.996524,0.996524,100,0.0,0.0,1
402,0.978,0.978,0.978,0.978,0.978,0.978,0.978,0.978,0.978,0.0,0.0,0.0,0.0,0.0,0.0,0.996524,0.996524,0.996524,100,0.0,0.0,1
403,0.978,0.978,0.978,0.978,0.978,0.978,0.978,0.978,0.978,0.0,0.0,0.0,0.0,0.0,0.0,0.996524,0.996524,0.996524,100,0.0,0.0,1
404,0.978,0.978,0.978,0.978,0.978,0.978,0.978,0.978,0.978,0.0,0.0,0.0,0.0,0.0,0.0,0.996524,0.996524,0.996524,100,0.0,0.0,1
405,0.8889,0.8889,0.8889,0.8889,0.8889,0.8889,0.8889,0.8889,0.8889,0.0,0.0,0.0,0.0,0.0,0.0,0.997602,0.997602,0.997602,100,0.0,0.0,1
406,0.8889,0.8889,0.8889,0.8889,0.8889,0.8889,0.8889,0.8889,0.8889,0.0,0.0,0.0,0.0,0.0,0.0,0.997602,0.997602,0.997602,100,0.0,0.0,1
407,0.99,0.99,0.99,0.99,0.99,0.99,0.99,0.99,0.99,0.0,0.0,0.0,0.0,0.0,0.0,0.997569,0.997569,0.997569,100,0.0,0.0,1
408,0.99,0.99,0.99,0.99,0.99,0.99,0.99,0.99,0.99,0.0,0.0,0.0,0.0,0.0,0.0,0.997569,0.997569,0.997569,100,0.0,0.0,1
409,0.99,0.99,0.99,0.99,0.99,0.99,0.99,0.99,0.99,0.0,0.0,0.0,0.0,0.0,0.0,0.997569,0.997569,0.997569,100,0.0,0.0,1
410,0.99,0.99,0.99,0.99,0.99,0.99,0.99,0.99,0.99,0.0,0.0,0.0,0.0,0.0,0.0,0.997569,0.997569,0.997569,100,0.0,0.0,1
411,0.99,0.99,0.99,0.99,0.99,0.99,0.99,0.99,0.99,0.0,0.0,0.0,0.0,0.0,0.0,0.997569,0.997569,0.997569,100,0.0,0.0,1
412,0.5975,0.5975,0.5975,0.5975,0.5975,0.5975,0.5975,0.5975,0.5975,0.0,0.0,0.0,0.0,0.0,0.0,0.990412,0.990412,0.990412,100,0.0,0.0,1
413,0.5975,0.5975,0.5975,0.5975,0.5975,0.5975,0.5975,0.5975,0.5975,0.0,0.0,0.0,0.0,0.0,0.0,0.990412,0.990412,0.990412,100,0.0,0.0,1
414,0.5975,0.5975,0.5975,0.5975,0.5975,0.5975,0.5975,0.5975,0.5975,0.0,0.0,0.0,0.0,0.0,0.0,0.990412,0.990412,0.990412,100,0.0,0.0,1
415,0.5975,0.5975,0.5975,0.5975,0.5975,0.5975,0.5975,0.5975,0.5975,0.0,0.0,0.0,0.0,0.0,0.0,0.990412,0.990412,0.990412,100,0.0,0.0,1
416,0.9698,0.9698,0.9698,0.9698,0.9698,0.9698,0.9698,0.9698,0.9698,0.0,0.0,0.0,0.0,0.0,0.0,0.999655,0.999655,0.999655,100,0.0,0.0,1
417,0.9698,0.9698,0.9698,0.9698,0.9698,0.9698,0.9698,0.9698,0.9698,0.0,0.0,0.0,0.0,0.0,0.0,0.999655,0.999655,0.999655,100,0.0,0.0,1
418,0.9698,0.9698,0.9698,0.9698,0.9698,0.9698,0.9698,0.9698,0.9698,0.0,0.0,0.0,0.0,0.0,0.0,0.999655,0.999655,0.999655,100,0.0,0.0,1
419,0.9786,0.9786,0.9786,0.9786,0.9786,0.9786,0.9786,0.9786,0.9786,0.0,0.0,0.0,0.0,0.0,0.0,0.999532,0.999532,0.999532,100,0.0,0.0,1
420,0.982,0.982,0.982,0.982,0.982,0.982,0.982,0.982,0.982,0.0,0.0,0.0,0.0,0.0,0.0,0.999613,0.999613,0.999613,100,0.0,0.0,1
421,0.982,0.982,0.982,0.982,0.982,0.982,0.982,0.982,0.982,0.0,0.0,0.0,0.0,0.0,0.0,0.999613,0.999613,0.999613,100,0.0,0.0,1
422,0.9904,0.9904,0.9904,0.9904,0.9904,0.9904,0.9904,0.9904,0.9904,0.0,0.0,0.0,0.0,0.0,0.0,0.999733,0.999733,0.999733,100,0.0,0.0,1
423,0.9904,0.9904,0.9904,0.9904,0.9904,0.9904,0.9904,0.9904,0.9904,0.0,0.0,0.0,0.0,0.0,0.0,0.999733,0.999733,0.999733,100,0.0,0.0,1
424,0.9904,0.9904,0.9904,0.9904,0.9904,0.9904,0.9904,0.9904,0.9904,0.0,0.0,0.0,0.0,0.0,0.0,0.999733,0.999733,0.999733,100,0.0,0.0,1
425,0.9904,0.9904,0.9904,0.9904,0.9904,0.9904,0.9904,0.9904,0.9904,0.0,0.0,0.0,0.0,0.0,0.0,0.999733,0.999733,0.999733,100,0.0,0.0,1
426,0.9904,0.9904,0.9904,0.9904,0.9904,0.9904,0.9904,0.9904,0.9904,0.0,0.0,0.0,0.0,0.0,0.0,0.999733,0.999733,0.999733,100,0.0,0.0,1
427,0.912,0.912,0.912,0.912,0.912,0.912,0.912,0.912,0.912,0.0,0.0,0.0,0.0,0.0,0.0,0.998676,0.998676,0.998676,100,0.0,0.0,1
428,0.912,0.912,0.912,0.912,0.912,0.912,0.912,0.912,0.912,0.0,0.0,0.0,0.0,0.0,0.0,0.998676,0.998676,0.998676,100,0.0,0.0,1
429,0.983,0.983,0.983,0.983,0.983,0.983,0.983,0.983,0.983,0.0,0.0,0.0,0.0,0.0,0.0,0.999004,0.999004,0.999004,100,0.0,0.0,1
430,0.983,0.983,0.983,0.983,0.983,0.983,0.983,0.983,0.983,0.0,0.0,0.0,0.0,0.0,0.0,0.999004,0.999004,0.999004,100,0.0,0.0,1
431,0.983,0.983,0.983,0.983,0.983,0.983,0.983,0.983,0.983,0.0,0.0,0.0,0.0,0.0,0.0,0.999004,0.999004,0.999004,100,0.0,0.0,1
432,0.983,0.983,0.983,0.983,0.983,0.983,0.983,0.983,0.983,0.0,0.0,0.0,0.0,0.0,0.0,0.999004,0.999004,0.999004,100,0.0,0.0,1
433,0.983,0.983,0.983,0.983,0.983,0.983,0.983,0.983,0.983,0.0,0.0,0.0,0.0,0.0,0.0,0.999004,0.999004,0.999004,100,0.0,0.0,1
434,0.9907,0.9907,0.9907,0.9907,0.9907,0.9907,0.9907,0.9907,0.9907,0.0,0.0,0.0,0.0,0.0,0.0,0.999709,0.999709,0.999709,100,0.0,0.0,1
435,0.9907,0.9907,0.9907,0.9907,0.9907,0.9907,0.9907,0.9907,0.9907,0.0,0.0,0.0,0.0,0.0,0.0,0.999709,0.999709,0.999709,100,0.0,0.0,1
436,0.9907,0.9907,0.9907,0.9907,0.9907,0.9907,0.9907,0.9907,0.9907,0.0,0.0,0.0,0.0,0.0,0.0,0.999709,0.999709,0.999709,100,0.0,0.0,1
437,0.8816,0.8816,0.8816,0.8816,0.8816,0.8816,0.8816,0.8816,0.8816,0.0,0.0,0.0,0.0,0.0,0.0,0.999444,0.999444,0.999444,100,0.0,0.0,1
438,0.8816,0.8816,0.8816,0.8816,0.8816,0.8816,0.8816,0.8816,0.8816,0.0,0.0,0.0,0.0,0.0,0.0,0.999444,0.999444,0.999444,100,0.0,0.0,1
439,0.994873,0.994873,0.994873,0.994873,0.994873,0.994873,0.994873,0.994873,0.994873,0.0,0.0,0.0,0.0,0.0,0.0,0.999308,0.999308,0.999308,100,0.0,0.0,1
440,0.994873,0.994873,0.994873,0.994873,0.994873,0.994873,0.994873,0.994873,0.994873,0.0,0.0,0.0,0.0,0.0,0.0,0.999308,0.999308,0.999308,100,0.0,0.0,1
441,0.994873,0.994873,0.994873,0.994873,0.994873,0.994873,0.994873,0.994873,0.994873,0.0,0.0,0.0,0.0,0.0,0.0,0.999308,0.999308,0.999308,100,0.0,0.0,1
442,0.994873,0.994873,0.994873,0.994873,0.994873,0.994873,0.994873,0.994873,0.994873,0.0,0.0,0.0,0.0,0.0,0.0,0.999308,0.999308,0.999308,100,0.0,0.0,1
443,0.994873,0.994873,0.994873,0.994873,0.994873,0.994873,0.994873,0.994873,0.994873,0.0,0.0,0.0,0.0,0.0,0.0,0.999308,0.999308,0.999308,100,0.0,0.0,1
444,0.434814,0.434814,0.434814,0.434814,0.434814,0.434814,0.434814,0.434814,0.434814,0.0,0.0,0.0,0.0,0.0,0.0,0.973927,0.973927,0.973927,100,0.0,0.0,1
445,0.434814,0.434814,0.434814,0.434814,0.434814,0.434814,0.434814,0.434814,0.434814,0.0,0.0,0.0,0.0,0.0,0.0,0.973927,0.973927,0.973927,100,0.0,0.0,1
446,0.434814,0.434814,0.434814,0.434814,0.434814,0.434814,0.434814,0.434814,0.434814,0.0,0.0,0.0,0.0,0.0,0.0,0.973927,0.973927,0.973927,100,0.0,0.0,1
447,0.434814,0.434814,0.434814,0.434814,0.434814,0.434814,0.434814,0.434814,0.434814,0.0,0.0,0.0,0.0,0.0,0.0,0.973927,0.973927,0.973927,100,0.0,0.0,1
448,0.434814,0.434814,0.434814,0.434814,0.434814,0.434814,0.434814,0.434814,0.434814,0.0,0.0,0.0,0.0,0.0,0.0,0.973927,0.973927,0.973927,100,0.0,0.0,1
449,0.434814,0.434814,0.434814,0.434814,0.434814,0.434814,0.434814,0.434814,0.434814,0.0,0.0,0.0,0.0,0.0,0.0,0.973927,0.973927,0.973927,100,0.0,0.0,1
450,0.7255,0.7255,0.7255,0.7255,0.7255,0.7255,0.7255,0.7255,0.7255,0.0,0.0,0.0,0.0,0.0,0.0,0.998319,0.998319,0.998319,100,0.0,0.0,1
451,0.7255,0.7255,0.7255,0.7255,0.7255,0.7255,0.7255,0.7255,0.7255,0.0,0.0,0.0,0.0,0.0,0.0,0.998319,0.998319,0.998319,100,0.0,0.0,1
452,0.9922,0.9922,0.9922,0.9922,0.9922,0.9922,0.9922,0.9922,0.9922,0.0,0.0,0.0,0.0,0.0,0.0,0.999604,0.999604,0.999604,100,0.0,0.0,1
453,0.9922,0.9922,0.9922,0.9922,0.9922,0.9922,0.9922,0.9922,0.9922,0.0,0.0,0.0,0.0,0.0,0.0,0.999604,0.999604,0.999604,100,0.0,0.0,1
454,0.9766,0.9766,0.9766,0.9766,0.9766,0.9766,0.9766,0.9766,0.9766,0.0,0.0,0.0,0.0,0.0,0.0,0.999525,0.999525,0.999525,100,0.0,0.0,1
455,0.9766,0.9766,0.9766,0.9766,0.9766,0.9766,0.9766,0.9766,0.9766,0.0,0.0,0.0,0.0,0.0,0.0,0.999525,0.999525,0.999525,100,0.0,0.0,1
456,0.9766,0.9766,0.9766,0.9766,0.9766,0.9766,0.9766,0.9766,0.9766,0.0,0.0,0.0,0.0,0.0,0.0,0.999525,0.999525,0.999525,100,0.0,0.0,1
457,0.9766,0.9766,0.9766,0.9766,0.9766,0.9766,0.9766,0.9766,0.9766,0.0,0.0,0.0,0.0,0.0,0.0,0.999525,0.999525,0.999525,100,0.0,0.0,1
458,0.9458,0.9458,0.9458,0.9458,0.9458,0.9458,0.9458,0.9458,0.9458,0.0,0.0,0.0,0.0,0.0,0.0,0.999106,0.999106,0.999106,100,0.0,0.0,1
459,0.9458,0.9458,0.9458,0.9458,0.9458,0.9458,0.9458,0.9458,0.9458,0.0,0.0,0.0,0.0,0.0,0.0,0.999106,0.999106,0.999106,100,0.0,0.0,1
460,0.9458,0.9458,0.9458,0.9458,0.9458,0.9458,0.9458,0.9458,0.9458,0.0,0.0,0.0,0.0,0.0,0.0,0.999106,0.999106,0.999106,100,0.0,0.0,1
461,0.9458,0.9458,0.9458,0.9458,0.9458,0.9458,0.9458,0.9458,0.9458,0.0,0.0,0.0,0.0,0.0,0.0,0.999106,0.999106,0.999106,100,0.0,0.0,1
462,0.9249,0.9249,0.9249,0.9249,0.9249,0.9249,0.9249,0.9249,0.9249,0.0,0.0,0.0,0.0,0.0,0.0,0.99938,0.99938,0.99938,100,0.0,0.0,1
463,0.9249,0.9249,0.9249,0.9249,0.9249,0.9249,0.9249,0.9249,0.9249,0.0,0.0,0.0,0.0,0.0,0.0,0.99938,0.99938,0.99938,100,0.0,0.0,1
464,0.9854,0.9854,0.9854,0.9854,0.9854,0.9854,0.9854,0.9854,0.9854,0.0,0.0,0.0,0.0,0.0,0.0,0.9994,0.9994,0.9994,100,0.0,0.0,1
465,0.9854,0.9854,0.9854,0.9854,0.9854,0.9854,0.9854,0.9854,0.9854,0.0,0.0,0.0,0.0,0.0,0.0,0.9994,0.9994,0.9994,100,0.0,0.0,1
466,0.6772,0.6772,0.6772,0.6772,0.6772,0.6772,0.6772,0.6772,0.6772,0.0,0.0,0.0,0.0,0.0,0.0,0.999331,0.999331,0.999331,100,0.0,0.0,1
467,0.6772,0.6772,0.6772,0.6772,0.6772,0.6772,0.6772,0.6772,0.6772,0.0,0.0,0.0,0.0,0.0,0.0,0.999331,0.999331,0.999331,100,0.0,0.0,1
468,0.6772,0.6772,0.6772,0.6772,0.6772,0.6772,0.6772,0.6772,0.6772,0.0,0.0,0.0,0.0,0.0,0.0,0.999331,0.999331,0.999331,100,0.0,0.0,1
469,0.9972,0.9972,0.9972,0.9972,0.9972,0.9972,0.9972,0.9972,0.9972,0.0,0.0,0.0,0.0,0.0,0.0,0.999615,0.999615,0.999615,100,0.0,0.0,1
470,0.9972,0.9972,0.9972,0.9972,0.9972,0.9972,0.9972,0.9972,0.9972,0.0,0.0,0.0,0.0,0.0,0.0,0.999615,0.999615,0.999615,100,0.0,0.0,1
471,0.9972,0.9972,0.9972,0.9972,0.9972,0.9972,0.9972,0.9972,0.9972,0.0,0.0,0.0,0.0,0.0,0.0,0.999615,0.999615,0.999615,100,0.0,0.0,1
472,0.9972,0.9972,0.9972,0.9972,0.9972,0.9972,0.9972,0.9972,0.9972,0.0,0.0,0.0,0.0,0.0,0.0,0.999615,0.999615,0.999615,100,0.0,0.0,1
473,0.9972,0.9972,0.9972,0.9972,0.9972,0.9972,0.9972,0.9972,0.9972,0.0,0.0,0.0,0.0,0.0,0.0,0.999615,0.999615,0.999615,100,0.0,0.0,1
474,0.9723,0.9723,0.9723,0.9723,0.9723,0.9723,0.9723,0.9723,0.9723,0.0,0.0,0.0,0.0,0.0,0.0,0.999406,0.999406,0.999406,100,0.0,0.0,1
475,0.9723,0.9723,0.9723,0.9723,0.9723,0.9723,0.9723,0.9723,0.9723,0.0,0.0,0.0,0.0,0.0,0.0,0.999406,0.999406,0.999406,100,0.0,0.0,1
476,0.7077,0.7077,0.7077,0.7077,0.7077,0.7077,0.7077,0.7077,0.7077,0.0,0.0,0.0,0.0,0.0,0.0,0.995158,0.995158,0.995158,100,0.0,0.0,1
477,0.7077,0.7077,0.7077,0.7077,0.7077,0.7077,0.7077,0.7077,0.7077,0.0,0.0,0.0,0.0,0.0,0.0,0.995158,0.995158,0.995158,100,0.0,0.0,1
478,0.7077,0.7077,0.7077,0.7077,0.7077,0.7077,0.7077,0.7077,0.7077,0.0,0.0,0.0,0.0,0.0,0.0,0.995158,0.995158,0.995158,100,0.0,0.0,1
479,0.7077,0.7077,0.7077,0.7077,0.7077,0.7077,0.7077,0.7077,0.7077,0.0,0.0,0.0,0.0,0.0,0.0,0.995158,0.995158,0.995158,100,0.0,0.0,1
480,0.7077,0.7077,0.7077,0.7077,0.7077,0.7077,0.7077,0.7077,0.7077,0.0,0.0,0.0,0.0,0.0,0.0,0.995158,0.995158,0.995158,100,0.0,0.0,1
481,0.7077,0.7077,0.7077,0.7077,0.7077,0.7077,0.7077,0.7077,0.7077,0.0,0.0,0.0,0.0,0.0,0.0,0.995158,0.995158,0.995158,100,0.0,0.0,1
482,1.0,1.0,1.0,1.0,1.0,1.0,1.0,1.0,1.0,0.0,0.0,0.0,0.0,0.0,0.0,0.0,0.0,0.0,100,0.0,0.0,1
483,1.0,1.0,1.0,1.0,1.0,1.0,1.0,1.0,1.0,0.0,0.0,0.0,0.0,0.0,0.0,0.0,0.0,0.0,100,0.0,0.0,1
484,1.0,1.0,1.0,1.0,1.0,1.0,1.0,1.0,1.0,0.0,0.0,0.0,0.0,0.0,0.0,0.0,0.0,0.0,100,0.0,0.0,1
485,1.0,1.0,1.0,1.0,1.0,1.0,1.0,1.0,1.0,0.0,0.0,0.0,0.0,0.0,0.0,0.0,0.0,0.0,100,0.0,0.0,1
486,1.0,1.0,1.0,1.0,1.0,1.0,1.0,1.0,1.0,0.0,0.0,0.0,0.0,0.0,0.0,0.0,0.0,0.0,100,0.0,0.0,1
487,1.0,1.0,1.0,1.0,1.0,1.0,1.0,1.0,1.0,0.0,0.0,0.0,0.0,0.0,0.0,0.0,0.0,0.0,100,0.0,0.0,1
