hardware,embedding_index,horizon,probability,baseline_prob,diff_probs,method,time,algorithm_index,baseline_index,tot_strats,tot_ins,cstate_size,verify_time
algiers,0,7,0.967230,0.964334,0.002898,bellman,3956.216440,0,1,1,5,2,0.498120
algiers,1,7,0.975250,0.975247,0.000000,bellman,4093.368600,1,1,1,5,2,0.472850
algiers,2,7,0.948790,0.947726,0.001068,bellman,4104.736190,0,1,1,5,2,0.577660
algiers,3,7,0.959780,0.959784,0.000000,bellman,4104.713020,1,1,1,5,2,0.555860
almaden,0,7,0.939020,0.939028,0.000000,bellman,4104.102460,1,1,1,5,2,0.479940
almaden,1,7,0.924080,0.924084,-0.000003,bellman,4104.714960,2,1,1,5,2,0.556570
almaden,2,7,0.965890,0.965890,0.000004,bellman,4104.152050,2,1,1,5,2,0.588320
almaden,3,7,0.971130,0.971134,0.000003,bellman,4033.076880,2,1,1,5,2,0.590020
athens,0,7,0.979120,0.979122,0.000000,bellman,3953.101430,1,1,1,5,2,0.442790
athens,1,7,0.981300,0.981296,0.000000,bellman,3853.941450,1,1,1,5,2,0.445370
athens,2,7,0.960170,0.959385,0.000784,bellman,3849.157850,0,1,1,5,2,0.474660
athens,3,7,0.971980,0.971979,0.000000,bellman,3849.541360,1,1,1,5,2,0.450220
athens,4,7,0.953850,0.953854,0.000003,bellman,3849.805100,3,1,1,5,2,0.549140
athens,5,7,0.958470,0.958466,0.000000,bellman,3849.666770,1,1,1,5,2,0.461710
auckland,0,7,0.983340,0.983337,0.000005,bellman,3847.631460,2,1,1,5,2,0.622170
auckland,1,7,0.983870,0.983872,-0.000007,bellman,3842.817230,2,1,1,5,2,0.620080
auckland,2,7,0.965760,0.963516,0.002236,bellman,3840.515180,0,1,1,5,2,0.616610
auckland,3,7,0.973180,0.973172,-0.000006,bellman,3841.132720,3,1,1,5,2,0.711740
belem,0,7,0.973050,0.973049,0.000000,bellman,3845.395330,1,1,1,5,2,0.450110
belem,1,7,0.969300,0.969299,0.000000,bellman,3845.895600,1,1,1,5,2,0.448080
belem,2,7,0.970340,0.970336,0.000000,bellman,3845.413550,1,1,1,5,2,0.457340
belem,3,7,0.970700,0.970702,0.000000,bellman,3849.913910,1,1,1,5,2,0.456240
boeblingen,0,7,0.955320,0.955321,0.000000,bellman,2829.317810,1,1,1,5,2,0.471730
boeblingen,1,7,0.964830,0.964826,0.000002,bellman,2815.220080,2,1,1,5,2,0.567150
boeblingen,2,7,0.961670,0.961669,-0.000003,bellman,2730.252750,2,1,1,5,2,0.575700
boeblingen,3,7,0.967360,0.967353,-0.000003,bellman,2721.146070,2,1,1,5,2,0.578280
bogota,0,7,0.968400,0.968400,0.000000,bellman,2677.879230,2,1,1,5,2,0.531210
bogota,1,7,0.975410,0.975411,-0.000002,bellman,2652.439970,2,1,1,5,2,0.531090
bogota,2,7,0.897950,0.897959,0.000000,bellman,2658.795800,1,1,1,5,2,0.452390
bogota,3,7,0.938860,0.938863,0.000000,bellman,2648.385630,1,1,1,5,2,0.451530
bogota,4,7,0.904920,0.897662,0.007264,bellman,2640.679650,0,1,1,5,2,0.480630
bogota,5,7,0.936040,0.936042,0.000007,bellman,2649.186840,2,1,1,5,2,0.548200
brooklyn,0,7,0.984170,0.984177,0.000000,bellman,2666.721580,1,1,1,5,2,0.595190
brooklyn,1,7,0.982890,0.982900,0.000000,bellman,2660.151330,1,1,1,5,2,0.592040
brooklyn,2,7,0.917560,0.910435,0.007122,bellman,2642.810460,0,1,1,5,2,0.677330
brooklyn,3,7,0.910320,0.910314,-0.000003,bellman,2624.849600,2,1,1,5,2,0.788690
burlington,0,7,0.962960,0.962964,0.000004,bellman,2616.895360,2,1,1,5,2,0.519430
burlington,1,7,0.953080,0.953073,0.000000,bellman,2650.480830,1,1,1,5,2,0.436700
burlington,2,7,0.962670,0.962666,0.000001,bellman,2773.036620,2,1,1,5,2,0.528050
burlington,3,7,0.971010,0.971013,0.000000,bellman,3032.713030,1,1,1,5,2,0.439420
cairo,0,7,0.989880,0.989873,-0.000007,bellman,2844.368460,2,1,1,5,2,0.644870
cairo,1,7,0.990230,0.990226,0.000000,bellman,2961.308630,1,1,1,5,2,0.540470
cairo,2,7,0.938840,0.934864,0.003982,bellman,2904.643090,0,1,1,5,2,0.598540
cairo,3,7,0.936720,0.936725,0.000006,bellman,2829.468630,2,1,1,5,2,0.688810
cambridge,0,7,0.938320,0.938325,0.000000,bellman,2809.836180,1,1,1,5,2,0.554640
cambridge,1,7,0.911430,0.911438,0.000000,bellman,2797.885520,1,1,1,5,2,0.548730
cambridge,2,7,0.515960,0.502108,0.013856,bellman,2712.041810,4,1,1,5,2,0.563640
cambridge,3,7,0.502000,0.470068,0.031936,bellman,2708.645530,5,1,1,5,2,0.726250
casablanca,0,7,0.972290,0.972289,0.000001,bellman,2661.029490,2,1,1,5,2,0.537940
casablanca,1,7,0.965400,0.965398,0.000000,bellman,2633.472700,1,1,1,5,2,0.444850
casablanca,2,7,0.977310,0.977302,0.000001,bellman,2642.323790,2,1,1,5,2,0.553240
casablanca,3,7,0.979840,0.979832,-0.000007,bellman,2633.111530,2,1,1,5,2,0.553900
casablanca,4,7,0.976740,0.976734,0.000000,bellman,2624.188690,1,1,1,5,2,0.473570
casablanca,5,7,0.973920,0.973910,0.000000,bellman,2634.668550,1,1,1,5,2,0.470400
essex,0,7,0.967940,0.967936,0.000000,bellman,2650.467130,1,1,1,5,2,0.435290
essex,1,7,0.957410,0.957402,0.000000,bellman,2643.660010,1,1,1,5,2,0.438760
essex,2,7,0.950780,0.950779,0.000000,bellman,2624.691730,1,1,1,5,2,0.444290
essex,3,7,0.956920,0.956921,0.000000,bellman,2611.110050,1,1,1,5,2,0.441380
geneva,0,7,0.961800,0.961787,0.000000,bellman,2599.074280,1,1,1,5,2,0.558640
geneva,1,7,0.970670,0.970656,0.000000,bellman,2622.808810,1,1,1,5,2,0.561810
geneva,2,7,0.970420,0.970418,0.000006,bellman,2739.983700,2,1,1,5,2,0.686000
geneva,3,7,0.961320,0.961323,0.000000,bellman,3026.772310,1,1,1,5,2,0.559440
guadalupe,0,7,0.981130,0.981127,0.000000,bellman,2822.634650,1,1,1,5,2,0.503350
guadalupe,1,7,0.978640,0.978629,0.000000,bellman,2947.032340,1,1,1,5,2,0.506920
guadalupe,2,7,0.978410,0.978409,-0.000002,bellman,2898.130670,2,1,1,5,2,0.632160
guadalupe,3,7,0.981870,0.981876,0.000006,bellman,2809.255770,2,1,1,5,2,0.627790
hanoi,0,7,0.988270,0.988280,0.000005,bellman,2821.153790,2,1,1,5,2,0.679330
hanoi,1,7,0.983560,0.983563,-0.000004,bellman,2808.860960,2,1,1,5,2,0.691070
hanoi,2,7,0.986330,0.986322,0.000000,bellman,2722.942960,1,1,1,5,2,0.589360
hanoi,3,7,0.987890,0.987889,-0.000006,bellman,2718.401450,2,1,1,5,2,0.704900
jakarta,0,7,0.981580,0.981586,0.000003,bellman,2672.262250,2,1,1,5,2,0.542940
jakarta,1,7,0.980050,0.980050,-0.000005,bellman,2647.285820,2,1,1,5,2,0.538980
jakarta,2,7,0.983110,0.983108,-0.000007,bellman,2653.637420,2,1,1,5,2,0.556020
jakarta,3,7,0.984580,0.984574,0.000004,bellman,2643.159590,2,1,1,5,2,0.554020
jakarta,4,7,0.986610,0.986609,0.000005,bellman,2635.608930,2,1,1,5,2,0.565740
jakarta,5,7,0.981820,0.981811,0.000000,bellman,2648.409710,1,1,1,5,2,0.468070
johannesburg,0,7,0.951530,0.951526,0.000000,bellman,2669.919470,1,1,1,5,2,0.484040
johannesburg,1,7,0.937360,0.937355,0.000000,bellman,2659.184240,1,1,1,5,2,0.480930
johannesburg,2,7,0.953320,0.953306,0.000000,bellman,2639.555950,1,1,1,5,2,0.519450
johannesburg,3,7,0.954320,0.954307,0.000000,bellman,2618.385030,1,1,1,5,2,0.516420
kolkata,0,7,0.914380,0.898686,0.015692,bellman,2613.924220,0,1,1,5,2,0.544060
kolkata,1,7,0.922330,0.915160,0.007170,bellman,2648.205410,0,1,1,5,2,0.542810
kolkata,2,7,0.986930,0.986936,0.000006,bellman,2769.881000,2,1,1,5,2,0.733340
kolkata,3,7,0.984430,0.984430,0.000004,bellman,3039.904510,2,1,1,5,2,0.731390
lagos,0,7,0.979550,0.979551,0.000000,bellman,2846.905680,1,1,1,5,2,0.447600
lagos,1,7,0.978670,0.978669,0.000000,bellman,2965.022220,1,1,1,5,2,0.454380
lagos,2,7,0.954690,0.954694,0.000000,bellman,2911.696600,1,1,1,5,2,0.467900
lagos,3,7,0.966280,0.966282,0.000000,bellman,2834.730400,1,1,1,5,2,0.464520
lagos,4,7,0.967530,0.967515,0.000000,bellman,2937.806470,1,1,1,5,2,0.476200
lagos,5,7,0.954470,0.954462,0.000000,bellman,3047.035100,1,1,1,5,2,0.476970
lima,0,7,0.984360,0.984363,0.000000,bellman,2836.811510,1,1,1,5,2,0.444580
lima,1,7,0.981860,0.981866,0.000005,bellman,2822.256040,2,1,1,5,2,0.538250
lima,2,7,0.965310,0.965312,0.000005,bellman,2736.158010,2,1,1,5,2,0.546990
lima,3,7,0.972750,0.972755,0.000001,bellman,2726.186430,2,1,1,5,2,0.548240
london,0,7,0.982020,0.982010,-0.000002,bellman,2690.582000,2,1,1,5,2,0.516240
london,1,7,0.978870,0.978865,-0.000004,bellman,2664.605800,2,1,1,5,2,0.519790
london,2,7,0.962820,0.962814,0.000000,bellman,2675.439650,1,1,1,5,2,0.440530
london,3,7,0.967470,0.967472,0.000002,bellman,2659.735190,2,1,1,5,2,0.527880
melbourne,0,7,0.952590,0.952586,0.000000,bellman,2647.417590,1,1,1,5,2,0.498450
melbourne,1,7,0.957690,0.957689,0.000000,bellman,2655.193500,1,1,1,5,2,0.491520
melbourne,2,7,0.909940,0.909925,0.000000,bellman,2669.909770,1,1,1,5,2,0.484850
melbourne,3,7,0.925690,0.925677,-0.000006,bellman,2668.125860,2,1,1,5,2,0.579950
manhattan,0,7,0.500930,0.499859,0.001080,bellman,2644.580850,0,1,1,5,2,0.803150
manhattan,1,7,0.500930,0.499859,0.001080,bellman,2630.873500,0,1,1,5,2,0.795730
manhattan,2,7,0.971700,0.971696,0.000004,bellman,2620.162500,2,1,1,5,2,1.001360
manhattan,3,7,0.972700,0.972701,-0.000007,bellman,2666.439440,2,1,1,5,2,0.997480
manila,0,7,0.974130,0.974133,0.000005,bellman,2793.938950,2,1,1,5,2,0.531310
manila,1,7,0.978550,0.978557,0.000005,bellman,3040.209470,2,1,1,5,2,0.530950
manila,2,7,0.972850,0.972849,-0.000003,bellman,2862.983060,2,1,1,5,2,0.538500
manila,3,7,0.974850,0.974848,0.000005,bellman,2951.351000,2,1,1,5,2,0.541500
manila,4,7,0.979660,0.979653,0.000005,bellman,2915.954960,2,1,1,5,2,0.547560
manila,5,7,0.984090,0.984091,-0.000003,bellman,2828.436240,2,1,1,5,2,0.549590
montreal,0,7,0.985090,0.985083,0.000000,bellman,2834.582220,1,1,1,5,2,0.530330
montreal,1,7,0.985270,0.985270,-0.000006,bellman,2813.377960,2,1,1,5,2,0.630370
montreal,2,7,0.981660,0.981655,-0.000005,bellman,2727.775330,3,1,1,5,2,0.714010
montreal,3,7,0.982200,0.982189,0.000000,bellman,2721.331630,1,1,1,5,2,0.597880
mumbai,0,7,0.952260,0.951027,0.001230,bellman,2678.035650,0,1,1,5,2,0.474290
mumbai,1,7,0.969290,0.969287,-0.000004,bellman,2649.979630,2,1,1,5,2,0.540110
mumbai,2,7,0.989330,0.989320,-0.000007,bellman,2661.097070,2,1,1,5,2,0.645290
mumbai,3,7,0.988970,0.988966,0.000001,bellman,2648.718230,2,1,1,5,2,0.644270
nairobi,0,7,0.985600,0.985603,0.000000,bellman,2641.962670,1,1,1,5,2,0.451650
nairobi,1,7,0.984420,0.984423,-0.000003,bellman,2650.099870,2,1,1,5,2,0.529620
nairobi,2,7,0.977010,0.977018,0.000001,bellman,2665.431750,2,1,1,5,2,0.553870
nairobi,3,7,0.981770,0.981773,0.000005,bellman,2659.880440,2,1,1,5,2,0.551950
nairobi,4,7,0.980040,0.980038,0.000000,bellman,2641.893280,1,1,1,5,2,0.473560
nairobi,5,7,0.976440,0.976441,0.000005,bellman,2623.896910,2,1,1,5,2,0.564390
oslo,0,7,0.983060,0.983064,-0.000006,bellman,2616.925410,3,1,1,5,2,0.530580
oslo,1,7,0.981560,0.981568,0.000000,bellman,2651.973980,1,1,1,5,2,0.449320
oslo,2,7,0.982590,0.982589,0.000000,bellman,2775.342550,1,1,1,5,2,0.464250
oslo,3,7,0.984010,0.984012,0.000000,bellman,3035.961790,1,1,1,5,2,0.463790
oslo,4,7,0.983640,0.983651,0.000002,bellman,2847.773730,3,1,1,5,2,0.555450
oslo,5,7,0.981800,0.981801,0.000000,bellman,2967.574620,1,1,1,5,2,0.472140
ourense,0,7,0.985260,0.985255,0.000000,bellman,2910.794610,1,1,1,5,2,0.447540
ourense,1,7,0.982760,0.982747,0.000000,bellman,2833.778520,1,1,1,5,2,0.453830
ourense,2,7,0.982940,0.982932,0.000000,bellman,2942.673540,1,1,1,5,2,0.456940
ourense,3,7,0.985280,0.985274,0.000000,bellman,3053.035820,1,1,1,5,2,0.460460
paris,0,7,0.969320,0.969315,0.000002,bellman,2809.981060,3,1,1,5,2,0.572360
paris,1,7,0.972860,0.972856,0.000000,bellman,2790.166670,1,1,1,5,2,0.483700
paris,2,7,0.971330,0.971323,0.000000,bellman,2704.566470,1,1,1,5,2,0.576870
paris,3,7,0.971030,0.971022,0.000000,bellman,2702.464010,1,1,1,5,2,0.570120
perth,0,7,0.986830,0.986824,0.000000,bellman,2659.555630,1,1,1,5,2,0.447000
perth,1,7,0.984800,0.984794,0.000000,bellman,2632.628140,1,1,1,5,2,0.444760
perth,2,7,0.984120,0.984106,0.000000,bellman,2641.848770,1,1,1,5,2,0.462380
perth,3,7,0.986910,0.986893,0.000000,bellman,2628.358660,1,1,1,5,2,0.462830
perth,4,7,0.975930,0.975917,0.000000,bellman,2624.688510,1,1,1,5,2,0.473880
perth,5,7,0.970550,0.970542,0.000000,bellman,2631.979290,1,1,1,5,2,0.473720
poughkeepsie,0,7,0.866660,0.866657,0.000000,bellman,2644.607800,1,1,1,5,2,0.482860
poughkeepsie,1,7,0.858200,0.858185,-0.000005,bellman,2641.576610,2,1,1,5,2,0.577120
poughkeepsie,2,7,0.961020,0.961024,-0.000007,bellman,2618.489450,2,1,1,5,2,0.625660
poughkeepsie,3,7,0.963950,0.963947,0.000005,bellman,2606.151230,2,1,1,5,2,0.626760
quito,0,7,0.932920,0.932920,0.000000,bellman,2591.871860,1,1,1,5,2,0.445280
quito,1,7,0.907540,0.907537,0.000000,bellman,2612.248770,1,1,1,5,2,0.453220
quito,2,7,0.911500,0.904644,0.006843,bellman,2725.419910,0,1,1,5,2,0.480660
quito,3,7,0.921780,0.921764,0.000000,bellman,3016.019010,1,1,1,5,2,0.460590
rochester,0,7,0.926530,0.926532,0.000000,bellman,2818.857490,1,1,1,5,2,0.541940
rochester,1,7,0.943180,0.943186,0.000003,bellman,2937.197100,3,1,1,5,2,0.653290
rochester,2,7,0.909660,0.909658,-0.000004,bellman,2886.936540,3,1,1,5,2,0.755920
rochester,3,7,0.921960,0.921951,0.000000,bellman,2806.686430,1,1,1,5,2,0.623090
rome,0,7,0.971930,0.971924,0.000001,bellman,2807.780660,2,1,1,5,2,0.528080
rome,1,7,0.979070,0.979072,0.000000,bellman,2795.580630,1,1,1,5,2,0.446420
rome,2,7,0.971010,0.971011,0.000000,bellman,2708.220170,1,1,1,5,2,0.451520
rome,3,7,0.976850,0.976851,0.000000,bellman,2707.604720,1,1,1,5,2,0.452760
rome,4,7,0.982590,0.982586,0.000000,bellman,2665.256200,1,1,1,5,2,0.461740
rome,5,7,0.982760,0.982759,0.000000,bellman,2636.585470,1,1,1,5,2,0.458850
santiago,0,7,0.986080,0.986075,0.000000,bellman,2644.391740,1,1,1,5,2,0.445330
santiago,1,7,0.986560,0.986557,0.000000,bellman,2633.714580,1,1,1,5,2,0.446810
santiago,2,7,0.986540,0.986546,0.000005,bellman,2628.419200,2,1,1,5,2,0.538620
santiago,3,7,0.987270,0.987276,0.000002,bellman,2636.687360,2,1,1,5,2,0.541640
santiago,4,7,0.988300,0.988306,-0.000005,bellman,2650.088700,2,1,1,5,2,0.547390
santiago,5,7,0.988800,0.988799,0.000005,bellman,2644.499260,2,1,1,5,2,0.550970
singapore,0,7,0.970400,0.970400,0.000000,bellman,2626.365270,1,1,1,5,2,0.504170
singapore,1,7,0.968460,0.968461,0.000000,bellman,2612.591390,1,1,1,5,2,0.489570
singapore,2,7,0.963100,0.963106,0.000005,bellman,2600.959090,2,1,1,5,2,0.630550
singapore,3,7,0.968290,0.968296,0.000004,bellman,2625.198930,2,1,1,5,2,0.632530
sydney,0,7,0.957910,0.957912,-0.000007,bellman,2741.530960,2,1,1,5,2,0.631690
sydney,1,7,0.974630,0.974630,0.000007,bellman,3023.060140,2,1,1,5,2,0.632710
sydney,2,7,0.981400,0.981402,-0.000002,bellman,2820.193220,2,1,1,5,2,0.684180
sydney,3,7,0.973740,0.973743,0.000000,bellman,2945.706470,1,1,1,5,2,0.574030
toronto,0,7,0.955900,0.955900,0.000000,bellman,2895.452590,1,1,1,5,2,0.552630
toronto,1,7,0.958670,0.958666,0.000001,bellman,2806.322400,2,1,1,5,2,0.661400
toronto,2,7,0.978390,0.978392,0.000006,bellman,2891.009950,2,1,1,5,2,0.732640
toronto,3,7,0.955550,0.955554,0.000000,bellman,3033.127620,1,1,1,5,2,0.614350
valencia,0,7,0.980200,0.980196,0.000000,bellman,2834.930590,1,1,1,5,2,0.450840
valencia,1,7,0.978070,0.978065,0.000000,bellman,2819.925220,1,1,1,5,2,0.456560
valencia,2,7,0.974560,0.974555,0.000000,bellman,2731.844890,1,1,1,5,2,0.458980
valencia,3,7,0.976770,0.976769,0.000000,bellman,2726.830200,1,1,1,5,2,0.458810
vigo,0,7,0.981720,0.981726,0.000000,bellman,2681.398110,1,1,1,5,2,0.454250
vigo,1,7,0.978210,0.978213,0.000000,bellman,2654.767360,1,1,1,5,2,0.452660
vigo,2,7,0.981480,0.981485,-0.000003,bellman,2664.609470,2,1,1,5,2,0.549510
vigo,3,7,0.982640,0.982640,0.000004,bellman,2651.131460,2,1,1,5,2,0.547040
washington,0,7,0.877940,0.877940,0.000002,bellman,2646.671680,2,1,1,5,2,0.624110
washington,1,7,0.501800,0.472913,0.028897,bellman,2652.880220,6,1,1,5,2,0.665900
washington,2,7,0.971090,0.971093,-0.000003,bellman,2669.252030,2,1,1,5,2,1.640540
washington,3,7,0.978740,0.977936,0.000807,bellman,2668.837320,0,1,1,5,2,1.379660
yorktown,0,7,0.955880,0.955879,-0.000003,bellman,2643.808750,2,1,1,5,2,0.533960
yorktown,1,7,0.954360,0.954360,-0.000004,bellman,2630.165730,2,1,1,5,2,0.530880
yorktown,2,7,0.954280,0.954277,-0.000002,bellman,2618.918190,2,1,1,5,2,0.531790
yorktown,3,7,0.957400,0.957398,0.000000,bellman,2663.691870,2,1,1,5,2,0.537980
yorktown,4,7,0.942550,0.942544,-0.000002,bellman,2787.051940,2,1,1,5,2,0.546510
yorktown,5,7,0.965030,0.965037,0.000000,bellman,3036.331170,1,1,1,5,2,0.460450
yorktown,6,7,0.961360,0.961371,0.000000,bellman,2855.090540,1,1,1,5,2,0.461810
yorktown,7,7,0.950240,0.950244,-0.000002,bellman,2961.064280,2,1,1,5,2,0.550500
perfect_hardware,0,7,1.000000,1.000000,0.000000,bellman,193.150650,1,1,1,5,2,0.028810
