hardware,embedding_index,horizon,is_prob,prob_branch,algorithm_index,baseline_index,algorithm_prob,baseline_prob,diff
cambridge,0,1,1,0.6743088334457181,0,483,0.66285,0.65533,0.00752
cambridge,0,2,1,0.6898559442817153,1,483,0.6666,0.65533,0.01127
cambridge,0,3,1,0.5084442056601712,2,484,0.74536,0.74128,0.00408
cambridge,0,4,1,0.5091361383023542,3,485,0.7455,0.73314,0.01236
cambridge,0,5,1,0.5006311126738192,4,486,0.74966,0.7415,0.00816
cambridge,0,6,1,0.5002541251683524,5,487,0.74966,0.74108,0.00858
cambridge,1,1,1,0.9009009009009008,6,483,0.54955,0.40667,0.14288
cambridge,1,2,1,0.3844052122740647,7,483,0.555,0.40667,0.14833
cambridge,1,3,1,0.20491866393505734,8,484,0.57313,0.55485,0.01828
cambridge,1,4,1,0.6868344476266249,9,485,0.58117,0.43605,0.14512
cambridge,1,5,1,0.6821311282643017,10,486,0.58995,0.555,0.03495
cambridge,1,6,1,0.5692673659332524,11,487,0.59985,0.47011,0.12974
hanoi,0,1,1,0.330879892940783,12,483,0.66544,0.663,0.00244
hanoi,0,2,1,0.3259459253599702,13,483,0.66666,0.663,0.00366
hanoi,0,3,1,0.5028125115794304,14,484,0.74855,0.74716,0.00139
hanoi,0,4,1,0.5027495198404662,15,485,0.74856,0.74452,0.00404
hanoi,0,5,1,0.4998630952020578,16,486,0.74993,0.74725,0.00268
hanoi,0,6,1,0.4999512465805695,17,487,0.74993,0.74721,0.00272
hanoi,1,1,1,0.7063643427279792,18,483,0.64682,0.61047,0.03635
hanoi,1,2,1,0.20717536736996087,19,483,0.66479,0.61047,0.05432
hanoi,1,3,1,0.5359273654637039,20,484,0.7227,0.70777,0.01493
hanoi,1,4,1,0.4379715495678382,21,485,0.72585,0.66925,0.0566
hanoi,1,5,1,0.492278219394341,22,486,0.74355,0.70785,0.0357
hanoi,1,6,1,0.5149372428123358,23,487,0.74372,0.69891,0.04481
jakarta,0,1,1,0.6738544474393531,24,483,0.66307,0.656,0.00707
jakarta,0,2,1,0.6884624705338064,25,483,0.66661,0.656,0.01061
jakarta,0,3,1,0.49210700984186456,26,484,0.74568,0.74186,0.00382
jakarta,0,4,1,0.5086173839566567,27,485,0.74581,0.73413,0.01168
jakarta,0,5,1,0.4994967587345665,28,486,0.74973,0.742,0.00773
jakarta,0,6,1,0.5002541251683524,5,487,0.74973,0.74163,0.0081
jakarta,1,1,1,0.6922810661128419,29,483,0.65386,0.62967,0.02419
jakarta,1,2,1,0.746457777922093,30,483,0.6659,0.62967,0.03623
jakarta,1,3,1,0.474958412328722,31,484,0.73325,0.72213,0.01112
jakarta,1,4,1,0.5363779324603437,32,485,0.73469,0.69604,0.03865
jakarta,1,5,1,0.49615947092551027,33,486,0.7473,0.72225,0.02505
jakarta,1,6,1,0.5058677898789018,34,487,0.74734,0.71813,0.02921
ourense,0,1,1,0.6734913793103449,35,483,0.66325,0.65653,0.00672
ourense,0,2,1,0.6873503775698107,36,483,0.66661,0.65653,0.01008
ourense,0,3,1,0.4924748904803208,37,484,0.7459,0.74225,0.00365
ourense,0,4,1,0.4918632070322756,38,485,0.74602,0.73492,0.0111
ourense,0,5,1,0.4994967587345665,28,486,0.74974,0.7424,0.00734
ourense,0,6,1,0.5002541251683524,5,487,0.74974,0.74206,0.00768
ourense,1,1,1,0.3081499930815,39,483,0.65407,0.63027,0.0238
ourense,1,2,1,0.25493363574682976,40,483,0.66593,0.63027,0.03566
ourense,1,3,1,0.4752613387052967,41,484,0.73353,0.72252,0.01101
ourense,1,4,1,0.4643968947894666,42,485,0.73493,0.69689,0.03804
ourense,1,5,1,0.49615947092551027,33,486,0.74736,0.7227,0.02466
ourense,1,6,1,0.5056001608753238,43,487,0.7474,0.7187,0.0287
washington,0,1,1,0.8494733265375468,44,483,0.57526,0.45147,0.12379
washington,0,2,1,0.7026530996134679,45,483,0.5886,0.45147,0.13713
washington,0,3,1,0.3298823191906988,46,484,0.60817,0.58852,0.01965
washington,0,4,1,0.8882369211241444,47,485,0.62734,0.4793,0.14804
washington,0,5,1,0.4544282886208402,48,486,0.63882,0.5886,0.05022
washington,0,6,1,0.8485893576721927,49,487,0.64888,0.51692,0.13196
washington,1,1,1,0.667913438418381,50,483,0.66604,0.6648,0.00124
washington,1,2,1,0.32958602312359714,51,483,0.66666,0.6648,0.00186
washington,1,3,1,0.5015207247195203,52,484,0.74923,0.74847,0.00076
washington,1,4,1,0.501296319111876,53,485,0.74923,0.7472,0.00203
washington,1,5,1,0.4998630952020578,16,486,0.74993,0.7486,0.00133
washington,1,6,1,0.4999512465805695,17,487,0.74993,0.74859,0.00134
yorktown,0,1,1,0.3207905997419004,54,483,0.6604,0.6482,0.0122
yorktown,0,2,1,0.29499744711525583,55,483,0.66649,0.6482,0.01829
yorktown,0,3,1,0.4866888783743542,56,484,0.74224,0.73596,0.00628
yorktown,0,4,1,0.4841034198961696,57,485,0.74262,0.72268,0.01994
yorktown,0,5,1,0.498771606739647,58,486,0.74928,0.73615,0.01313
yorktown,0,6,1,0.5011453267799477,59,487,0.74929,0.73506,0.01423
yorktown,1,1,1,0.8280202036929701,60,483,0.58599,0.4718,0.11419
yorktown,1,2,1,0.2489856822013226,61,483,0.60385,0.4718,0.13205
yorktown,1,3,1,0.39177976627603667,62,484,0.62157,0.60318,0.01839
yorktown,1,4,1,0.05613992968791387,63,485,0.64437,0.50042,0.14395
yorktown,1,5,1,0.5432308250717865,64,486,0.65848,0.60385,0.05463
yorktown,1,6,1,0.7634756732430052,65,487,0.66695,0.53966,0.12729
athens,0,1,1,0.67118598563662,66,483,0.66441,0.65993,0.00448
athens,0,2,1,0.6803165284220396,67,483,0.66664,0.65993,0.00671
athens,0,3,1,0.4948614379158639,68,484,0.74728,0.74476,0.00252
athens,0,4,1,0.5051700959263116,69,485,0.74733,0.73995,0.00738
athens,0,5,1,0.5003360285173777,70,486,0.74983,0.74495,0.00488
athens,0,6,1,0.4999740744530913,71,487,0.74983,0.7448,0.00503
athens,1,1,1,0.32235549230873484,72,483,0.66118,0.65047,0.01071
athens,1,2,1,0.29985765125850805,73,483,0.66653,0.65047,0.01606
athens,1,3,1,0.48826534198228994,74,484,0.74328,0.7377,0.00558
athens,1,4,1,0.5137272261722259,75,485,0.74357,0.726,0.01757
athens,1,5,1,0.4990417095865681,76,486,0.74945,0.73785,0.0116
athens,1,6,1,0.500862719372721,77,487,0.74945,0.73701,0.01244
auckland,0,1,1,0.330879892940783,12,483,0.66544,0.663,0.00244
auckland,0,2,1,0.3259459253599702,13,483,0.66666,0.663,0.00366
auckland,0,3,1,0.5028125115794304,14,484,0.74853,0.74712,0.00141
auckland,0,4,1,0.5027495198404662,15,485,0.74855,0.74452,0.00403
auckland,0,5,1,0.4998630952020578,16,486,0.74991,0.74725,0.00266
auckland,0,6,1,0.4999740744530913,71,487,0.74991,0.74721,0.0027
auckland,1,1,1,0.675310642895732,78,483,0.66234,0.65387,0.00847
auckland,1,2,1,0.6929347705576563,79,483,0.66658,0.65387,0.01271
auckland,1,3,1,0.49054433598883623,80,484,0.74474,0.74019,0.00455
auckland,1,4,1,0.5104798858589339,81,485,0.74492,0.73098,0.01394
auckland,1,5,1,0.5006311126738192,4,486,0.7496,0.7404,0.0092
auckland,1,6,1,0.4995945614768435,82,487,0.7496,0.73987,0.00973
essex,0,1,1,0.6805962022731912,83,483,0.6597,0.6462,0.0135
essex,0,2,1,0.709328028164976,84,483,0.66644,0.6462,0.02024
essex,0,3,1,0.4851567323474261,85,484,0.74123,0.73428,0.00695
essex,0,4,1,0.517724221837622,86,485,0.7417,0.71977,0.02193
essex,0,5,1,0.5016453257504405,87,486,0.74904,0.73465,0.01439
essex,0,6,1,0.5012797872776706,88,487,0.74904,0.73332,0.01572
essex,1,1,1,0.3075751280986013,89,483,0.65379,0.62947,0.02432
essex,1,2,1,0.7469223363897993,90,483,0.66589,0.62947,0.03642
essex,1,3,1,0.5254874651174961,91,484,0.73299,0.72169,0.0113
essex,1,4,1,0.5363779324603437,32,485,0.73446,0.69576,0.0387
essex,1,5,1,0.4957974102576965,92,486,0.74711,0.7221,0.02501
essex,1,6,1,0.5056001608753238,43,487,0.74715,0.71794,0.02921
kyiv,0,1,1,0.332572911403726,93,483,0.66629,0.66553,0.00076
kyiv,0,2,1,0.6689503115563332,94,483,0.66667,0.66553,0.00114
kyiv,0,3,1,0.4990278845667171,95,484,0.74951,0.74903,0.00048
kyiv,0,4,1,0.49925671863567594,96,485,0.74951,0.74829,0.00122
kyiv,0,5,1,0.4998630952020578,16,486,0.74994,0.74915,0.00079
kyiv,0,6,1,0.4999512465805695,17,487,0.74994,0.74914,0.0008
kyiv,1,1,1,0.003163957598582365,97,483,0.50158,0.33545,0.16613
kyiv,1,2,1,0.00634825581632507,98,483,0.50159,0.33545,0.16614
kyiv,1,3,1,0.006328085201786193,99,484,0.50237,0.50159,0.00078
kyiv,1,4,1,0.987303147265172,100,485,0.50238,0.37659,0.12579
kyiv,1,5,1,0.009492382817833217,101,486,0.50297,0.50159,0.00138
kyiv,1,6,1,0.9809542092279943,102,487,0.50298,0.40784,0.09514
prague,0,1,1,0.28423162264691143,103,483,0.64212,0.59807,0.04405
prague,0,2,1,0.17524196462576497,104,483,0.66376,0.59807,0.06569
prague,0,3,1,0.45735287988863343,105,484,0.71515,0.69824,0.01691
prague,0,4,1,0.5808747531904824,106,485,0.71971,0.65239,0.06732
prague,0,5,1,0.4890432519128831,107,486,0.73998,0.69855,0.04143
prague,0,6,1,0.5230047944554517,108,487,0.74034,0.68577,0.05457
prague,1,1,1,0.6699269779594026,109,483,0.66504,0.6618,0.00324
prague,1,2,1,0.32350456727096966,110,483,0.66665,0.6618,0.00485
prague,1,3,1,0.49636571268893886,111,484,0.7481,0.74631,0.00179
prague,1,4,1,0.5037722688957775,112,485,0.74813,0.74273,0.0054
prague,1,5,1,0.4998630952020578,16,486,0.74994,0.74635,0.00359
prague,1,6,1,0.4999740744530913,71,487,0.74994,0.74627,0.00367
melbourne,0,1,1,0.6786562606040041,119,483,0.66067,0.649,0.01167
melbourne,0,2,1,0.7032821121249704,120,483,0.6665,0.649,0.0175
melbourne,0,3,1,0.5127834346250743,121,484,0.7426,0.73655,0.00605
melbourne,0,4,1,0.5150997503476765,122,485,0.74295,0.72385,0.0191
melbourne,0,5,1,0.498771606739647,58,486,0.74933,0.73675,0.01258
melbourne,0,6,1,0.5010137515322277,123,487,0.74934,0.73575,0.01359
melbourne,1,1,1,0.23861732906959043,124,483,0.61931,0.54227,0.07704
melbourne,1,2,1,0.9902567450545986,125,483,0.65517,0.54227,0.1129
melbourne,1,3,1,0.5667057558721798,126,484,0.67702,0.65618,0.02084
melbourne,1,4,1,0.30501246401162735,127,485,0.6896,0.58081,0.10879
melbourne,1,5,1,0.47399708717124694,128,486,0.71418,0.6567,0.05748
melbourne,1,6,1,0.5881464255797662,129,487,0.71673,0.62214,0.09459
manila,0,1,1,0.7124536905101168,130,483,0.64377,0.6024,0.04137
manila,0,2,1,0.18658577121169567,131,483,0.66415,0.6024,0.06175
manila,0,3,1,0.5404345501933687,132,484,0.71779,0.7015,0.01629
manila,0,4,1,0.42600184543961095,133,485,0.72185,0.65825,0.0636
manila,0,5,1,0.4901183627254588,134,486,0.74128,0.7018,0.03948
manila,0,6,1,0.5198753546695477,135,487,0.74156,0.69042,0.05114
manila,1,1,1,0.6731287022078623,136,483,0.66344,0.65707,0.00637
manila,1,2,1,0.31375933397104305,137,483,0.66662,0.65707,0.00955
manila,1,3,1,0.4928969846998261,138,484,0.74614,0.7427,0.00344
manila,1,4,1,0.49229012921930776,139,485,0.74625,0.7357,0.01055
manila,1,5,1,0.5003360285173777,70,486,0.74979,0.7428,0.00699
manila,1,6,1,0.5002541251683524,5,487,0.74979,0.7425,0.00729
montreal,0,1,1,0.6699269779594026,109,483,0.66508,0.66193,0.00315
montreal,0,2,1,0.6762235904088828,140,483,0.66666,0.66193,0.00473
montreal,0,3,1,0.49636571268893886,111,484,0.74813,0.74637,0.00176
montreal,0,4,1,0.5036214329736844,141,485,0.74816,0.74293,0.00523
montreal,0,5,1,0.4998630952020578,16,486,0.74992,0.74645,0.00347
montreal,0,6,1,0.4999740744530913,71,487,0.74992,0.74638,0.00354
montreal,1,1,1,0.7126060001425212,142,483,0.6437,0.6022,0.0415
montreal,1,2,1,0.18606661956814025,143,483,0.66413,0.6022,0.06193
montreal,1,3,1,0.5402793714492398,144,484,0.7178,0.70156,0.01624
montreal,1,4,1,0.5744875124656701,145,485,0.72185,0.65798,0.06387
montreal,1,5,1,0.4903294723032818,146,486,0.74135,0.70165,0.0397
montreal,1,6,1,0.5202511142113528,147,487,0.74163,0.69021,0.05142
rochester,0,1,1,0.67118598563662,66,483,0.66443,0.66,0.00443
rochester,0,2,1,0.6801795674057951,148,483,0.66664,0.66,0.00664
rochester,0,3,1,0.49469273770698136,149,484,0.7472,0.7446,0.0026
rochester,0,4,1,0.5049058089521876,150,485,0.74725,0.74005,0.0072
rochester,0,5,1,0.5006311126738192,4,486,0.74972,0.745,0.00472
rochester,0,6,1,0.49975426488415714,151,487,0.74972,0.74485,0.00487
rochester,1,1,1,0.08883826879271067,152,483,0.54442,0.39833,0.14609
rochester,1,2,1,0.6013539852906781,153,483,0.54875,0.39833,0.15042
rochester,1,3,1,0.8176413238685761,154,484,0.56578,0.54844,0.01734
rochester,1,4,1,0.2919502616448063,155,485,0.5722,0.4285,0.1437
rochester,1,5,1,0.2807833130079567,156,486,0.5812,0.54875,0.03245
rochester,1,6,1,0.3992430248505366,157,487,0.58912,0.46199,0.12713
torino,0,1,1,0.33104685147166346,158,483,0.66552,0.66325,0.00227
torino,0,2,1,0.3264505865376633,159,483,0.66666,0.66325,0.00341
torino,0,3,1,0.5028125115794304,14,484,0.74858,0.74721,0.00137
torino,0,4,1,0.4975844149830371,160,485,0.74859,0.74489,0.0037
torino,0,5,1,0.5003360285173777,70,486,0.74986,0.74744,0.00242
torino,0,6,1,0.49975426488415714,151,487,0.74986,0.7474,0.00246
torino,1,1,1,0.5000000000000001,161,483,0.5,0.28988,0.21012
torino,1,2,1,0.5088447392577782,162,483,0.53202,0.28988,0.24214
torino,1,3,1,0.1326262292363337,163,484,0.53259,0.46741,0.06518
torino,1,4,1,0.49115526074222077,164,485,0.54775,0.34453,0.20322
torino,1,5,1,0.3658449664015368,165,486,0.54861,0.45308,0.09553
torino,1,6,1,0.49115526074222154,166,487,0.55935,0.37682,0.18253
vigo,0,1,1,0.29819636465716903,167,483,0.6491,0.6166,0.0325
vigo,0,2,1,0.7776170581561601,168,483,0.6652,0.6166,0.0486
vigo,0,3,1,0.5326805351002719,169,484,0.72615,0.71227,0.01388
vigo,0,4,1,0.5532620704216403,170,485,0.7287,0.67772,0.05098
vigo,0,5,1,0.4935183921665938,171,486,0.7449,0.71245,0.03245
vigo,0,6,1,0.5114520260171399,172,487,0.74501,0.70521,0.0398
vigo,1,1,1,0.6731287022078623,136,483,0.66339,0.65693,0.00646
vigo,1,2,1,0.686517870966385,173,483,0.66662,0.65693,0.00969
vigo,1,3,1,0.49270856414665104,174,484,0.74604,0.74251,0.00353
vigo,1,4,1,0.49229012921930776,139,485,0.74615,0.73551,0.01064
vigo,1,5,1,0.5006311126738192,4,486,0.74973,0.7427,0.00703
vigo,1,6,1,0.5002541251683524,5,487,0.74973,0.74239,0.00734
belem,0,1,1,0.6855889208830386,175,483,0.65721,0.63907,0.01814
belem,0,2,1,0.27495667286085684,176,483,0.66625,0.63907,0.02718
belem,0,3,1,0.5192009459110423,177,484,0.738,0.72919,0.00881
belem,0,4,1,0.52551037494737,178,485,0.73881,0.70946,0.02935
belem,0,5,1,0.49770526785850205,179,486,0.74852,0.7293,0.01922
belem,0,6,1,0.5030617313059906,180,487,0.74853,0.72694,0.02159
belem,1,1,1,0.6759497093416249,181,483,0.66203,0.65293,0.0091
belem,1,2,1,0.6949035054212758,182,483,0.66657,0.65293,0.01364
belem,1,3,1,0.4899461941575728,183,484,0.74436,0.73954,0.00482
belem,1,4,1,0.51138674452382,184,485,0.74457,0.72961,0.01496
belem,1,5,1,0.4992482311837716,185,486,0.74958,0.7397,0.00988
belem,1,6,1,0.5005524469521746,186,487,0.74958,0.73909,0.01049
brooklyn,0,1,1,0.6722689075630252,187,483,0.66387,0.65833,0.00554
brooklyn,0,2,1,0.6836146122623371,188,483,0.66663,0.65833,0.0083
brooklyn,0,3,1,0.4937638624406198,189,484,0.74665,0.74361,0.00304
brooklyn,0,4,1,0.49342204425221575,190,485,0.74673,0.73758,0.00915
brooklyn,0,5,1,0.5003360285173777,70,486,0.74981,0.74375,0.00606
brooklyn,0,6,1,0.5001136907461385,191,487,0.74981,0.74352,0.00629
brooklyn,1,1,1,0.29238607415793944,192,483,0.64619,0.6088,0.03739
brooklyn,1,2,1,0.20297670983174793,193,483,0.66467,0.6088,0.05587
brooklyn,1,3,1,0.46073365262618216,194,484,0.72056,0.7045,0.01606
brooklyn,1,4,1,0.5627232642325023,195,485,0.72411,0.66697,0.05714
brooklyn,1,5,1,0.48943712492347563,196,486,0.74192,0.7066,0.03532
brooklyn,1,6,1,0.5136601383177788,197,487,0.74217,0.69718,0.04499
fez,0,1,1,0.6673184143179839,198,483,0.66634,0.66569,0.00065
fez,0,2,1,0.6686235982324013,199,483,0.66667,0.66569,0.00098
fez,0,3,1,0.5008363806975471,200,484,0.74958,0.74916,0.00042
fez,0,4,1,0.5006332713650077,201,485,0.74958,0.74854,0.00104
fez,0,5,1,0.4998630952020578,16,486,0.74995,0.74927,0.00068
fez,0,6,1,0.4999512465805695,17,487,0.74995,0.74926,0.00069
fez,1,1,1,0.2826620125778043,202,483,0.64133,0.59603,0.0453
fez,1,2,1,0.16983676787075966,203,483,0.66356,0.59603,0.06753
fez,1,3,1,0.5434143483740504,204,484,0.714,0.6969,0.0171
fez,1,4,1,0.5843648247307587,205,485,0.71879,0.64966,0.06913
fez,1,5,1,0.4887848545701186,206,486,0.73946,0.69702,0.04244
fez,1,6,1,0.5247941186157539,207,487,0.73985,0.68356,0.05629
guadalupe,0,1,1,0.6946856547412296,208,483,0.65266,0.62633,0.02633
guadalupe,0,2,1,0.7542499154297282,209,483,0.66575,0.62633,0.03942
guadalupe,0,3,1,0.47290812922957376,210,484,0.73147,0.71957,0.0119
guadalupe,0,4,1,0.540447865063798,211,485,0.73317,0.69133,0.04184
guadalupe,0,5,1,0.5045149850059255,212,486,0.74674,0.71975,0.02699
guadalupe,0,6,1,0.5070526286980686,213,487,0.74679,0.7149,0.03189
guadalupe,1,1,1,0.32858869343359737,214,483,0.66429,0.6596,0.00469
guadalupe,1,2,1,0.318998116566711,215,483,0.66664,0.6596,0.00704
guadalupe,1,3,1,0.49469273770698136,149,484,0.74718,0.74458,0.0026
guadalupe,1,4,1,0.5055122511747159,216,485,0.74723,0.73946,0.00777
guadalupe,1,5,1,0.5003360285173777,70,486,0.74985,0.7447,0.00515
guadalupe,1,6,1,0.5001136907461385,191,487,0.74985,0.74454,0.00531
london,0,1,1,0.7490636704119852,217,483,0.62547,0.55667,0.0688
london,0,2,1,0.9438859785737883,218,483,0.6581,0.55667,0.10143
london,0,3,1,0.43926445634303124,219,484,0.6877,0.66737,0.02033
london,0,4,1,0.6606968818745776,220,485,0.69795,0.59861,0.09934
london,0,5,1,0.521560335266372,221,486,0.7227,0.6675,0.0552
london,0,6,1,0.5669337977963695,222,487,0.7244,0.63903,0.08537
london,1,1,1,0.3258425451331563,223,483,0.66292,0.65556,0.00736
london,1,2,1,0.3106087270936918,224,483,0.6666,0.65556,0.01104
london,1,3,1,0.5082750016817095,225,484,0.74546,0.74146,0.004
london,1,4,1,0.5089492074501372,226,485,0.7456,0.73347,0.01213
london,1,5,1,0.5006311126738192,4,486,0.74968,0.74167,0.00801
london,1,6,1,0.5002541251683524,5,487,0.74968,0.74126,0.00842
mumbai,0,1,1,0.32750504371217215,227,483,0.66375,0.658,0.00575
mumbai,0,2,1,0.6843043840644669,228,483,0.66663,0.658,0.00863
mumbai,0,3,1,0.50644423179286,229,484,0.74653,0.74339,0.00314
mumbai,0,4,1,0.5068935321375775,230,485,0.74661,0.73708,0.00953
mumbai,0,5,1,0.5003360285173777,70,486,0.74981,0.7435,0.00631
mumbai,0,6,1,0.5001136907461385,191,487,0.74981,0.74325,0.00656
mumbai,1,1,1,0.714898484415213,231,483,0.64255,0.5992,0.04335
mumbai,1,2,1,0.17822822850461992,232,483,0.66386,0.5992,0.06466
mumbai,1,3,1,0.4582241546365658,233,484,0.71598,0.69933,0.01665
mumbai,1,4,1,0.5792527497623227,234,485,0.72038,0.65392,0.06646
mumbai,1,5,1,0.4896269384281912,235,486,0.74048,0.6994,0.04108
mumbai,1,6,1,0.5224327151827,236,487,0.74081,0.68699,0.05382
almaden,0,1,1,0.6734913793103449,35,483,0.6633,0.65667,0.00663
almaden,0,2,1,0.6870727266481157,237,483,0.66662,0.65667,0.00995
almaden,0,3,1,0.4924748904803208,37,484,0.74592,0.74228,0.00364
almaden,0,4,1,0.5079497800353949,238,485,0.74603,0.73511,0.01092
almaden,0,5,1,0.5006311126738192,4,486,0.74971,0.7425,0.00721
almaden,0,6,1,0.5001136907461385,191,487,0.74971,0.74217,0.00754
almaden,1,1,1,0.785340519722649,239,483,0.60733,0.51556,0.09177
almaden,1,2,1,0.11016791951784209,240,483,0.63667,0.51556,0.12111
almaden,1,3,1,0.4242142352051877,241,484,0.6566,0.63599,0.02061
almaden,1,4,1,0.7711049068689577,242,485,0.67346,0.54902,0.12444
almaden,1,5,1,0.46681883017867914,243,486,0.69585,0.63667,0.05918
almaden,1,6,1,0.6388843924535687,244,487,0.70035,0.59058,0.10977
geneva,0,1,1,0.26394818195200953,245,483,0.63197,0.5724,0.05957
geneva,0,2,1,0.10377233695091456,246,483,0.66069,0.5724,0.08829
geneva,0,3,1,0.44568544440858865,247,484,0.69863,0.67917,0.01946
geneva,0,4,1,0.6272510251771369,248,485,0.70656,0.6186,0.08796
geneva,0,5,1,0.4826362389698116,249,486,0.7304,0.6793,0.0511
geneva,0,6,1,0.5472544582440354,250,487,0.73144,0.65719,0.07425
geneva,1,1,1,0.6728569506122999,251,483,0.66357,0.65747,0.0061
geneva,1,2,1,0.31459005823297687,252,483,0.66662,0.65747,0.00915
geneva,1,3,1,0.4928969846998261,138,484,0.74619,0.74276,0.00343
geneva,1,4,1,0.4928690465100094,253,485,0.74629,0.7363,0.00999
geneva,1,5,1,0.5006311126738192,4,486,0.74968,0.7431,0.00658
geneva,1,6,1,0.4999740744530913,71,487,0.74968,0.74282,0.00686
lima,0,1,1,0.3258425451331563,223,483,0.66294,0.6556,0.00734
lima,0,2,1,0.3106087270936918,224,483,0.6666,0.6556,0.011
lima,0,3,1,0.5081216092877597,254,484,0.74554,0.74161,0.00393
lima,0,4,1,0.5089492074501372,226,485,0.74567,0.73354,0.01213
lima,0,5,1,0.5006311126738192,4,486,0.74974,0.7417,0.00804
lima,0,6,1,0.4995945614768435,82,487,0.74974,0.7413,0.00844
lima,1,1,1,0.30675909878682844,255,483,0.65338,0.62833,0.02505
lima,1,2,1,0.7495619747210225,256,483,0.66584,0.62833,0.03751
lima,1,3,1,0.5260427060940531,257,484,0.73246,0.72095,0.01151
lima,1,4,1,0.5378481586831766,258,485,0.73401,0.69415,0.03986
lima,1,5,1,0.4957974102576965,92,486,0.747,0.72125,0.02575
lima,1,6,1,0.5061553513462278,259,487,0.74704,0.71684,0.0302
makarresh,0,1,1,0.667913438418381,50,483,0.66607,0.66488,0.00119
makarresh,0,2,1,0.32973913953936945,260,483,0.66667,0.66488,0.00179
makarresh,0,3,1,0.5015207247195203,52,484,0.74928,0.74837,0.00091
makarresh,0,4,1,0.501296319111876,53,485,0.74928,0.74732,0.00196
makarresh,0,5,1,0.4998630952020578,16,486,0.74995,0.74866,0.00129
makarresh,0,6,1,0.4999512465805695,17,487,0.74995,0.74865,0.0013
makarresh,1,1,1,0.9745420383326365,261,483,0.51273,0.35075,0.16198
makarresh,1,2,1,0.05238900610031652,262,483,0.51306,0.35075,0.16231
makarresh,1,3,1,0.07651324778385096,263,484,0.51908,0.51274,0.00634
makarresh,1,4,1,0.1049692052405998,264,485,0.51957,0.3884,0.13117
makarresh,1,5,1,0.1277548595454614,265,486,0.52382,0.51306,0.01076
makarresh,1,6,1,0.9647843545015459,266,487,0.52445,0.41982,0.10463
manhattan,0,1,1,0.9121590805436466,267,483,0.54392,0.39753,0.14639
manhattan,0,2,1,0.6000098410514416,268,483,0.54815,0.39753,0.15062
manhattan,0,3,1,0.8198062074840325,269,484,0.56507,0.54807,0.017
manhattan,0,4,1,0.29484330697457295,270,485,0.57133,0.42779,0.14354
manhattan,0,5,1,0.7227327997532497,271,486,0.58034,0.54815,0.03219
manhattan,0,6,1,0.6313560649654637,272,487,0.58807,0.46123,0.12684
manhattan,1,1,1,0.33052152373301186,273,483,0.66526,0.66247,0.00279
manhattan,1,2,1,0.6751376730615842,274,483,0.66666,0.66247,0.00419
manhattan,1,3,1,0.4967247713961704,275,484,0.7483,0.74669,0.00161
manhattan,1,4,1,0.503107520075798,276,485,0.74832,0.74372,0.0046
manhattan,1,5,1,0.4998630952020578,16,486,0.74989,0.74685,0.00304
manhattan,1,6,1,0.4999740744530913,71,487,0.74989,0.74679,0.0031
valencia,0,1,1,0.6772314777190844,277,483,0.66138,0.65107,0.01031
valencia,0,2,1,0.698863240235245,278,483,0.66654,0.65107,0.01547
valencia,0,3,1,0.5113294068320995,279,484,0.74355,0.73815,0.0054
valencia,0,4,1,0.513149724506924,280,485,0.74382,0.72687,0.01695
valencia,0,5,1,0.4990417095865681,76,486,0.74949,0.7383,0.01119
valencia,0,6,1,0.500862719372721,77,487,0.74949,0.73752,0.01197
valencia,1,1,1,0.3083414026836353,281,483,0.65417,0.63053,0.02364
valencia,1,2,1,0.7444490454704117,282,483,0.66594,0.63053,0.03541
valencia,1,3,1,0.4752613387052967,41,484,0.73362,0.72263,0.01099
valencia,1,4,1,0.5351990913545055,283,485,0.73501,0.69727,0.03774
valencia,1,5,1,0.49615947092551027,33,486,0.74735,0.7229,0.02445
valencia,1,6,1,0.505409510350259,284,487,0.74738,0.71896,0.02842
boeblingen,0,1,1,0.32750504371217215,227,483,0.66371,0.65787,0.00584
boeblingen,0,2,1,0.6845805514718043,285,483,0.66663,0.65787,0.00876
boeblingen,0,3,1,0.5065541458061752,286,484,0.74647,0.74328,0.00319
boeblingen,0,4,1,0.5069946862942013,287,485,0.74655,0.73689,0.00966
boeblingen,0,5,1,0.5003360285173777,70,486,0.7498,0.7434,0.0064
boeblingen,0,6,1,0.5002541251683524,5,487,0.7498,0.74315,0.00665
boeblingen,1,1,1,0.7649353629618298,288,483,0.61753,0.5382,0.07933
boeblingen,1,2,1,0.9938395881741023,289,483,0.65365,0.5382,0.11545
boeblingen,1,3,1,0.43228773395797754,290,484,0.67417,0.6534,0.02077
boeblingen,1,4,1,0.294305805961766,291,485,0.68731,0.57587,0.11144
boeblingen,1,5,1,0.5266410973234322,292,486,0.71184,0.65365,0.05819
boeblingen,1,6,1,0.5952623521072374,293,487,0.7146,0.61735,0.09725
bogota,0,1,1,0.6789327177676694,294,483,0.66053,0.6486,0.01193
bogota,0,2,1,0.2958583614024141,295,483,0.66649,0.6486,0.01789
bogota,0,3,1,0.5129446047246671,296,484,0.74247,0.73635,0.00612
bogota,0,4,1,0.4844101885504404,297,485,0.74283,0.72327,0.01956
bogota,0,5,1,0.4989109515198858,298,486,0.74936,0.73645,0.01291
bogota,0,6,1,0.5011453267799477,59,487,0.74936,0.73541,0.01395
bogota,1,1,1,0.3071913537480949,299,483,0.6536,0.62893,0.02467
bogota,1,2,1,0.7481630054462077,300,483,0.66587,0.62893,0.03694
bogota,1,3,1,0.525855074929414,301,484,0.73269,0.72125,0.01144
bogota,1,4,1,0.46302700151679016,302,485,0.7342,0.695,0.0392
bogota,1,5,1,0.5043459652441081,303,486,0.747,0.7217,0.0253
bogota,1,6,1,0.5058677898789018,34,487,0.74705,0.71742,0.02963
cusco,0,1,1,0.6699269779594026,109,483,0.66503,0.66178,0.00325
cusco,0,2,1,0.32350456727096966,110,483,0.66665,0.66178,0.00487
cusco,0,3,1,0.49636571268893886,111,484,0.74807,0.74624,0.00183
cusco,0,4,1,0.5037722688957775,112,485,0.74809,0.7427,0.00539
cusco,0,5,1,0.4998630952020578,16,486,0.74991,0.74634,0.00357
cusco,0,6,1,0.4999740744530913,71,487,0.74991,0.74626,0.00365
cusco,1,1,1,0.5000000000000001,161,483,0.5,0.33203,0.16797
cusco,1,2,1,0.5001180278545798,304,483,0.50098,0.33203,0.16895
cusco,1,3,1,0.9960939403906321,305,484,0.50098,0.49902,0.00196
cusco,1,4,1,0.49988197214540775,306,485,0.50146,0.37403,0.12743
cusco,1,5,1,0.9921878013212372,307,486,0.50146,0.49854,0.00292
cusco,1,6,1,0.4998819721454077,308,487,0.50183,0.40528,0.09655
lagos,0,1,1,0.9650646593321751,309,483,0.51747,0.35747,0.16
lagos,0,2,1,0.07278150317206726,310,483,0.5181,0.35747,0.16063
lagos,0,3,1,0.9298838685118271,311,484,0.52616,0.51809,0.00807
lagos,0,4,1,0.859555768215669,312,485,0.5271,0.39376,0.13334
lagos,0,5,1,0.1055439245054388,313,486,0.53264,0.5181,0.01454
lagos,0,6,1,0.8713441405371527,314,487,0.53382,0.42533,0.10849
lagos,1,1,1,0.3258425451331563,223,483,0.66291,0.65553,0.00738
lagos,1,2,1,0.3106087270936918,224,483,0.6666,0.65553,0.01107
lagos,1,3,1,0.5082750016817095,225,484,0.74548,0.74151,0.00397
lagos,1,4,1,0.5089492074501372,226,485,0.74562,0.73344,0.01218
lagos,1,5,1,0.5006311126738192,4,486,0.74971,0.74165,0.00806
lagos,1,6,1,0.5002541251683524,5,487,0.74971,0.74125,0.00846
toronto,0,1,1,0.8159934720522236,315,483,0.592,0.48367,0.10833
toronto,0,2,1,0.7830784372061727,316,483,0.61275,0.48367,0.12908
toronto,0,3,1,0.4164165509383644,317,484,0.6313,0.6125,0.0188
toronto,0,4,1,0.11040199936876774,318,485,0.65267,0.51318,0.13949
toronto,0,5,1,0.4602334700169418,319,486,0.66982,0.61275,0.05707
toronto,0,6,1,0.7236588571935086,320,487,0.67698,0.55326,0.12372
toronto,1,1,1,0.3298485457713443,321,483,0.66492,0.66147,0.00345
toronto,1,2,1,0.3228243252987252,322,483,0.66665,0.66147,0.00518
toronto,1,3,1,0.496028110509444,323,484,0.74792,0.74597,0.00195
toronto,1,4,1,0.5039525050871005,324,485,0.74796,0.74223,0.00573
toronto,1,5,1,0.4998630952020578,16,486,0.74989,0.7461,0.00379
toronto,1,6,1,0.4999740744530913,71,487,0.74989,0.74601,0.00388
brisbane,0,1,1,0.7933372365525372,325,483,0.60333,0.507,0.09633
brisbane,0,2,1,0.8575503284373013,326,483,0.63025,0.507,0.12325
brisbane,0,3,1,0.5159858282861761,327,484,0.64097,0.59354,0.04743
brisbane,0,4,1,0.22091351300790085,328,485,0.65911,0.53918,0.11993
brisbane,0,5,1,0.026133694773930464,329,486,0.66154,0.62761,0.03393
brisbane,0,6,1,0.6133340123968927,330,487,0.67423,0.58049,0.09374
brisbane,1,1,1,0.330879892940783,12,483,0.66541,0.66292,0.00249
brisbane,1,2,1,0.3257900758619954,331,483,0.66666,0.66292,0.00374
brisbane,1,3,1,0.5028125115794304,14,484,0.74851,0.74708,0.00143
brisbane,1,4,1,0.5027495198404662,15,485,0.74852,0.7444,0.00412
brisbane,1,5,1,0.4998630952020578,16,486,0.74992,0.74719,0.00273
brisbane,1,6,1,0.4999740744530913,71,487,0.74992,0.74715,0.00277
perth,0,1,1,0.6863889079552473,332,483,0.65681,0.63793,0.01888
perth,0,2,1,0.7275821639984457,333,483,0.66622,0.63793,0.02829
perth,0,3,1,0.47993036763054914,334,484,0.73737,0.72821,0.00916
perth,0,4,1,0.5266387492000502,335,485,0.73826,0.70783,0.03043
perth,0,5,1,0.49738843751591083,336,486,0.74832,0.72845,0.01987
perth,0,6,1,0.5032034383583047,337,487,0.74834,0.7259,0.02244
perth,1,1,1,0.3245525160418777,338,483,0.66228,0.65367,0.00861
perth,1,2,1,0.3066439800576942,339,483,0.66658,0.65367,0.01291
perth,1,3,1,0.5095790292304753,340,484,0.74466,0.74006,0.0046
perth,1,4,1,0.4893219377488583,341,485,0.74485,0.73069,0.01416
perth,1,5,1,0.5006311126738192,4,486,0.7496,0.74025,0.00935
perth,1,6,1,0.4995945614768435,82,487,0.7496,0.7397,0.0099
santiago,0,1,1,0.6747638326585694,342,483,0.66262,0.65467,0.00795
santiago,0,2,1,0.30874684097306326,343,483,0.66659,0.65467,0.01192
santiago,0,3,1,0.49118651331114627,344,484,0.74512,0.74088,0.00424
santiago,0,4,1,0.5098288932697704,345,485,0.74528,0.73216,0.01312
santiago,0,5,1,0.5006311126738192,4,486,0.74968,0.741,0.00868
santiago,0,6,1,0.4995945614768435,82,487,0.74968,0.74053,0.00915
santiago,1,1,1,0.6709608158883521,346,483,0.66452,0.66027,0.00425
santiago,1,2,1,0.3203679104042649,347,483,0.66665,0.66027,0.00638
santiago,1,3,1,0.4952018460090312,348,484,0.74746,0.74511,0.00235
santiago,1,4,1,0.5049058089521876,150,485,0.74751,0.74045,0.00706
santiago,1,5,1,0.4998630952020578,16,486,0.74988,0.7452,0.00468
santiago,1,6,1,0.4999740744530913,71,487,0.74988,0.74506,0.00482
singapore,0,1,1,0.7082152974504249,349,483,0.64589,0.608,0.03789
singapore,0,2,1,0.20095118770615472,350,483,0.6646,0.608,0.0566
singapore,0,3,1,0.5373661229006819,351,484,0.7212,0.70582,0.01538
singapore,0,4,1,0.565569120358402,352,485,0.72462,0.66587,0.05875
singapore,0,5,1,0.4915905746310345,353,486,0.74287,0.706,0.03687
singapore,0,6,1,0.5163192816122647,354,487,0.74307,0.69634,0.04673
singapore,1,1,1,0.6743088334457181,0,483,0.66285,0.65533,0.00752
singapore,1,2,1,0.6898559442817153,1,483,0.6666,0.65533,0.01127
singapore,1,3,1,0.5084442056601712,2,484,0.74539,0.74134,0.00405
singapore,1,4,1,0.5091361383023542,3,485,0.74553,0.73314,0.01239
singapore,1,5,1,0.5006311126738192,4,486,0.74969,0.7415,0.00819
singapore,1,6,1,0.5002541251683524,5,487,0.74969,0.74108,0.00861
sydney,0,1,1,0.32917421345676534,355,483,0.66459,0.66047,0.00412
sydney,0,2,1,0.32077813450057346,356,483,0.66665,0.66047,0.00618
sydney,0,3,1,0.5046617086720159,357,484,0.74754,0.74525,0.00229
sydney,0,4,1,0.5049058089521876,150,485,0.74759,0.74074,0.00685
sydney,0,5,1,0.4998630952020578,16,486,0.74989,0.74535,0.00454
sydney,0,6,1,0.4999740744530913,71,487,0.74989,0.74522,0.00467
sydney,1,1,1,0.7237984944991314,358,483,0.6381,0.58773,0.05037
sydney,1,2,1,0.14736668634771713,359,483,0.66268,0.58773,0.07495
sydney,1,3,1,0.5474417796266492,360,484,0.70875,0.69066,0.01809
sydney,1,4,1,0.40152409170781955,361,485,0.71458,0.63861,0.07597
sydney,1,5,1,0.48664992648089755,362,486,0.73661,0.6908,0.04581
sydney,1,6,1,0.5317400874887794,363,487,0.73718,0.67446,0.06272
cairo,0,1,1,0.33104685147166346,158,483,0.66553,0.66327,0.00226
cairo,0,2,1,0.3264505865376633,159,483,0.66666,0.66327,0.00339
cairo,0,3,1,0.49734228063043223,364,484,0.74863,0.74732,0.00131
cairo,0,4,1,0.4975844149830371,160,485,0.74865,0.74491,0.00374
cairo,0,5,1,0.4998630952020578,16,486,0.74991,0.74745,0.00246
cairo,0,6,1,0.4999512465805695,17,487,0.74991,0.74741,0.0025
cairo,1,1,1,0.7403020432336391,365,483,0.62985,0.5672,0.06265
cairo,1,2,1,0.08835755287745002,366,483,0.6599,0.5672,0.0927
cairo,1,3,1,0.5598320862782725,367,484,0.69361,0.67292,0.02069
cairo,1,4,1,0.6360380541553047,368,485,0.70282,0.61193,0.09089
cairo,1,5,1,0.5221147458436585,369,486,0.72641,0.6754,0.05101
cairo,1,6,1,0.5505901458292374,370,487,0.72787,0.65123,0.07664
casablanca,0,1,1,0.6731287022078623,136,483,0.66344,0.65707,0.00637
casablanca,0,2,1,0.31375933397104305,137,483,0.66662,0.65707,0.00955
casablanca,0,3,1,0.4924748904803208,37,484,0.74597,0.74236,0.00361
casablanca,0,4,1,0.5073855469425156,371,485,0.74608,0.7357,0.01038
casablanca,0,5,1,0.4992482311837716,185,486,0.74961,0.7428,0.00681
casablanca,0,6,1,0.4999740744530913,71,487,0.74961,0.7425,0.00711
casablanca,1,1,1,0.3185225569033666,372,483,0.65926,0.64493,0.01433
casablanca,1,2,1,0.7120856138824566,373,483,0.66641,0.64493,0.02148
casablanca,1,3,1,0.4844820873422265,374,484,0.74073,0.73348,0.00725
casablanca,1,4,1,0.519162566943085,375,485,0.74125,0.71793,0.02332
casablanca,1,5,1,0.5016453257504405,87,486,0.74902,0.7337,0.01532
casablanca,1,6,1,0.5016703895796558,376,487,0.74903,0.73221,0.01682
johannesburg,0,1,1,0.6745362563237773,377,483,0.66273,0.655,0.00773
johannesburg,0,2,1,0.6905540833326139,378,483,0.6666,0.655,0.0116
johannesburg,0,3,1,0.4910641164131098,379,484,0.74509,0.74078,0.00431
johannesburg,0,4,1,0.5091361383023542,3,485,0.74525,0.73265,0.0126
johannesburg,0,5,1,0.4990417095865681,76,486,0.74952,0.74125,0.00827
johannesburg,0,6,1,0.4999740744530913,71,487,0.74952,0.74081,0.00871
johannesburg,1,1,1,0.7534091765237698,380,483,0.6233,0.55153,0.07177
johannesburg,1,2,1,0.9601069973961324,381,483,0.65712,0.55153,0.10559
johannesburg,1,3,1,0.4370746058550694,382,484,0.68393,0.66337,0.02056
johannesburg,1,4,1,0.3275512574521662,383,485,0.695,0.59221,0.10279
johannesburg,1,5,1,0.47684351854968937,384,486,0.71978,0.66365,0.05613
johannesburg,1,6,1,0.5740642009962282,385,487,0.72177,0.63303,0.08874
kawasaki,0,1,1,0.668189247231358,386,483,0.66591,0.66439,0.00152
kawasaki,0,2,1,0.32875515956170687,387,483,0.66666,0.66439,0.00227
kawasaki,0,3,1,0.501856425407343,388,484,0.74905,0.74813,0.00092
kawasaki,0,4,1,0.49841302267643517,389,485,0.74906,0.74659,0.00247
kawasaki,0,5,1,0.4998630952020578,16,486,0.74991,0.74829,0.00162
kawasaki,0,6,1,0.4999512465805695,17,487,0.74991,0.74827,0.00164
kawasaki,1,1,1,0.8528006399416004,390,483,0.5736,0.4484,0.1252
kawasaki,1,2,1,0.6959601715160054,391,483,0.5863,0.4484,0.1379
kawasaki,1,3,1,0.4814291484107763,392,484,0.60601,0.58626,0.01975
kawasaki,1,4,1,0.14545879857130373,393,485,0.62431,0.4762,0.14811
kawasaki,1,5,1,0.45401606548333245,394,486,0.63568,0.5863,0.04938
kawasaki,1,6,1,0.8634883547039816,395,487,0.64599,0.51357,0.13242
rome,0,1,1,0.31963532453395016,396,483,0.65982,0.64653,0.01329
rome,0,2,1,0.7086046887748684,397,483,0.66645,0.64653,0.01992
rome,0,3,1,0.5143422242222393,398,484,0.74153,0.73479,0.00674
rome,0,4,1,0.517724221837622,86,485,0.74197,0.72026,0.02171
rome,0,5,1,0.498771606739647,58,486,0.74921,0.7349,0.01431
rome,0,6,1,0.5014990308456181,399,487,0.74921,0.73361,0.0156
rome,1,1,1,0.32368456648180716,400,483,0.66184,0.6524,0.00944
rome,1,2,1,0.30396817764781237,401,483,0.66656,0.6524,0.01416
rome,1,3,1,0.5104122155761748,402,484,0.74413,0.73915,0.00498
rome,1,4,1,0.5118929016587509,403,485,0.74436,0.72883,0.01553
rome,1,5,1,0.4992482311837716,185,486,0.74956,0.7393,0.01026
rome,1,6,1,0.5005524469521746,186,487,0.74956,0.73864,0.01092
burlington,0,1,1,0.32235549230873484,72,483,0.66113,0.65033,0.0108
burlington,0,2,1,0.7004270153298958,404,483,0.66653,0.65033,0.0162
burlington,0,3,1,0.48826534198228994,74,484,0.74322,0.7376,0.00562
burlington,0,4,1,0.4861464574014482,405,485,0.74352,0.7258,0.01772
burlington,0,5,1,0.4990417095865681,76,486,0.74944,0.73775,0.01169
burlington,0,6,1,0.500862719372721,77,487,0.74944,0.73689,0.01255
burlington,1,1,1,0.6889424733034794,406,483,0.65553,0.63433,0.0212
burlington,1,2,1,0.7357244623601525,407,483,0.66609,0.63433,0.03176
burlington,1,3,1,0.47764837025667944,408,484,0.73556,0.72548,0.01008
burlington,1,4,1,0.530707228521637,409,485,0.73668,0.70268,0.034
burlington,1,5,1,0.49679633796243955,410,486,0.74787,0.72575,0.02212
burlington,1,6,1,0.5041852986216974,411,487,0.7479,0.72256,0.02534
osaka,0,1,1,0.9422406482615658,412,483,0.52888,0.3742,0.15468
osaka,0,2,1,0.8755291078937653,413,483,0.53065,0.3742,0.15645
osaka,0,3,1,0.11669392387087218,414,484,0.5431,0.52782,0.01528
osaka,0,4,1,0.938605780324911,415,485,0.54574,0.40753,0.13821
osaka,0,5,1,0.17682523721843876,416,486,0.55361,0.53065,0.02296
osaka,0,6,1,0.22632102770013632,417,487,0.5569,0.4397,0.1172
osaka,1,1,1,0.668189247231358,386,483,0.66586,0.66427,0.00159
osaka,1,2,1,0.3285102101902711,418,483,0.66666,0.66427,0.00239
osaka,1,3,1,0.501856425407343,388,484,0.74905,0.74813,0.00092
osaka,1,4,1,0.49822885676511125,419,485,0.74906,0.74641,0.00265
osaka,1,5,1,0.4998630952020578,16,486,0.74996,0.7482,0.00176
osaka,1,6,1,0.4999512465805695,17,487,0.74996,0.74818,0.00178
oslo,0,1,1,0.3298485457713443,321,483,0.66495,0.66153,0.00342
oslo,0,2,1,0.32296044644204824,420,483,0.66665,0.66153,0.00512
oslo,0,3,1,0.496028110509444,323,484,0.74795,0.74602,0.00193
oslo,0,4,1,0.5039525050871005,324,485,0.74798,0.74233,0.00565
oslo,0,5,1,0.4998630952020578,16,486,0.74989,0.74615,0.00374
oslo,0,6,1,0.4999740744530913,71,487,0.74989,0.74606,0.00383
oslo,1,1,1,0.6799945600435195,421,483,0.66,0.64707,0.01293
oslo,1,2,1,0.2925506317268177,422,483,0.66646,0.64707,0.01939
oslo,1,3,1,0.48600209179638404,423,484,0.74177,0.73518,0.00659
oslo,1,4,1,0.48291086289617124,424,485,0.74219,0.72103,0.02116
oslo,1,5,1,0.498771606739647,58,486,0.74924,0.7353,0.01394
oslo,1,6,1,0.5013983087136307,425,487,0.74924,0.73408,0.01516
paris,0,1,1,0.7758553805570639,426,483,0.61207,0.52593,0.08614
paris,0,2,1,0.06631204432365981,427,483,0.64445,0.52593,0.11852
paris,0,3,1,0.5715807685358665,428,484,0.66499,0.64433,0.02066
paris,0,4,1,0.2602372996202676,429,485,0.68001,0.56118,0.11883
paris,0,5,1,0.47042260445313605,430,486,0.70379,0.64445,0.05934
paris,0,6,1,0.6179284263955401,431,487,0.70736,0.60285,0.10451
paris,1,1,1,0.3302524948094569,432,483,0.66513,0.66207,0.00306
paris,1,2,1,0.6759518933689674,433,483,0.66666,0.66207,0.00459
paris,1,3,1,0.49636571268893886,111,484,0.74815,0.74639,0.00176
paris,1,4,1,0.503433277835667,434,485,0.74817,0.74312,0.00505
paris,1,5,1,0.4998630952020578,16,486,0.74988,0.74655,0.00333
paris,1,6,1,0.4999740744530913,71,487,0.74988,0.74648,0.0034
poughkeepsie,0,1,1,0.7535795026375284,435,483,0.62321,0.55133,0.07188
poughkeepsie,0,2,1,0.9607458462153339,436,483,0.65708,0.55133,0.10575
poughkeepsie,0,3,1,0.5662087309784117,437,484,0.68244,0.66111,0.02133
poughkeepsie,0,4,1,0.671393220653022,438,485,0.69412,0.59196,0.10216
poughkeepsie,0,5,1,0.4735358610247976,439,486,0.71817,0.6635,0.05467
poughkeepsie,0,6,1,0.5718916081653769,440,487,0.72045,0.6328,0.08765
poughkeepsie,1,1,1,0.676132521974307,441,483,0.66193,0.65267,0.00926
poughkeepsie,1,2,1,0.6954673610212799,442,483,0.66656,0.65267,0.01389
poughkeepsie,1,3,1,0.5104122155761748,402,484,0.74415,0.73916,0.00499
poughkeepsie,1,4,1,0.51138674452382,184,485,0.74437,0.72922,0.01515
poughkeepsie,1,5,1,0.4990417095865681,76,486,0.74947,0.7395,0.00997
poughkeepsie,1,6,1,0.4995945614768435,82,487,0.74947,0.73887,0.0106
algiers,0,1,1,0.6688068485821296,443,483,0.6656,0.66347,0.00213
algiers,0,2,1,0.32689217609620735,444,483,0.66666,0.66347,0.00319
algiers,0,3,1,0.49751135319799034,445,484,0.74872,0.74749,0.00123
algiers,0,4,1,0.4975844149830371,160,485,0.74873,0.74521,0.00352
algiers,0,5,1,0.4998630952020578,16,486,0.74993,0.7476,0.00233
algiers,0,6,1,0.4999512465805695,17,487,0.74993,0.74757,0.00236
algiers,1,1,1,0.6922810661128419,29,483,0.65388,0.62973,0.02415
algiers,1,2,1,0.7463030089325307,446,483,0.6659,0.62973,0.03617
algiers,1,3,1,0.5253315110429874,447,484,0.73313,0.72188,0.01125
algiers,1,4,1,0.5360305357135262,448,485,0.73458,0.69613,0.03845
algiers,1,5,1,0.4957974102576965,92,486,0.74715,0.7223,0.02485
algiers,1,6,1,0.5056001608753238,43,487,0.74719,0.71819,0.029
kolkata,0,1,1,0.6878998417830361,449,483,0.65605,0.6358,0.02025
kolkata,0,2,1,0.7323928832563252,450,483,0.66614,0.6358,0.03034
kolkata,0,3,1,0.47790572843558593,451,484,0.73597,0.72599,0.00998
kolkata,0,4,1,0.5284734828864246,452,485,0.73703,0.70477,0.03226
kolkata,0,5,1,0.5036244974417518,453,486,0.74773,0.72685,0.02088
kolkata,0,6,1,0.5031155880815639,454,487,0.74775,0.72393,0.02382
kolkata,1,1,1,0.6688068485821296,443,483,0.66557,0.6634,0.00217
kolkata,1,2,1,0.3267571057185642,455,483,0.66666,0.6634,0.00326
kolkata,1,3,1,0.49751135319799034,445,484,0.74872,0.74748,0.00124
kolkata,1,4,1,0.4975844149830371,160,485,0.74873,0.74511,0.00362
kolkata,1,5,1,0.4998630952020578,16,486,0.74995,0.74755,0.0024
kolkata,1,6,1,0.4999512465805695,17,487,0.74995,0.74751,0.00244
kyoto,0,1,1,0.6685832720465334,456,483,0.66571,0.6638,0.00191
kyoto,0,2,1,0.3275669871379299,457,483,0.66666,0.6638,0.00286
kyoto,0,3,1,0.49780236411209333,458,484,0.74887,0.74778,0.00109
kyoto,0,4,1,0.4978597629361258,459,485,0.74888,0.74571,0.00317
kyoto,0,5,1,0.4998630952020578,16,486,0.74995,0.74785,0.0021
kyoto,0,6,1,0.4999512465805695,17,487,0.74995,0.74782,0.00213
kyoto,1,1,1,0.07364520611394179,460,483,0.53682,0.38633,0.15049
kyoto,1,2,1,0.836876063768122,461,483,0.53975,0.38633,0.15342
kyoto,1,3,1,0.14983723095993706,462,484,0.55477,0.5397,0.01507
kyoto,1,4,1,0.7991334415205841,463,485,0.55912,0.41791,0.14121
kyoto,1,5,1,0.7713446581560126,464,486,0.56789,0.53975,0.02814
kyoto,1,6,1,0.6474792684141855,465,487,0.57328,0.45068,0.1226
nairobi,0,1,1,0.693481276005548,466,483,0.65326,0.628,0.02526
nairobi,0,2,1,0.7503406546572144,467,483,0.66583,0.628,0.03783
nairobi,0,3,1,0.5260427060940531,257,484,0.73235,0.72082,0.01153
nairobi,0,4,1,0.46162756724566595,468,485,0.73392,0.69368,0.04024
nairobi,0,5,1,0.4957974551304818,469,486,0.74701,0.721,0.02601
nairobi,0,6,1,0.5064157782727008,470,487,0.74706,0.71652,0.03054
nairobi,1,1,1,0.6749004521833031,471,483,0.66255,0.65447,0.00808
nairobi,1,2,1,0.3083269453868374,472,483,0.66659,0.65447,0.01212
nairobi,1,3,1,0.49090991347824336,473,484,0.74497,0.74059,0.00438
nairobi,1,4,1,0.5098288932697704,345,485,0.74514,0.73187,0.01327
nairobi,1,5,1,0.4992482311837716,185,486,0.7496,0.74085,0.00875
nairobi,1,6,1,0.5002541251683524,5,487,0.7496,0.74037,0.00923
quito,0,1,1,0.3234100135317997,474,483,0.66171,0.652,0.00971
quito,0,2,1,0.6968796516716749,475,483,0.66655,0.652,0.01455
quito,0,3,1,0.48826534198228994,74,484,0.74346,0.73789,0.00557
quito,0,4,1,0.51138674452382,184,485,0.74372,0.72824,0.01548
quito,0,5,1,0.49817394198504006,476,486,0.74904,0.739,0.01004
quito,0,6,1,0.49975426488415714,151,487,0.74904,0.73831,0.01073
quito,1,1,1,0.2800057599539204,477,483,0.64,0.5926,0.0474
quito,1,2,1,0.8393582327386275,478,483,0.66321,0.5926,0.07061
quito,1,3,1,0.4542655619297931,479,484,0.71156,0.69383,0.01773
quito,1,4,1,0.5896717339438642,480,485,0.71684,0.64507,0.07177
quito,1,5,1,0.5127253724536774,481,486,0.73802,0.69445,0.04357
quito,1,6,1,0.5269842479000119,482,487,0.7385,0.67982,0.05868
