hardware,embedding_index,method,horizon,algorithm_index,baseline_index,algorithm_prob,baseline_prob,diff
algiers,0,bellman,1,0,75,0.598190,0.598190,-0.000000
algiers,0,convex,1,1,80,-0.000000,0.000000,-0.000000
algiers,0,bellman,2,2,75,0.598190,0.598190,-0.000000
algiers,0,convex,2,3,81,0.498490,0.498490,-0.000000
algiers,0,bellman,3,4,76,0.992200,0.992200,-0.000000
algiers,0,convex,3,5,82,0.992200,0.992200,-0.000000
algiers,0,bellman,4,6,77,0.993150,0.991250,0.001900
algiers,0,convex,4,7,83,0.992200,0.987440,0.004760
algiers,0,bellman,5,8,78,0.996920,0.996920,0.000000
algiers,0,convex,5,9,84,0.996920,0.996920,0.000000
algiers,0,bellman,6,10,79,0.996930,0.996900,0.000030
algiers,0,convex,6,11,85,0.996920,0.996850,0.000070
algiers,1,bellman,1,0,75,0.598190,0.598190,-0.000000
algiers,1,convex,1,1,80,-0.000000,0.000000,-0.000000
algiers,1,bellman,2,2,75,0.598190,0.598190,-0.000000
algiers,1,convex,2,3,81,0.498490,0.498490,-0.000000
algiers,1,bellman,3,4,76,0.941750,0.941750,-0.000000
algiers,1,convex,3,5,82,0.941750,0.941750,-0.000000
algiers,1,bellman,4,6,77,0.952190,0.931320,0.020870
algiers,1,convex,4,7,83,0.941750,0.889580,0.052170
algiers,1,bellman,5,8,78,0.988150,0.988150,0.000000
algiers,1,convex,5,9,84,0.988150,0.988150,0.000000
algiers,1,bellman,6,10,79,0.989780,0.986510,0.003270
algiers,1,convex,6,11,85,0.988150,0.979950,0.008200
algiers,2,bellman,1,0,75,0.280000,0.280000,-0.000000
algiers,2,convex,1,1,80,-0.000000,0.000000,-0.000000
algiers,2,bellman,2,2,75,0.280000,0.280000,-0.000000
algiers,2,convex,2,3,81,0.233330,0.233330,-0.000000
algiers,2,bellman,3,4,76,0.464430,0.464430,0.000000
algiers,2,convex,3,5,82,0.464430,0.464430,0.000000
algiers,2,bellman,4,12,77,0.497510,0.463980,0.033530
algiers,2,convex,4,13,83,0.495510,0.462200,0.033310
algiers,2,bellman,5,14,78,0.499560,0.466630,0.032930
algiers,2,convex,5,15,84,0.498480,0.466630,0.031850
algiers,2,bellman,6,16,79,0.499970,0.466630,0.033340
algiers,2,convex,6,17,85,0.499840,0.466600,0.033240
algiers,3,bellman,1,0,75,0.280000,0.280000,-0.000000
algiers,3,convex,1,1,80,-0.000000,0.000000,-0.000000
algiers,3,bellman,2,2,75,0.280000,0.280000,-0.000000
algiers,3,convex,2,3,81,0.233330,0.233330,-0.000000
algiers,3,bellman,3,4,76,0.440810,0.440810,-0.000000
algiers,3,convex,3,5,82,0.440810,0.440810,-0.000000
algiers,3,bellman,4,12,77,0.472220,0.435930,0.036290
algiers,3,convex,4,18,83,0.470800,0.416390,0.054410
algiers,3,bellman,5,14,78,0.492190,0.462530,0.029660
algiers,3,convex,5,19,84,0.490620,0.462530,0.028090
algiers,3,bellman,6,16,79,0.495560,0.461760,0.033800
algiers,3,convex,6,20,85,0.495320,0.458690,0.036630
almaden,0,bellman,1,0,75,0.595580,0.595580,0.000000
almaden,0,convex,1,1,80,-0.000000,0.000000,-0.000000
almaden,0,bellman,2,2,75,0.595580,0.595580,0.000000
almaden,0,convex,2,3,81,0.496310,0.496310,-0.000000
almaden,0,bellman,3,4,76,0.977740,0.977740,0.000000
almaden,0,convex,3,5,82,0.977740,0.977740,0.000000
almaden,0,bellman,4,6,77,0.980670,0.974800,0.005870
almaden,0,convex,4,7,83,0.977740,0.963070,0.014670
almaden,0,bellman,5,8,78,0.991960,0.991960,-0.000000
almaden,0,convex,5,9,84,0.991960,0.991960,-0.000000
almaden,0,bellman,6,10,79,0.992090,0.991830,0.000260
almaden,0,convex,6,11,85,0.991960,0.991310,0.000650
almaden,1,bellman,1,0,75,0.595580,0.595580,0.000000
almaden,1,convex,1,1,80,-0.000000,0.000000,-0.000000
almaden,1,bellman,2,2,75,0.595580,0.595580,0.000000
almaden,1,convex,2,3,81,0.496310,0.496310,-0.000000
almaden,1,bellman,3,4,76,0.767630,0.767630,-0.000000
almaden,1,convex,3,5,82,0.767630,0.767630,-0.000000
almaden,1,bellman,4,6,77,0.802430,0.732830,0.069600
almaden,1,convex,4,7,83,0.767630,0.593630,0.174000
almaden,1,bellman,5,8,78,0.862750,0.862750,0.000000
almaden,1,convex,5,9,84,0.862750,0.862750,0.000000
almaden,1,bellman,6,10,79,0.881050,0.844450,0.036600
almaden,1,convex,6,11,85,0.862750,0.771250,0.091500
almaden,2,bellman,1,0,75,0.570080,0.570080,0.000000
almaden,2,convex,1,1,80,-0.000000,0.000000,-0.000000
almaden,2,bellman,2,2,75,0.570080,0.570080,0.000000
almaden,2,convex,2,3,81,0.475070,0.475070,0.000000
almaden,2,bellman,3,4,76,0.935880,0.935880,-0.000000
almaden,2,convex,3,5,82,0.935880,0.935880,-0.000000
almaden,2,bellman,4,6,77,0.938690,0.933070,0.005620
almaden,2,convex,4,7,83,0.935880,0.921840,0.014040
almaden,2,bellman,5,8,78,0.949500,0.949500,0.000000
almaden,2,convex,5,9,84,0.949500,0.949500,0.000000
almaden,2,bellman,6,10,79,0.949620,0.949370,0.000250
almaden,2,convex,6,11,85,0.949500,0.948870,0.000630
almaden,3,bellman,1,0,75,0.570080,0.570080,0.000000
almaden,3,convex,1,1,80,-0.000000,0.000000,-0.000000
almaden,3,bellman,2,2,75,0.570080,0.570080,0.000000
almaden,3,convex,2,3,81,0.475070,0.475070,0.000000
almaden,3,bellman,3,4,76,0.734770,0.734770,0.000000
almaden,3,convex,3,5,82,0.734770,0.734770,0.000000
almaden,3,bellman,4,6,77,0.768080,0.701460,0.066620
almaden,3,convex,4,7,83,0.734770,0.568220,0.166550
almaden,3,bellman,5,8,78,0.825810,0.825810,-0.000000
almaden,3,convex,5,9,84,0.825810,0.825810,-0.000000
almaden,3,bellman,6,10,79,0.843330,0.808300,0.035030
almaden,3,convex,6,11,85,0.825810,0.738230,0.087580
athens,0,bellman,1,0,75,0.596820,0.596820,0.000000
athens,0,convex,1,1,80,-0.000000,0.000000,-0.000000
athens,0,bellman,2,2,75,0.596820,0.596820,0.000000
athens,0,convex,2,3,81,0.497350,0.497350,0.000000
athens,0,bellman,3,4,76,0.984650,0.984650,0.000000
athens,0,convex,3,5,82,0.984650,0.984650,0.000000
athens,0,bellman,4,6,77,0.986640,0.982660,0.003980
athens,0,convex,4,7,83,0.984650,0.974700,0.009950
athens,0,bellman,5,8,78,0.994390,0.994390,-0.000000
athens,0,convex,5,9,84,0.994390,0.994390,-0.000000
athens,0,bellman,6,10,79,0.994450,0.994330,0.000120
athens,0,convex,6,11,85,0.994390,0.994090,0.000300
athens,1,bellman,1,0,75,0.589830,0.589830,-0.000000
athens,1,convex,1,1,80,-0.000000,0.000000,-0.000000
athens,1,bellman,2,2,75,0.589830,0.589830,-0.000000
athens,1,convex,2,3,81,0.491530,0.491530,0.000000
athens,1,bellman,3,4,76,0.973130,0.973130,0.000000
athens,1,convex,3,5,82,0.973130,0.973130,0.000000
athens,1,bellman,4,6,77,0.975090,0.971160,0.003930
athens,1,convex,4,7,83,0.973130,0.963300,0.009830
athens,1,bellman,5,8,78,0.982760,0.982760,0.000000
athens,1,convex,5,9,84,0.982760,0.982760,0.000000
athens,1,bellman,6,10,79,0.982810,0.982700,0.000110
athens,1,convex,6,11,85,0.982760,0.982460,0.000300
auckland,0,bellman,1,0,75,0.597930,0.597930,-0.000000
auckland,0,convex,1,1,80,-0.000000,0.000000,-0.000000
auckland,0,bellman,2,2,75,0.597930,0.597930,-0.000000
auckland,0,convex,2,3,81,0.498280,0.498280,0.000000
auckland,0,bellman,3,4,76,0.991080,0.991080,0.000000
auckland,0,convex,3,5,82,0.991080,0.991080,0.000000
auckland,0,bellman,4,6,77,0.992170,0.989990,0.002180
auckland,0,convex,4,7,83,0.991080,0.985630,0.005450
auckland,0,bellman,5,8,78,0.996470,0.996470,0.000000
auckland,0,convex,5,9,84,0.996470,0.996470,0.000000
auckland,0,bellman,6,10,79,0.996490,0.996450,0.000040
auckland,0,convex,6,11,85,0.996470,0.996380,0.000090
auckland,1,bellman,1,0,75,0.597930,0.597930,-0.000000
auckland,1,convex,1,1,80,-0.000000,0.000000,-0.000000
auckland,1,bellman,2,2,75,0.597930,0.597930,-0.000000
auckland,1,convex,2,3,81,0.498280,0.498280,0.000000
auckland,1,bellman,3,4,76,0.977420,0.977420,-0.000000
auckland,1,convex,3,5,82,0.977420,0.977420,-0.000000
auckland,1,bellman,4,6,77,0.981180,0.973670,0.007510
auckland,1,convex,4,7,83,0.977420,0.958660,0.018760
auckland,1,bellman,5,8,78,0.995470,0.995470,0.000000
auckland,1,convex,5,9,84,0.995470,0.995470,0.000000
auckland,1,bellman,6,10,79,0.995680,0.995260,0.000420
auckland,1,convex,6,11,85,0.995470,0.994410,0.001060
auckland,2,bellman,1,0,75,0.590660,0.590660,0.000000
auckland,2,convex,1,1,80,-0.000000,0.000000,-0.000000
auckland,2,bellman,2,2,75,0.590660,0.590660,0.000000
auckland,2,convex,2,3,81,0.492210,0.492210,-0.000000
auckland,2,bellman,3,4,76,0.979010,0.979010,-0.000000
auckland,2,convex,3,5,82,0.979010,0.979010,-0.000000
auckland,2,bellman,4,6,77,0.980090,0.977940,0.002150
auckland,2,convex,4,7,83,0.979010,0.973630,0.005380
auckland,2,bellman,5,8,78,0.984340,0.984340,0.000000
auckland,2,convex,5,9,84,0.984340,0.984340,0.000000
auckland,2,bellman,6,10,79,0.984360,0.984320,0.000040
auckland,2,convex,6,11,85,0.984340,0.984250,0.000090
belem,0,bellman,1,0,75,0.595720,0.595720,-0.000000
belem,0,convex,1,1,80,-0.000000,0.000000,-0.000000
belem,0,bellman,2,2,75,0.595720,0.595720,-0.000000
belem,0,convex,2,3,81,0.496440,0.496440,0.000000
belem,0,bellman,3,4,76,0.951770,0.951770,0.000000
belem,0,convex,3,5,82,0.951770,0.951770,0.000000
belem,0,bellman,4,6,77,0.959650,0.943890,0.015760
belem,0,convex,4,7,83,0.951770,0.912360,0.039410
belem,0,bellman,5,8,78,0.987910,0.987910,0.000000
belem,0,convex,5,9,84,0.987910,0.987910,0.000000
belem,0,bellman,6,10,79,0.988840,0.986970,0.001870
belem,0,convex,6,11,85,0.987910,0.983220,0.004690
belem,1,bellman,1,0,75,0.595720,0.595720,-0.000000
belem,1,convex,1,1,80,-0.000000,0.000000,-0.000000
belem,1,bellman,2,2,75,0.595720,0.595720,-0.000000
belem,1,convex,2,3,81,0.496440,0.496440,0.000000
belem,1,bellman,3,4,76,0.972420,0.972420,0.000000
belem,1,convex,3,5,82,0.972420,0.972420,0.000000
belem,1,bellman,4,6,77,0.976420,0.968410,0.008010
belem,1,convex,4,7,83,0.972420,0.952390,0.020030
belem,1,bellman,5,8,78,0.991620,0.991620,-0.000000
belem,1,convex,5,9,84,0.991620,0.991620,-0.000000
belem,1,bellman,6,10,79,0.991870,0.991380,0.000490
belem,1,convex,6,11,85,0.991620,0.990410,0.001210
belem,2,bellman,1,0,75,0.593380,0.593380,0.000000
belem,2,convex,1,1,80,-0.000000,0.000000,-0.000000
belem,2,bellman,2,2,75,0.593380,0.593380,0.000000
belem,2,convex,2,3,81,0.494480,0.494480,-0.000000
belem,2,bellman,3,4,76,0.968590,0.968590,0.000000
belem,2,convex,3,5,82,0.968590,0.968590,0.000000
belem,2,bellman,4,6,77,0.972580,0.964600,0.007980
belem,2,convex,4,7,83,0.968590,0.948640,0.019950
belem,2,bellman,5,8,78,0.987720,0.987720,0.000000
belem,2,convex,5,9,84,0.987720,0.987720,0.000000
belem,2,bellman,6,10,79,0.987960,0.987480,0.000480
belem,2,convex,6,11,85,0.987720,0.986510,0.001210
boeblingen,0,bellman,1,0,75,0.597560,0.597560,-0.000000
boeblingen,0,convex,1,1,80,-0.000000,0.000000,-0.000000
boeblingen,0,bellman,2,2,75,0.597560,0.597560,-0.000000
boeblingen,0,convex,2,3,81,0.497970,0.497970,0.000000
boeblingen,0,bellman,3,4,76,0.982790,0.982790,0.000000
boeblingen,0,convex,3,5,82,0.982790,0.982790,0.000000
boeblingen,0,bellman,4,6,77,0.985380,0.980190,0.005190
boeblingen,0,convex,4,7,83,0.982790,0.969820,0.012970
boeblingen,0,bellman,5,8,78,0.995420,0.995420,0.000000
boeblingen,0,convex,5,9,84,0.995420,0.995420,0.000000
boeblingen,0,bellman,6,10,79,0.995520,0.995320,0.000200
boeblingen,0,convex,6,11,85,0.995420,0.994910,0.000510
boeblingen,1,bellman,1,0,75,0.597560,0.597560,-0.000000
boeblingen,1,convex,1,1,80,-0.000000,0.000000,-0.000000
boeblingen,1,bellman,2,2,75,0.597560,0.597560,-0.000000
boeblingen,1,convex,2,3,81,0.497970,0.497970,0.000000
boeblingen,1,bellman,3,4,76,0.804020,0.804020,0.000000
boeblingen,1,convex,3,5,82,0.804020,0.804020,0.000000
boeblingen,1,bellman,4,6,77,0.835010,0.773030,0.061980
boeblingen,1,convex,4,7,83,0.804020,0.649080,0.154940
boeblingen,1,bellman,5,8,78,0.899240,0.899240,-0.000000
boeblingen,1,convex,5,9,84,0.899240,0.899240,-0.000000
boeblingen,1,bellman,6,10,79,0.913700,0.884780,0.028920
boeblingen,1,convex,6,11,85,0.899240,0.826930,0.072310
boeblingen,2,bellman,1,0,75,0.588920,0.588920,0.000000
boeblingen,2,convex,1,1,80,-0.000000,0.000000,-0.000000
boeblingen,2,bellman,2,2,75,0.588920,0.588920,0.000000
boeblingen,2,convex,2,3,81,0.490760,0.490760,-0.000000
boeblingen,2,bellman,3,4,76,0.968570,0.968570,-0.000000
boeblingen,2,convex,3,5,82,0.968570,0.968570,-0.000000
boeblingen,2,bellman,4,6,77,0.971130,0.966010,0.005120
boeblingen,2,convex,4,7,83,0.968570,0.955790,0.012780
boeblingen,2,bellman,5,8,78,0.981020,0.981020,0.000000
boeblingen,2,convex,5,9,84,0.981020,0.981020,0.000000
boeblingen,2,bellman,6,10,79,0.981120,0.980920,0.000200
boeblingen,2,convex,6,11,85,0.981020,0.980520,0.000500
boeblingen,3,bellman,1,0,75,0.588920,0.588920,0.000000
boeblingen,3,convex,1,1,80,-0.000000,0.000000,-0.000000
boeblingen,3,bellman,2,2,75,0.588920,0.588920,0.000000
boeblingen,3,convex,2,3,81,0.490760,0.490760,-0.000000
boeblingen,3,bellman,3,4,76,0.792390,0.792390,0.000000
boeblingen,3,convex,3,5,82,0.792390,0.792390,0.000000
boeblingen,3,bellman,4,6,77,0.822930,0.761850,0.061080
boeblingen,3,convex,4,7,83,0.792390,0.639690,0.152700
boeblingen,3,bellman,5,8,78,0.886230,0.886230,-0.000000
boeblingen,3,convex,5,9,84,0.886230,0.886230,-0.000000
boeblingen,3,bellman,6,10,79,0.900480,0.871980,0.028500
boeblingen,3,convex,6,11,85,0.886230,0.814970,0.071260
bogota,0,bellman,1,0,75,0.596560,0.596560,0.000000
bogota,0,convex,1,1,80,-0.000000,0.000000,-0.000000
bogota,0,bellman,2,2,75,0.596560,0.596560,0.000000
bogota,0,convex,2,3,81,0.497130,0.497130,-0.000000
bogota,0,bellman,3,4,76,0.937990,0.937990,0.000000
bogota,0,convex,3,5,82,0.937990,0.937990,0.000000
bogota,0,bellman,4,6,77,0.948610,0.927370,0.021240
bogota,0,convex,4,7,83,0.937990,0.884900,0.053090
bogota,0,bellman,5,8,78,0.985070,0.985070,0.000000
bogota,0,convex,5,9,84,0.985070,0.985070,0.000000
bogota,0,bellman,6,10,79,0.986770,0.983370,0.003400
bogota,0,convex,6,11,85,0.985070,0.976560,0.008510
bogota,1,bellman,1,0,75,0.569800,0.569800,-0.000000
bogota,1,convex,1,1,80,-0.000000,0.000000,-0.000000
bogota,1,bellman,2,2,75,0.569800,0.569800,-0.000000
bogota,1,convex,2,3,81,0.474830,0.474830,-0.000000
bogota,1,bellman,3,4,76,0.923930,0.923930,-0.000000
bogota,1,convex,3,5,82,0.923930,0.923930,-0.000000
bogota,1,bellman,4,6,77,0.928940,0.918920,0.010020
bogota,1,convex,4,7,83,0.923930,0.898890,0.025040
bogota,1,bellman,5,8,78,0.947610,0.947610,-0.000000
bogota,1,convex,5,9,84,0.947610,0.947610,-0.000000
bogota,1,bellman,6,10,79,0.948010,0.947220,0.000790
bogota,1,convex,6,11,85,0.947610,0.945630,0.001980
brooklyn,0,bellman,1,0,75,0.597450,0.597450,0.000000
brooklyn,0,convex,1,1,80,-0.000000,0.000000,-0.000000
brooklyn,0,bellman,2,2,75,0.597450,0.597450,0.000000
brooklyn,0,convex,2,3,81,0.497870,0.497870,-0.000000
brooklyn,0,bellman,3,4,76,0.983300,0.983300,-0.000000
brooklyn,0,convex,3,5,82,0.983300,0.983300,-0.000000
brooklyn,0,bellman,4,6,77,0.985760,0.980840,0.004920
brooklyn,0,convex,4,7,83,0.983300,0.971010,0.012290
brooklyn,0,bellman,5,8,78,0.995280,0.995280,-0.000000
brooklyn,0,convex,5,9,84,0.995280,0.995280,-0.000000
brooklyn,0,bellman,6,10,79,0.995380,0.995190,0.000190
brooklyn,0,convex,6,11,85,0.995280,0.994830,0.000450
brooklyn,1,bellman,1,0,75,0.597450,0.597450,0.000000
brooklyn,1,convex,1,1,80,-0.000000,0.000000,-0.000000
brooklyn,1,bellman,2,2,75,0.597450,0.597450,0.000000
brooklyn,1,convex,2,3,81,0.497870,0.497870,-0.000000
brooklyn,1,bellman,3,4,76,0.909320,0.909320,0.000000
brooklyn,1,convex,3,5,82,0.909320,0.909320,0.000000
brooklyn,1,bellman,4,6,77,0.925100,0.893530,0.031570
brooklyn,1,convex,4,7,83,0.909320,0.830390,0.078930
brooklyn,1,bellman,5,8,78,0.974540,0.974540,-0.000000
brooklyn,1,convex,5,9,84,0.974540,0.974540,-0.000000
brooklyn,1,bellman,6,10,79,0.978300,0.970790,0.007510
brooklyn,1,convex,6,11,85,0.974540,0.955770,0.018770
brooklyn,2,bellman,1,0,75,0.579340,0.579340,-0.000000
brooklyn,2,convex,1,1,80,-0.000000,0.000000,-0.000000
brooklyn,2,bellman,2,2,75,0.579340,0.579340,-0.000000
brooklyn,2,convex,2,3,81,0.482780,0.482780,-0.000000
brooklyn,2,bellman,3,4,76,0.953500,0.953500,0.000000
brooklyn,2,convex,3,5,82,0.953500,0.953500,0.000000
brooklyn,2,bellman,4,6,77,0.955880,0.951120,0.004760
brooklyn,2,convex,4,7,83,0.953500,0.941580,0.011920
brooklyn,2,bellman,5,8,78,0.965120,0.965120,-0.000000
brooklyn,2,convex,5,9,84,0.965120,0.965120,-0.000000
brooklyn,2,bellman,6,10,79,0.965210,0.965030,0.000180
brooklyn,2,convex,6,11,85,0.965120,0.964680,0.000440
brooklyn,3,bellman,1,0,75,0.579340,0.579340,-0.000000
brooklyn,3,convex,1,1,80,-0.000000,0.000000,-0.000000
brooklyn,3,bellman,2,2,75,0.579340,0.579340,-0.000000
brooklyn,3,convex,2,3,81,0.482780,0.482780,-0.000000
brooklyn,3,bellman,3,4,76,0.881760,0.881760,0.000000
brooklyn,3,convex,3,5,82,0.881760,0.881760,0.000000
brooklyn,3,bellman,4,6,77,0.897060,0.866450,0.030610
brooklyn,3,convex,4,7,83,0.881760,0.805220,0.076540
brooklyn,3,bellman,5,8,78,0.945010,0.945010,0.000000
brooklyn,3,convex,5,9,84,0.945010,0.945010,0.000000
brooklyn,3,bellman,6,10,79,0.948650,0.941370,0.007280
brooklyn,3,convex,6,11,85,0.945010,0.926810,0.018200
burlington,0,bellman,1,0,75,0.590010,0.590010,-0.000000
burlington,0,convex,1,1,80,-0.000000,0.000000,-0.000000
burlington,0,bellman,2,2,75,0.590010,0.590010,-0.000000
burlington,0,convex,2,3,81,0.491680,0.491680,0.000000
burlington,0,bellman,3,4,76,0.959270,0.959270,0.000000
burlington,0,convex,3,5,82,0.959270,0.959270,0.000000
burlington,0,bellman,4,6,77,0.963970,0.954570,0.009400
burlington,0,convex,4,7,83,0.959270,0.935760,0.023510
burlington,0,bellman,5,8,78,0.981620,0.981620,0.000000
burlington,0,convex,5,9,84,0.981620,0.981620,0.000000
burlington,0,bellman,6,10,79,0.981950,0.981280,0.000670
burlington,0,convex,6,11,85,0.981620,0.979930,0.001690
cairo,0,bellman,1,0,75,0.598280,0.598280,0.000010
cairo,0,convex,1,1,80,-0.000000,0.000000,-0.000000
cairo,0,bellman,2,2,75,0.598280,0.598280,0.000010
cairo,0,convex,2,3,81,0.498560,0.498560,-0.000000
cairo,0,bellman,3,4,76,0.992040,0.992040,0.000000
cairo,0,convex,3,5,82,0.992040,0.992040,0.000000
cairo,0,bellman,4,6,77,0.993050,0.991030,0.002020
cairo,0,convex,4,7,83,0.992040,0.986980,0.005060
cairo,0,bellman,5,8,78,0.997050,0.997050,0.000000
cairo,0,convex,5,9,84,0.997050,0.997050,0.000000
cairo,0,bellman,6,10,79,0.997060,0.997030,0.000030
cairo,0,convex,6,11,85,0.997050,0.996970,0.000080
cairo,1,bellman,1,0,75,0.598280,0.598280,0.000010
cairo,1,convex,1,1,80,-0.000000,0.000000,-0.000000
cairo,1,bellman,2,2,75,0.598280,0.598280,0.000010
cairo,1,convex,2,3,81,0.498560,0.498560,-0.000000
cairo,1,bellman,3,4,76,0.848350,0.848350,-0.000000
cairo,1,convex,3,5,82,0.848350,0.848350,-0.000000
cairo,1,bellman,4,6,77,0.873670,0.823040,0.050630
cairo,1,convex,4,7,83,0.848350,0.721780,0.126570
cairo,1,bellman,5,8,78,0.937160,0.937160,0.000000
cairo,1,convex,5,9,84,0.937160,0.937160,0.000000
cairo,1,bellman,6,10,79,0.946800,0.927520,0.019280
cairo,1,convex,6,11,85,0.937160,0.888960,0.048200
cairo,2,bellman,1,0,75,0.587470,0.587470,-0.000000
cairo,2,convex,1,1,80,-0.000000,0.000000,-0.000000
cairo,2,bellman,2,2,75,0.587470,0.587470,-0.000000
cairo,2,convex,2,3,81,0.489560,0.489560,-0.000000
cairo,2,bellman,3,4,76,0.974130,0.974130,0.000000
cairo,2,convex,3,5,82,0.974130,0.974130,0.000000
cairo,2,bellman,4,6,77,0.975120,0.973140,0.001980
cairo,2,convex,4,7,83,0.974130,0.969160,0.004970
cairo,2,bellman,5,8,78,0.979050,0.979050,0.000000
cairo,2,convex,5,9,84,0.979050,0.979050,0.000000
cairo,2,bellman,6,10,79,0.979060,0.979030,0.000030
cairo,2,convex,6,11,85,0.979050,0.978970,0.000080
cambridge,0,bellman,1,0,75,0.594430,0.594430,0.000000
cambridge,0,convex,1,1,80,-0.000000,0.000000,-0.000000
cambridge,0,bellman,2,2,75,0.594430,0.594430,0.000000
cambridge,0,convex,2,3,81,0.495360,0.495360,0.000000
cambridge,0,bellman,3,4,76,0.973870,0.973870,0.000000
cambridge,0,convex,3,5,82,0.973870,0.973870,0.000000
cambridge,0,bellman,4,6,77,0.977180,0.970560,0.006620
cambridge,0,convex,4,7,83,0.973870,0.957310,0.016560
cambridge,0,bellman,5,8,78,0.989860,0.989860,-0.000000
cambridge,0,convex,5,9,84,0.989860,0.989860,-0.000000
cambridge,0,bellman,6,10,79,0.990030,0.989700,0.000330
cambridge,0,convex,6,11,85,0.989860,0.989030,0.000830
cambridge,1,bellman,1,0,75,0.594430,0.594430,0.000000
cambridge,1,convex,1,1,80,-0.000000,0.000000,-0.000000
cambridge,1,bellman,2,2,75,0.594430,0.594430,0.000000
cambridge,1,convex,2,3,81,0.495360,0.495360,0.000000
cambridge,1,bellman,3,4,76,0.604330,0.604330,-0.000000
cambridge,1,convex,3,5,82,0.604330,0.604330,-0.000000
cambridge,1,bellman,4,6,77,0.651470,0.557200,0.094270
cambridge,1,convex,4,7,83,0.604330,0.368640,0.235690
cambridge,1,bellman,5,8,78,0.656190,0.656190,0.000000
cambridge,1,convex,5,9,84,0.656190,0.656190,0.000000
cambridge,1,bellman,6,10,79,0.689830,0.622540,0.067290
cambridge,1,convex,6,11,85,0.656190,0.487970,0.168220
cambridge,2,bellman,1,0,75,0.280000,0.280000,-0.000000
cambridge,2,convex,1,1,80,-0.000000,0.000000,-0.000000
cambridge,2,bellman,2,2,75,0.280000,0.280000,-0.000000
cambridge,2,convex,2,3,81,0.233330,0.233330,-0.000000
cambridge,2,bellman,3,4,76,0.458730,0.458730,-0.000000
cambridge,2,convex,3,5,82,0.458730,0.458730,-0.000000
cambridge,2,bellman,4,12,77,0.491410,0.457170,0.034240
cambridge,2,convex,4,21,83,0.489650,0.450940,0.038710
cambridge,2,bellman,5,14,78,0.498390,0.466270,0.032120
cambridge,2,convex,5,22,84,0.496850,0.466270,0.030580
cambridge,2,bellman,6,23,79,0.499570,0.466190,0.033380
cambridge,2,convex,6,24,85,0.499410,0.465880,0.033530
cambridge,3,bellman,1,0,75,0.280000,0.280000,-0.000000
cambridge,3,convex,1,1,80,-0.000000,0.000000,-0.000000
cambridge,3,bellman,2,2,75,0.280000,0.280000,-0.000000
cambridge,3,convex,2,3,81,0.233330,0.233330,-0.000000
cambridge,3,bellman,3,25,76,0.299910,0.284670,0.015240
cambridge,3,convex,3,5,82,0.284670,0.284670,0.000000
cambridge,3,bellman,4,26,77,0.319020,0.262460,0.056560
cambridge,3,convex,4,27,83,0.304220,0.173650,0.130570
cambridge,3,bellman,5,28,78,0.328770,0.309090,0.019680
cambridge,3,convex,5,29,84,0.321000,0.309090,0.011910
cambridge,3,bellman,6,30,79,0.341190,0.293240,0.047950
cambridge,3,convex,6,31,85,0.330770,0.229860,0.100910
casablanca,0,bellman,1,0,75,0.597010,0.597010,0.000000
casablanca,0,convex,1,1,80,-0.000000,0.000000,-0.000000
casablanca,0,bellman,2,2,75,0.597010,0.597010,0.000000
casablanca,0,convex,2,3,81,0.497500,0.497500,-0.000000
casablanca,0,bellman,3,4,76,0.962570,0.962570,-0.000000
casablanca,0,convex,3,5,82,0.962570,0.962570,-0.000000
casablanca,0,bellman,4,6,77,0.968850,0.956300,0.012550
casablanca,0,convex,4,7,83,0.962570,0.931190,0.031380
casablanca,0,bellman,5,8,78,0.991910,0.991910,0.000000
casablanca,0,convex,5,9,84,0.991910,0.991910,0.000000
casablanca,0,bellman,6,10,79,0.992500,0.991310,0.001190
casablanca,0,convex,6,11,85,0.991910,0.988940,0.002970
casablanca,1,bellman,1,0,75,0.592670,0.592670,-0.000000
casablanca,1,convex,1,1,80,-0.000000,0.000000,-0.000000
casablanca,1,bellman,2,2,75,0.592670,0.592670,-0.000000
casablanca,1,convex,2,3,81,0.493890,0.493890,-0.000000
casablanca,1,bellman,3,4,76,0.955580,0.955580,-0.000000
casablanca,1,convex,3,5,82,0.955580,0.955580,-0.000000
casablanca,1,bellman,4,6,77,0.961810,0.949350,0.012460
casablanca,1,convex,4,7,83,0.955580,0.924430,0.031150
casablanca,1,bellman,5,8,78,0.984700,0.984700,-0.000000
casablanca,1,convex,5,9,84,0.984700,0.984700,-0.000000
casablanca,1,bellman,6,10,79,0.985290,0.984110,0.001180
casablanca,1,convex,6,11,85,0.984700,0.981760,0.002940
essex,0,bellman,1,0,75,0.595560,0.595560,0.000000
essex,0,convex,1,1,80,-0.000000,0.000000,-0.000000
essex,0,bellman,2,2,75,0.595560,0.595560,0.000000
essex,0,convex,2,3,81,0.496300,0.496300,0.000000
essex,0,bellman,3,4,76,0.937210,0.937210,-0.000000
essex,0,convex,3,5,82,0.937210,0.937210,-0.000000
essex,0,bellman,4,6,77,0.947670,0.926750,0.020920
essex,0,convex,4,7,83,0.937210,0.884910,0.052300
essex,0,bellman,5,8,78,0.983670,0.983670,-0.000000
essex,0,convex,5,9,84,0.983670,0.983670,-0.000000
essex,0,bellman,6,10,79,0.985320,0.982020,0.003300
essex,0,convex,6,11,85,0.983670,0.975410,0.008260
essex,1,bellman,1,0,75,0.588710,0.588710,-0.000000
essex,1,convex,1,1,80,-0.000000,0.000000,-0.000000
essex,1,bellman,2,2,75,0.588710,0.588710,-0.000000
essex,1,convex,2,3,81,0.490590,0.490590,-0.000000
essex,1,bellman,3,4,76,0.951070,0.951070,0.000000
essex,1,convex,3,5,82,0.951070,0.951070,0.000000
essex,1,bellman,4,6,77,0.956910,0.945230,0.011680
essex,1,convex,4,7,83,0.951070,0.921870,0.029200
essex,1,bellman,5,8,78,0.978470,0.978470,-0.000000
essex,1,convex,5,9,84,0.978470,0.978470,-0.000000
essex,1,bellman,6,10,79,0.978990,0.977950,0.001040
essex,1,convex,6,11,85,0.978470,0.975860,0.002610
essex,2,bellman,1,0,75,0.588710,0.588710,-0.000000
essex,2,convex,1,1,80,-0.000000,0.000000,-0.000000
essex,2,bellman,2,2,75,0.588710,0.588710,-0.000000
essex,2,convex,2,3,81,0.490590,0.490590,-0.000000
essex,2,bellman,3,4,76,0.926440,0.926440,0.000000
essex,2,convex,3,5,82,0.926440,0.926440,0.000000
essex,2,bellman,4,6,77,0.936780,0.916100,0.020680
essex,2,convex,4,7,83,0.926440,0.874740,0.051700
essex,2,bellman,5,8,78,0.972360,0.972360,-0.000000
essex,2,convex,5,9,84,0.972360,0.972360,-0.000000
essex,2,bellman,6,10,79,0.974000,0.970730,0.003270
essex,2,convex,6,11,85,0.972360,0.964190,0.008170
geneva,0,bellman,1,0,75,0.598550,0.598550,0.000010
geneva,0,convex,1,1,80,-0.000000,0.000000,-0.000000
geneva,0,bellman,2,2,75,0.598550,0.598550,0.000010
geneva,0,convex,2,3,81,0.498790,0.498790,0.000000
geneva,0,bellman,3,4,76,0.856520,0.856520,0.000000
geneva,0,convex,3,5,82,0.856520,0.856520,0.000000
geneva,0,bellman,4,6,77,0.880740,0.832300,0.048440
geneva,0,convex,4,7,83,0.856520,0.735410,0.121110
geneva,0,bellman,5,8,78,0.943380,0.943380,0.000000
geneva,0,convex,5,9,84,0.943380,0.943380,0.000000
geneva,0,bellman,6,10,79,0.952200,0.934560,0.017640
geneva,0,convex,6,11,85,0.943380,0.899270,0.044110
geneva,1,bellman,1,0,75,0.598550,0.598550,0.000010
geneva,1,convex,1,1,80,-0.000000,0.000000,-0.000000
geneva,1,bellman,2,2,75,0.598550,0.598550,0.000010
geneva,1,convex,2,3,81,0.498790,0.498790,0.000000
geneva,1,bellman,3,4,76,0.983810,0.983810,0.000000
geneva,1,convex,3,5,82,0.983810,0.983810,0.000000
geneva,1,bellman,4,6,77,0.986520,0.981090,0.005430
geneva,1,convex,4,7,83,0.983810,0.970230,0.013580
geneva,1,bellman,5,8,78,0.997010,0.997010,-0.000000
geneva,1,convex,5,9,84,0.997010,0.997010,-0.000000
geneva,1,bellman,6,10,79,0.997120,0.996900,0.000220
geneva,1,convex,6,11,85,0.997010,0.996460,0.000550
geneva,2,bellman,1,0,75,0.280000,0.280000,-0.000000
geneva,2,convex,1,1,80,-0.000000,0.000000,-0.000000
geneva,2,bellman,2,2,75,0.280000,0.280000,-0.000000
geneva,2,convex,2,3,81,0.233330,0.233330,-0.000000
geneva,2,bellman,3,4,76,0.460230,0.460230,0.000000
geneva,2,convex,3,5,82,0.460230,0.460230,0.000000
geneva,2,bellman,4,12,77,0.493010,0.458960,0.034050
geneva,2,convex,4,32,83,0.491200,0.453880,0.037320
geneva,2,bellman,5,14,78,0.498740,0.466400,0.032340
geneva,2,convex,5,33,84,0.497250,0.466400,0.030850
geneva,2,bellman,6,16,79,0.499720,0.466350,0.033370
geneva,2,convex,6,34,85,0.499570,0.466140,0.033430
guadalupe,0,bellman,1,0,75,0.597300,0.597300,0.000000
guadalupe,0,convex,1,1,80,-0.000000,0.000000,-0.000000
guadalupe,0,bellman,2,2,75,0.597300,0.597300,0.000000
guadalupe,0,convex,2,3,81,0.497750,0.497750,0.000000
guadalupe,0,bellman,3,4,76,0.935260,0.935260,-0.000000
guadalupe,0,convex,3,5,82,0.935260,0.935260,-0.000000
guadalupe,0,bellman,4,6,77,0.946580,0.923950,0.022630
guadalupe,0,convex,4,7,83,0.935260,0.878680,0.056580
guadalupe,0,bellman,5,8,78,0.985000,0.985000,-0.000000
guadalupe,0,convex,5,9,84,0.985000,0.985000,-0.000000
guadalupe,0,bellman,6,10,79,0.986930,0.983070,0.003860
guadalupe,0,convex,6,11,85,0.985000,0.975350,0.009650
guadalupe,1,bellman,1,0,75,0.597300,0.597300,0.000000
guadalupe,1,convex,1,1,80,-0.000000,0.000000,-0.000000
guadalupe,1,bellman,2,2,75,0.597300,0.597300,0.000000
guadalupe,1,convex,2,3,81,0.497750,0.497750,0.000000
guadalupe,1,bellman,3,4,76,0.984940,0.984940,0.000000
guadalupe,1,convex,3,5,82,0.984940,0.984940,0.000000
guadalupe,1,bellman,4,6,77,0.987030,0.982850,0.004180
guadalupe,1,convex,4,7,83,0.984940,0.974500,0.010440
guadalupe,1,bellman,5,8,78,0.995160,0.995160,0.000000
guadalupe,1,convex,5,9,84,0.995160,0.995160,0.000000
guadalupe,1,bellman,6,10,79,0.995220,0.995090,0.000130
guadalupe,1,convex,6,11,85,0.995160,0.994830,0.000330
guadalupe,2,bellman,1,0,75,0.592040,0.592040,-0.000000
guadalupe,2,convex,1,1,80,-0.000000,0.000000,-0.000000
guadalupe,2,bellman,2,2,75,0.592040,0.592040,-0.000000
guadalupe,2,convex,2,3,81,0.493370,0.493370,0.000000
guadalupe,2,bellman,3,4,76,0.927040,0.927040,0.000000
guadalupe,2,convex,3,5,82,0.927040,0.927040,0.000000
guadalupe,2,bellman,4,6,77,0.938260,0.915820,0.022440
guadalupe,2,convex,4,7,83,0.927040,0.870950,0.056090
guadalupe,2,bellman,5,8,78,0.976340,0.976340,0.000000
guadalupe,2,convex,5,9,84,0.976340,0.976340,0.000000
guadalupe,2,bellman,6,10,79,0.978250,0.974430,0.003820
guadalupe,2,convex,6,11,85,0.976340,0.966780,0.009560
guadalupe,3,bellman,1,0,75,0.592040,0.592040,-0.000000
guadalupe,3,convex,1,1,80,-0.000000,0.000000,-0.000000
guadalupe,3,bellman,2,2,75,0.592040,0.592040,-0.000000
guadalupe,3,convex,2,3,81,0.493370,0.493370,0.000000
guadalupe,3,bellman,3,4,76,0.976280,0.976280,0.000000
guadalupe,3,convex,3,5,82,0.976280,0.976280,0.000000
guadalupe,3,bellman,4,6,77,0.978350,0.974210,0.004140
guadalupe,3,convex,4,7,83,0.976280,0.965930,0.010350
guadalupe,3,bellman,5,8,78,0.986410,0.986410,0.000000
guadalupe,3,convex,5,9,84,0.986410,0.986410,0.000000
guadalupe,3,bellman,6,10,79,0.986470,0.986340,0.000130
guadalupe,3,convex,6,11,85,0.986410,0.986080,0.000330
hanoi,0,bellman,1,0,75,0.598490,0.598490,0.000000
hanoi,0,convex,1,1,80,-0.000000,0.000000,-0.000000
hanoi,0,bellman,2,2,75,0.598490,0.598490,0.000000
hanoi,0,convex,2,3,81,0.498740,0.498740,0.000000
hanoi,0,bellman,3,4,76,0.991990,0.991990,-0.000000
hanoi,0,convex,3,5,82,0.991990,0.991990,-0.000000
hanoi,0,bellman,4,6,77,0.993080,0.990900,0.002180
hanoi,0,convex,4,7,83,0.991990,0.986530,0.005460
hanoi,0,bellman,5,8,78,0.997390,0.997390,0.000000
hanoi,0,convex,5,9,84,0.997390,0.997390,0.000000
hanoi,0,bellman,6,10,79,0.997400,0.997370,0.000030
hanoi,0,convex,6,11,85,0.997390,0.997300,0.000090
hanoi,1,bellman,1,0,75,0.598490,0.598490,0.000000
hanoi,1,convex,1,1,80,-0.000000,0.000000,-0.000000
hanoi,1,bellman,2,2,75,0.598490,0.598490,0.000000
hanoi,1,convex,2,3,81,0.498740,0.498740,0.000000
hanoi,1,bellman,3,4,76,0.913390,0.913390,0.000000
hanoi,1,convex,3,5,82,0.913390,0.913390,0.000000
hanoi,1,bellman,4,6,77,0.928790,0.897990,0.030800
hanoi,1,convex,4,7,83,0.913390,0.836390,0.077000
hanoi,1,bellman,5,8,78,0.977410,0.977410,0.000000
hanoi,1,convex,5,9,84,0.977410,0.977410,0.000000
hanoi,1,bellman,6,10,79,0.980970,0.973840,0.007130
hanoi,1,convex,6,11,85,0.977410,0.959580,0.017830
hanoi,2,bellman,1,0,75,0.280000,0.280000,-0.000000
hanoi,2,convex,1,1,80,-0.000000,0.000000,-0.000000
hanoi,2,bellman,2,2,75,0.280000,0.280000,-0.000000
hanoi,2,convex,2,3,81,0.233330,0.233330,-0.000000
hanoi,2,bellman,3,4,76,0.464100,0.464100,-0.000000
hanoi,2,convex,3,5,82,0.464100,0.464100,-0.000000
hanoi,2,bellman,4,12,77,0.497160,0.463590,0.033570
hanoi,2,convex,4,35,83,0.495180,0.461550,0.033630
hanoi,2,bellman,5,14,78,0.499510,0.466620,0.032890
hanoi,2,convex,5,36,84,0.498360,0.466620,0.031740
hanoi,2,bellman,6,23,79,0.499950,0.466620,0.033330
hanoi,2,convex,6,37,85,0.499820,0.466580,0.033240
hanoi,3,bellman,1,0,75,0.280000,0.280000,-0.000000
hanoi,3,convex,1,1,80,-0.000000,0.000000,-0.000000
hanoi,3,bellman,2,2,75,0.280000,0.280000,-0.000000
hanoi,3,convex,2,3,81,0.233330,0.233330,-0.000000
hanoi,3,bellman,3,4,76,0.427330,0.427330,0.000000
hanoi,3,convex,3,5,82,0.427330,0.427330,0.000000
hanoi,3,bellman,4,12,77,0.457770,0.420120,0.037650
hanoi,3,convex,4,38,83,0.456480,0.391300,0.065180
hanoi,3,bellman,5,14,78,0.485150,0.457280,0.027870
hanoi,3,convex,5,39,84,0.483680,0.457280,0.026400
hanoi,3,bellman,6,23,79,0.489930,0.455610,0.034320
hanoi,3,convex,6,40,85,0.489650,0.448930,0.040720
jakarta,0,bellman,1,0,75,0.597560,0.597560,-0.000000
jakarta,0,convex,1,1,80,-0.000000,0.000000,-0.000000
jakarta,0,bellman,2,2,75,0.597560,0.597560,-0.000000
jakarta,0,convex,2,3,81,0.497970,0.497970,0.000000
jakarta,0,bellman,3,4,76,0.980000,0.980000,-0.000000
jakarta,0,convex,3,5,82,0.980000,0.980000,-0.000000
jakarta,0,bellman,4,6,77,0.983140,0.976870,0.006270
jakarta,0,convex,4,7,83,0.980000,0.964320,0.015680
jakarta,0,bellman,5,8,78,0.995180,0.995180,-0.000000
jakarta,0,convex,5,9,84,0.995180,0.995180,-0.000000
jakarta,0,bellman,6,10,79,0.995330,0.995030,0.000300
jakarta,0,convex,6,11,85,0.995180,0.994440,0.000740
jakarta,1,bellman,1,0,75,0.594630,0.594630,-0.000000
jakarta,1,convex,1,1,80,-0.000000,0.000000,-0.000000
jakarta,1,bellman,2,2,75,0.594630,0.594630,-0.000000
jakarta,1,convex,2,3,81,0.495530,0.495530,0.000000
jakarta,1,bellman,3,4,76,0.975200,0.975200,0.000000
jakarta,1,convex,3,5,82,0.975200,0.975200,0.000000
jakarta,1,bellman,4,6,77,0.978320,0.972080,0.006240
jakarta,1,convex,4,7,83,0.975200,0.959590,0.015610
jakarta,1,bellman,5,8,78,0.990300,0.990300,0.000000
jakarta,1,convex,5,9,84,0.990300,0.990300,0.000000
jakarta,1,bellman,6,10,79,0.990450,0.990150,0.000300
jakarta,1,convex,6,11,85,0.990300,0.989560,0.000740
johannesburg,0,bellman,1,0,75,0.594620,0.594620,0.000000
johannesburg,0,convex,1,1,80,-0.000000,0.000000,-0.000000
johannesburg,0,bellman,2,2,75,0.594620,0.594620,0.000000
johannesburg,0,convex,2,3,81,0.495520,0.495520,0.000000
johannesburg,0,bellman,3,4,76,0.973690,0.973690,0.000000
johannesburg,0,convex,3,5,82,0.973690,0.973690,0.000000
johannesburg,0,bellman,4,6,77,0.977100,0.970280,0.006820
johannesburg,0,convex,4,7,83,0.973690,0.956650,0.017040
johannesburg,0,bellman,5,8,78,0.990130,0.990130,-0.000000
johannesburg,0,convex,5,9,84,0.990130,0.990130,-0.000000
johannesburg,0,bellman,6,10,79,0.990310,0.989960,0.000350
johannesburg,0,convex,6,11,85,0.990130,0.989250,0.000880
johannesburg,1,bellman,1,0,75,0.594620,0.594620,0.000000
johannesburg,1,convex,1,1,80,-0.000000,0.000000,-0.000000
johannesburg,1,bellman,2,2,75,0.594620,0.594620,0.000000
johannesburg,1,convex,2,3,81,0.495520,0.495520,0.000000
johannesburg,1,bellman,3,4,76,0.819880,0.819880,0.000000
johannesburg,1,convex,3,5,82,0.819880,0.819880,0.000000
johannesburg,1,bellman,4,6,77,0.848200,0.791560,0.056640
johannesburg,1,convex,4,7,83,0.819880,0.678290,0.141590
johannesburg,1,bellman,5,8,78,0.912570,0.912570,0.000000
johannesburg,1,convex,5,9,84,0.912570,0.912570,0.000000
johannesburg,1,bellman,6,10,79,0.924700,0.900430,0.024270
johannesburg,1,convex,6,11,85,0.912570,0.851880,0.060690
johannesburg,2,bellman,1,0,75,0.576470,0.576470,0.000010
johannesburg,2,convex,1,1,80,-0.000000,0.000000,-0.000000
johannesburg,2,bellman,2,2,75,0.576470,0.576470,0.000010
johannesburg,2,convex,2,3,81,0.480390,0.480390,0.000000
johannesburg,2,bellman,3,4,76,0.943960,0.943960,-0.000000
johannesburg,2,convex,3,5,82,0.943960,0.943960,-0.000000
johannesburg,2,bellman,4,6,77,0.947270,0.940660,0.006610
johannesburg,2,convex,4,7,83,0.943960,0.927440,0.016520
johannesburg,2,bellman,5,8,78,0.959900,0.959900,-0.000000
johannesburg,2,convex,5,9,84,0.959900,0.959900,-0.000000
johannesburg,2,bellman,6,10,79,0.960070,0.959730,0.000340
johannesburg,2,convex,6,11,85,0.959900,0.959050,0.000850
johannesburg,3,bellman,1,0,75,0.576470,0.576470,0.000010
johannesburg,3,convex,1,1,80,-0.000000,0.000000,-0.000000
johannesburg,3,bellman,2,2,75,0.576470,0.576470,0.000010
johannesburg,3,convex,2,3,81,0.480390,0.480390,0.000000
johannesburg,3,bellman,3,4,76,0.794850,0.794850,0.000000
johannesburg,3,convex,3,5,82,0.794850,0.794850,0.000000
johannesburg,3,bellman,4,6,77,0.822300,0.767400,0.054900
johannesburg,3,convex,4,7,83,0.794850,0.657580,0.137270
johannesburg,3,bellman,5,8,78,0.884710,0.884710,0.000000
johannesburg,3,convex,5,9,84,0.884710,0.884710,0.000000
johannesburg,3,bellman,6,10,79,0.896470,0.872940,0.023530
johannesburg,3,convex,6,11,85,0.884710,0.825870,0.058840
kolkata,0,bellman,1,0,75,0.598000,0.598000,0.000000
kolkata,0,convex,1,1,80,-0.000000,0.000000,-0.000000
kolkata,0,bellman,2,2,75,0.598000,0.598000,0.000000
kolkata,0,convex,2,3,81,0.498330,0.498330,-0.000000
kolkata,0,bellman,3,4,76,0.950520,0.950520,0.000000
kolkata,0,convex,3,5,82,0.950520,0.950520,0.000000
kolkata,0,bellman,4,6,77,0.959320,0.941710,0.017610
kolkata,0,convex,4,7,83,0.950520,0.906510,0.044010
kolkata,0,bellman,5,8,78,0.990450,0.990450,0.000000
kolkata,0,convex,5,9,84,0.990450,0.990450,0.000000
kolkata,0,bellman,6,10,79,0.991620,0.989280,0.002340
kolkata,0,convex,6,11,85,0.990450,0.984620,0.005830
kolkata,1,bellman,1,0,75,0.598000,0.598000,0.000000
kolkata,1,convex,1,1,80,-0.000000,0.000000,-0.000000
kolkata,1,bellman,2,2,75,0.598000,0.598000,0.000000
kolkata,1,convex,2,3,81,0.498330,0.498330,-0.000000
kolkata,1,bellman,3,4,76,0.991780,0.991780,0.000000
kolkata,1,convex,3,5,82,0.991780,0.991780,0.000000
kolkata,1,bellman,4,6,77,0.992750,0.990810,0.001940
kolkata,1,convex,4,7,83,0.991780,0.986920,0.004860
kolkata,1,bellman,5,8,78,0.996590,0.996590,0.000000
kolkata,1,convex,5,9,84,0.996590,0.996590,0.000000
kolkata,1,bellman,6,10,79,0.996600,0.996580,0.000020
kolkata,1,convex,6,11,85,0.996590,0.996520,0.000070
kolkata,2,bellman,1,0,75,0.574880,0.574880,-0.000000
kolkata,2,convex,1,1,80,-0.000000,0.000000,-0.000000
kolkata,2,bellman,2,2,75,0.574880,0.574880,-0.000000
kolkata,2,convex,2,3,81,0.479070,0.479070,0.000000
kolkata,2,bellman,3,4,76,0.953440,0.953440,-0.000000
kolkata,2,convex,3,5,82,0.953440,0.953440,-0.000000
kolkata,2,bellman,4,41,77,0.954380,0.952510,0.001870
kolkata,2,convex,4,42,83,0.953440,0.948770,0.004670
kolkata,2,bellman,5,43,78,0.958070,0.958070,0.000000
kolkata,2,convex,5,44,84,0.958070,0.958070,0.000000
kolkata,2,bellman,6,45,79,0.958080,0.958050,0.000030
kolkata,2,convex,6,46,85,0.958070,0.958000,0.000070
lagos,0,bellman,1,0,75,0.596700,0.596700,0.000000
lagos,0,convex,1,1,80,-0.000000,0.000000,-0.000000
lagos,0,bellman,2,2,75,0.596700,0.596700,0.000000
lagos,0,convex,2,3,81,0.497250,0.497250,0.000000
lagos,0,bellman,3,47,76,0.596700,0.533250,0.063450
lagos,0,convex,3,5,82,0.533250,0.533250,0.000000
lagos,0,bellman,4,48,77,0.596700,0.483780,0.112920
lagos,0,convex,4,49,83,0.533250,0.285930,0.247320
lagos,0,bellman,5,50,78,0.598490,0.551150,0.047340
lagos,0,convex,5,9,84,0.551150,0.551150,-0.000000
lagos,0,bellman,6,51,79,0.601970,0.514250,0.087720
lagos,0,convex,6,11,85,0.551150,0.366640,0.184510
lagos,1,bellman,1,0,75,0.596700,0.596700,0.000000
lagos,1,convex,1,1,80,-0.000000,0.000000,-0.000000
lagos,1,bellman,2,2,75,0.596700,0.596700,0.000000
lagos,1,convex,2,3,81,0.497250,0.497250,0.000000
lagos,1,bellman,3,4,76,0.977880,0.977880,-0.000000
lagos,1,convex,3,5,82,0.977880,0.977880,-0.000000
lagos,1,bellman,4,6,77,0.981150,0.974620,0.006530
lagos,1,convex,4,7,83,0.977880,0.961550,0.016330
lagos,1,bellman,5,8,78,0.993670,0.993670,0.000000
lagos,1,convex,5,9,84,0.993670,0.993670,0.000000
lagos,1,bellman,6,10,79,0.993830,0.993510,0.000320
lagos,1,convex,6,11,85,0.993670,0.992860,0.000810
lagos,2,bellman,1,0,75,0.588410,0.588410,0.000000
lagos,2,convex,1,1,80,-0.000000,0.000000,-0.000000
lagos,2,bellman,2,2,75,0.588410,0.588410,0.000000
lagos,2,convex,2,3,81,0.490340,0.490340,-0.000000
lagos,2,bellman,3,47,76,0.588410,0.525840,0.062570
lagos,2,convex,3,5,82,0.525840,0.525840,-0.000000
lagos,2,bellman,4,48,77,0.588410,0.477060,0.111350
lagos,2,convex,4,49,83,0.525840,0.281960,0.243880
lagos,2,bellman,5,50,78,0.590180,0.543500,0.046680
lagos,2,convex,5,9,84,0.543500,0.543500,0.000000
lagos,2,bellman,6,51,79,0.593610,0.507110,0.086500
lagos,2,convex,6,11,85,0.543500,0.361540,0.181960
lima,0,bellman,1,0,75,0.597620,0.597620,0.000010
lima,0,convex,1,1,80,-0.000000,0.000000,-0.000000
lima,0,bellman,2,2,75,0.597620,0.597620,0.000010
lima,0,convex,2,3,81,0.498010,0.498010,-0.000000
lima,0,bellman,3,4,76,0.938750,0.938750,-0.000000
lima,0,convex,3,5,82,0.938750,0.938750,-0.000000
lima,0,bellman,4,6,77,0.949550,0.927960,0.021590
lima,0,convex,4,7,83,0.938750,0.884780,0.053970
lima,0,bellman,5,8,78,0.986520,0.986520,-0.000000
lima,0,convex,5,9,84,0.986520,0.986520,-0.000000
lima,0,bellman,6,10,79,0.988280,0.984770,0.003510
lima,0,convex,6,11,85,0.986520,0.977750,0.008770
lima,1,bellman,1,0,75,0.591830,0.591830,0.000000
lima,1,convex,1,1,80,-0.000000,0.000000,-0.000000
lima,1,bellman,2,2,75,0.591830,0.591830,0.000000
lima,1,convex,2,3,81,0.493190,0.493190,0.000000
lima,1,bellman,3,4,76,0.970000,0.970000,-0.000000
lima,1,convex,3,5,82,0.970000,0.970000,-0.000000
lima,1,bellman,4,6,77,0.973220,0.966780,0.006440
lima,1,convex,4,7,83,0.970000,0.953900,0.016100
lima,1,bellman,5,8,78,0.985570,0.985570,-0.000000
lima,1,convex,5,9,84,0.985570,0.985570,-0.000000
lima,1,bellman,6,10,79,0.985730,0.985410,0.000320
lima,1,convex,6,11,85,0.985570,0.984780,0.000790
london,0,bellman,1,0,75,0.596630,0.596630,-0.000000
london,0,convex,1,1,80,-0.000000,0.000000,-0.000000
london,0,bellman,2,2,75,0.596630,0.596630,-0.000000
london,0,convex,2,3,81,0.497200,0.497200,0.000000
london,0,bellman,3,4,76,0.977820,0.977820,0.000000
london,0,convex,3,5,82,0.977820,0.977820,0.000000
london,0,bellman,4,6,77,0.981080,0.974560,0.006520
london,0,convex,4,7,83,0.977820,0.961520,0.016300
london,0,bellman,5,8,78,0.993570,0.993570,-0.000000
london,0,convex,5,9,84,0.993570,0.993570,-0.000000
london,0,bellman,6,10,79,0.993730,0.993410,0.000320
london,0,convex,6,11,85,0.993570,0.992770,0.000800
london,1,bellman,1,0,75,0.591590,0.591590,0.000000
london,1,convex,1,1,80,-0.000000,0.000000,-0.000000
london,1,bellman,2,2,75,0.591590,0.591590,0.000000
london,1,convex,2,3,81,0.492990,0.492990,0.000000
london,1,bellman,3,4,76,0.823290,0.823290,-0.000000
london,1,convex,3,5,82,0.823290,0.823290,-0.000000
london,1,bellman,4,6,77,0.850460,0.796120,0.054340
london,1,convex,4,7,83,0.823290,0.687450,0.135840
london,1,bellman,5,8,78,0.914310,0.914310,0.000000
london,1,convex,5,9,84,0.914310,0.914310,0.000000
london,1,bellman,6,10,79,0.925540,0.903080,0.022460
london,1,convex,6,11,85,0.914310,0.858160,0.056150
melbourne,0,bellman,1,0,75,0.594110,0.594110,0.000000
melbourne,0,convex,1,1,80,-0.000000,0.000000,-0.000000
melbourne,0,bellman,2,2,75,0.594110,0.594110,0.000000
melbourne,0,convex,2,3,81,0.495090,0.495090,0.000000
melbourne,0,bellman,3,4,76,0.963940,0.963940,0.000000
melbourne,0,convex,3,5,82,0.963940,0.963940,0.000000
melbourne,0,bellman,4,6,77,0.969050,0.958830,0.010220
melbourne,0,convex,4,7,83,0.963940,0.938390,0.025550
melbourne,0,bellman,5,8,78,0.988130,0.988130,0.000000
melbourne,0,convex,5,9,84,0.988130,0.988130,0.000000
melbourne,0,bellman,6,10,79,0.988520,0.987730,0.000790
melbourne,0,convex,6,11,85,0.988130,0.986150,0.001980
melbourne,1,bellman,1,0,75,0.594110,0.594110,0.000000
melbourne,1,convex,1,1,80,-0.000000,0.000000,-0.000000
melbourne,1,bellman,2,2,75,0.594110,0.594110,0.000000
melbourne,1,convex,2,3,81,0.495090,0.495090,0.000000
melbourne,1,bellman,3,4,76,0.805410,0.805410,-0.000000
melbourne,1,convex,3,5,82,0.805410,0.805410,-0.000000
melbourne,1,bellman,4,6,77,0.835470,0.775350,0.060120
melbourne,1,convex,4,7,83,0.805410,0.655120,0.150290
melbourne,1,bellman,5,8,78,0.899610,0.899610,-0.000000
melbourne,1,convex,5,9,84,0.899610,0.899610,-0.000000
melbourne,1,bellman,6,10,79,0.913300,0.885930,0.027370
melbourne,1,convex,6,11,85,0.899610,0.831180,0.068430
melbourne,2,bellman,1,0,75,0.577760,0.577760,0.000000
melbourne,2,convex,1,1,80,-0.000000,0.000000,-0.000000
melbourne,2,bellman,2,2,75,0.577760,0.577760,0.000000
melbourne,2,convex,2,3,81,0.481470,0.481470,0.000000
melbourne,2,bellman,3,4,76,0.937410,0.937410,-0.000000
melbourne,2,convex,3,5,82,0.937410,0.937410,-0.000000
melbourne,2,bellman,4,6,77,0.942380,0.932450,0.009930
melbourne,2,convex,4,7,83,0.937410,0.912570,0.024840
melbourne,2,bellman,5,8,78,0.960940,0.960940,0.000000
melbourne,2,convex,5,9,84,0.960940,0.960940,0.000000
melbourne,2,bellman,6,10,79,0.961320,0.960550,0.000770
melbourne,2,convex,6,11,85,0.960940,0.959020,0.001920
melbourne,3,bellman,1,0,75,0.577760,0.577760,0.000000
melbourne,3,convex,1,1,80,-0.000000,0.000000,-0.000000
melbourne,3,bellman,2,2,75,0.577760,0.577760,0.000000
melbourne,3,convex,2,3,81,0.481470,0.481470,0.000000
melbourne,3,bellman,3,4,76,0.783250,0.783250,0.000000
melbourne,3,convex,3,5,82,0.783250,0.783250,0.000000
melbourne,3,bellman,4,6,77,0.812480,0.754020,0.058460
melbourne,3,convex,4,7,83,0.783250,0.637090,0.146160
melbourne,3,bellman,5,8,78,0.874860,0.874860,0.000000
melbourne,3,convex,5,9,84,0.874860,0.874860,0.000000
melbourne,3,bellman,6,10,79,0.888170,0.861550,0.026620
melbourne,3,convex,6,11,85,0.874860,0.808310,0.066550
manhattan,0,bellman,1,0,75,0.597020,0.597020,0.000000
manhattan,0,convex,1,1,80,-0.000000,0.000000,-0.000000
manhattan,0,bellman,2,2,75,0.597020,0.597020,0.000000
manhattan,0,convex,2,3,81,0.497520,0.497520,0.000000
manhattan,0,bellman,3,47,76,0.597020,0.593340,0.003680
manhattan,0,convex,3,5,82,0.593340,0.593340,0.000000
manhattan,0,bellman,4,6,77,0.641240,0.545430,0.095810
manhattan,0,convex,4,7,83,0.593340,0.353810,0.239530
manhattan,0,bellman,5,50,78,0.642130,0.639470,0.002660
manhattan,0,convex,5,9,84,0.639470,0.639470,-0.000000
manhattan,0,bellman,6,10,79,0.674070,0.604870,0.069200
manhattan,0,convex,6,11,85,0.639470,0.466490,0.172980
manhattan,1,bellman,1,0,75,0.597020,0.597020,0.000000
manhattan,1,convex,1,1,80,-0.000000,0.000000,-0.000000
manhattan,1,bellman,2,2,75,0.597020,0.597020,0.000000
manhattan,1,convex,2,3,81,0.497520,0.497520,0.000000
manhattan,1,bellman,3,4,76,0.988760,0.988760,-0.000000
manhattan,1,convex,3,5,82,0.988760,0.988760,-0.000000
manhattan,1,bellman,4,6,77,0.990010,0.987520,0.002490
manhattan,1,convex,4,7,83,0.988760,0.982530,0.006230
manhattan,1,bellman,5,8,78,0.994910,0.994910,-0.000000
manhattan,1,convex,5,9,84,0.994910,0.994910,-0.000000
manhattan,1,bellman,6,10,79,0.994940,0.994890,0.000050
manhattan,1,convex,6,11,85,0.994910,0.994800,0.000110
manhattan,2,bellman,1,0,75,0.280000,0.280000,-0.000000
manhattan,2,convex,1,1,80,-0.000000,0.000000,-0.000000
manhattan,2,bellman,2,2,75,0.280000,0.280000,-0.000000
manhattan,2,convex,2,3,81,0.233330,0.233330,-0.000000
manhattan,2,bellman,3,25,76,0.299910,0.278270,0.021640
manhattan,2,convex,3,5,82,0.278270,0.278270,-0.000000
manhattan,2,bellman,4,26,77,0.312610,0.255810,0.056800
manhattan,2,convex,4,52,83,0.297390,0.165930,0.131460
manhattan,2,bellman,5,28,78,0.322200,0.299910,0.022290
manhattan,2,convex,5,53,84,0.311300,0.299910,0.011390
manhattan,2,bellman,6,30,79,0.331790,0.283680,0.048110
manhattan,2,convex,6,54,85,0.320940,0.218780,0.102160
manhattan,3,bellman,1,0,75,0.280000,0.280000,-0.000000
manhattan,3,convex,1,1,80,-0.000000,0.000000,-0.000000
manhattan,3,bellman,2,2,75,0.280000,0.280000,-0.000000
manhattan,3,convex,2,3,81,0.233330,0.233330,-0.000000
manhattan,3,bellman,3,4,76,0.463730,0.463730,0.000000
manhattan,3,convex,3,5,82,0.463730,0.463730,0.000000
manhattan,3,bellman,4,12,77,0.496760,0.463140,0.033620
manhattan,3,convex,4,55,83,0.494800,0.460810,0.033990
manhattan,3,bellman,5,14,78,0.499440,0.466610,0.032830
manhattan,3,convex,5,56,84,0.498230,0.466610,0.031620
manhattan,3,bellman,6,23,79,0.499940,0.466600,0.033340
manhattan,3,convex,6,57,85,0.499810,0.466560,0.033250
manila,0,bellman,1,0,75,0.597720,0.597720,-0.000000
manila,0,convex,1,1,80,-0.000000,0.000000,-0.000000
manila,0,bellman,2,2,75,0.597720,0.597720,-0.000000
manila,0,convex,2,3,81,0.498100,0.498100,-0.000000
manila,0,bellman,3,4,76,0.900170,0.900170,0.000000
manila,0,convex,3,5,82,0.900170,0.900170,0.000000
manila,0,bellman,4,6,77,0.917520,0.882810,0.034710
manila,0,convex,4,7,83,0.900170,0.813390,0.086780
manila,0,bellman,5,8,78,0.970210,0.970210,-0.000000
manila,0,convex,5,9,84,0.970210,0.970210,-0.000000
manila,0,bellman,6,10,79,0.974750,0.965680,0.009070
manila,0,convex,6,11,85,0.970210,0.947540,0.022670
manila,1,bellman,1,0,75,0.594420,0.594420,-0.000000
manila,1,convex,1,1,80,-0.000000,0.000000,-0.000000
manila,1,bellman,2,2,75,0.594420,0.594420,-0.000000
manila,1,convex,2,3,81,0.495350,0.495350,-0.000000
manila,1,bellman,3,4,76,0.976440,0.976440,-0.000000
manila,1,convex,3,5,82,0.976440,0.976440,-0.000000
manila,1,bellman,4,6,77,0.979250,0.973630,0.005620
manila,1,convex,4,7,83,0.976440,0.962380,0.014060
manila,1,bellman,5,8,78,0.990100,0.990100,0.000000
manila,1,convex,5,9,84,0.990100,0.990100,0.000000
manila,1,bellman,6,10,79,0.990220,0.989980,0.000240
manila,1,convex,6,11,85,0.990100,0.989500,0.000600
montreal,0,bellman,1,0,75,0.597770,0.597770,0.000000
montreal,0,convex,1,1,80,-0.000000,0.000000,-0.000000
montreal,0,bellman,2,2,75,0.597770,0.597770,0.000000
montreal,0,convex,2,3,81,0.498140,0.498140,0.000000
montreal,0,bellman,3,4,76,0.989200,0.989200,-0.000000
montreal,0,convex,3,5,82,0.989200,0.989200,-0.000000
montreal,0,bellman,4,6,77,0.990610,0.987800,0.002810
montreal,0,convex,4,7,83,0.989200,0.982180,0.007020
montreal,0,bellman,5,8,78,0.996130,0.996130,0.000000
montreal,0,convex,5,9,84,0.996130,0.996130,0.000000
montreal,0,bellman,6,10,79,0.996160,0.996100,0.000060
montreal,0,convex,6,11,85,0.996130,0.995980,0.000150
montreal,1,bellman,1,0,75,0.597770,0.597770,0.000000
montreal,1,convex,1,1,80,-0.000000,0.000000,-0.000000
montreal,1,bellman,2,2,75,0.597770,0.597770,0.000000
montreal,1,convex,2,3,81,0.498140,0.498140,0.000000
montreal,1,bellman,3,4,76,0.899940,0.899940,0.000000
montreal,1,convex,3,5,82,0.899940,0.899940,0.000000
montreal,1,bellman,4,6,77,0.917340,0.882530,0.034810
montreal,1,convex,4,7,83,0.899940,0.812910,0.087030
montreal,1,bellman,5,8,78,0.970130,0.970130,0.000000
montreal,1,convex,5,9,84,0.970130,0.970130,0.000000
montreal,1,bellman,6,10,79,0.974690,0.965570,0.009120
montreal,1,convex,6,11,85,0.970130,0.947330,0.022800
montreal,2,bellman,1,0,75,0.588850,0.588850,-0.000000
montreal,2,convex,1,1,80,-0.000000,0.000000,-0.000000
montreal,2,bellman,2,2,75,0.588850,0.588850,-0.000000
montreal,2,convex,2,3,81,0.490710,0.490710,-0.000000
montreal,2,bellman,3,4,76,0.974450,0.974450,-0.000000
montreal,2,convex,3,5,82,0.974450,0.974450,-0.000000
montreal,2,bellman,4,6,77,0.975840,0.973070,0.002770
montreal,2,convex,4,7,83,0.974450,0.967530,0.006920
montreal,2,bellman,5,8,78,0.981270,0.981270,-0.000000
montreal,2,convex,5,9,84,0.981270,0.981270,-0.000000
montreal,2,bellman,6,10,79,0.981300,0.981240,0.000060
montreal,2,convex,6,11,85,0.981270,0.981130,0.000140
montreal,3,bellman,1,0,75,0.588850,0.588850,-0.000000
montreal,3,convex,1,1,80,-0.000000,0.000000,-0.000000
montreal,3,bellman,2,2,75,0.588850,0.588850,-0.000000
montreal,3,convex,2,3,81,0.490710,0.490710,-0.000000
montreal,3,bellman,3,4,76,0.886520,0.886520,0.000000
montreal,3,convex,3,5,82,0.886520,0.886520,0.000000
montreal,3,bellman,4,6,77,0.903660,0.869370,0.034290
montreal,3,convex,4,7,83,0.886520,0.800790,0.085730
montreal,3,bellman,5,8,78,0.955660,0.955660,-0.000000
montreal,3,convex,5,9,84,0.955660,0.955660,-0.000000
montreal,3,bellman,6,10,79,0.960160,0.951170,0.008990
montreal,3,convex,6,11,85,0.955660,0.933200,0.022460
mumbai,0,bellman,1,0,75,0.598140,0.598140,0.000000
mumbai,0,convex,1,1,80,-0.000000,0.000000,-0.000000
mumbai,0,bellman,2,2,75,0.598140,0.598140,0.000000
mumbai,0,convex,2,3,81,0.498450,0.498450,0.000000
mumbai,0,bellman,3,4,76,0.983930,0.983930,-0.000000
mumbai,0,convex,3,5,82,0.983930,0.983930,-0.000000
mumbai,0,bellman,4,6,77,0.986490,0.981370,0.005120
mumbai,0,convex,4,7,83,0.983930,0.971140,0.012790
mumbai,0,bellman,5,8,78,0.996390,0.996390,-0.000000
mumbai,0,convex,5,9,84,0.996390,0.996390,-0.000000
mumbai,0,bellman,6,10,79,0.996490,0.996290,0.000200
mumbai,0,convex,6,11,85,0.996390,0.995900,0.000490
mumbai,1,bellman,1,0,75,0.598140,0.598140,0.000000
mumbai,1,convex,1,1,80,-0.000000,0.000000,-0.000000
mumbai,1,bellman,2,2,75,0.598140,0.598140,0.000000
mumbai,1,convex,2,3,81,0.498450,0.498450,0.000000
mumbai,1,bellman,3,4,76,0.896010,0.896010,0.000000
mumbai,1,convex,3,5,82,0.896010,0.896010,0.000000
mumbai,1,bellman,4,6,77,0.914140,0.877870,0.036270
mumbai,1,convex,4,7,83,0.896010,0.805330,0.090680
mumbai,1,bellman,5,8,78,0.968330,0.968330,0.000000
mumbai,1,convex,5,9,84,0.968330,0.968330,0.000000
mumbai,1,bellman,6,10,79,0.973280,0.963380,0.009900
mumbai,1,convex,6,11,85,0.968330,0.943590,0.024740
mumbai,2,bellman,1,0,75,0.586320,0.586320,0.000000
mumbai,2,convex,1,1,80,-0.000000,0.000000,-0.000000
mumbai,2,bellman,2,2,75,0.586320,0.586320,0.000000
mumbai,2,convex,2,3,81,0.488600,0.488600,0.000000
mumbai,2,bellman,3,4,76,0.964490,0.964490,-0.000000
mumbai,2,convex,3,5,82,0.964490,0.964490,-0.000000
mumbai,2,bellman,4,6,77,0.967000,0.961990,0.005010
mumbai,2,convex,4,7,83,0.964490,0.951960,0.012530
mumbai,2,bellman,5,8,78,0.976710,0.976710,0.000000
mumbai,2,convex,5,9,84,0.976710,0.976710,0.000000
mumbai,2,bellman,6,10,79,0.976800,0.976610,0.000190
mumbai,2,convex,6,11,85,0.976710,0.976220,0.000490
mumbai,3,bellman,1,0,75,0.586320,0.586320,0.000000
mumbai,3,convex,1,1,80,-0.000000,0.000000,-0.000000
mumbai,3,bellman,2,2,75,0.586320,0.586320,0.000000
mumbai,3,convex,2,3,81,0.488600,0.488600,0.000000
mumbai,3,bellman,3,4,76,0.878310,0.878310,0.000000
mumbai,3,convex,3,5,82,0.878310,0.878310,0.000000
mumbai,3,bellman,4,6,77,0.896080,0.860530,0.035550
mumbai,3,convex,4,7,83,0.878310,0.789420,0.088890
mumbai,3,bellman,5,8,78,0.949200,0.949200,0.000000
mumbai,3,convex,5,9,84,0.949200,0.949200,0.000000
mumbai,3,bellman,6,10,79,0.954050,0.944350,0.009700
mumbai,3,convex,6,11,85,0.949200,0.924950,0.024250
nairobi,0,bellman,1,0,75,0.597280,0.597280,-0.000000
nairobi,0,convex,1,1,80,-0.000000,0.000000,-0.000000
nairobi,0,bellman,2,2,75,0.597280,0.597280,-0.000000
nairobi,0,convex,2,3,81,0.497740,0.497740,0.000000
nairobi,0,bellman,3,4,76,0.937740,0.937740,0.000000
nairobi,0,convex,3,5,82,0.937740,0.937740,0.000000
nairobi,0,bellman,4,6,77,0.948610,0.926860,0.021750
nairobi,0,convex,4,7,83,0.937740,0.883350,0.054390
nairobi,0,bellman,5,8,78,0.985820,0.985820,0.000000
nairobi,0,convex,5,9,84,0.985820,0.985820,0.000000
nairobi,0,bellman,6,10,79,0.987600,0.984030,0.003570
nairobi,0,convex,6,11,85,0.985820,0.976900,0.008920
nairobi,1,bellman,1,0,75,0.597280,0.597280,-0.000000
nairobi,1,convex,1,1,80,-0.000000,0.000000,-0.000000
nairobi,1,bellman,2,2,75,0.597280,0.597280,-0.000000
nairobi,1,convex,2,3,81,0.497740,0.497740,0.000000
nairobi,1,bellman,3,4,76,0.977260,0.977260,0.000000
nairobi,1,convex,3,5,82,0.977260,0.977260,0.000000
nairobi,1,bellman,4,6,77,0.980830,0.973680,0.007150
nairobi,1,convex,4,7,83,0.977260,0.959370,0.017890
nairobi,1,bellman,5,8,78,0.994490,0.994490,0.000000
nairobi,1,convex,5,9,84,0.994490,0.994490,0.000000
nairobi,1,bellman,6,10,79,0.994680,0.994290,0.000390
nairobi,1,convex,6,11,85,0.994490,0.993520,0.000970
nairobi,2,bellman,1,0,75,0.594970,0.594970,-0.000000
nairobi,2,convex,1,1,80,-0.000000,0.000000,-0.000000
nairobi,2,bellman,2,2,75,0.594970,0.594970,-0.000000
nairobi,2,convex,2,3,81,0.495810,0.495810,0.000000
nairobi,2,bellman,3,4,76,0.934110,0.934110,0.000000
nairobi,2,convex,3,5,82,0.934110,0.934110,0.000000
nairobi,2,bellman,4,6,77,0.944940,0.923270,0.021670
nairobi,2,convex,4,7,83,0.934110,0.879930,0.054180
nairobi,2,bellman,5,8,78,0.982000,0.982000,0.000000
nairobi,2,convex,5,9,84,0.982000,0.982000,0.000000
nairobi,2,bellman,6,10,79,0.983770,0.980220,0.003550
nairobi,2,convex,6,11,85,0.982000,0.973120,0.008880
nairobi,3,bellman,1,0,75,0.594970,0.594970,-0.000000
nairobi,3,convex,1,1,80,-0.000000,0.000000,-0.000000
nairobi,3,bellman,2,2,75,0.594970,0.594970,-0.000000
nairobi,3,convex,2,3,81,0.495810,0.495810,0.000000
nairobi,3,bellman,3,4,76,0.973470,0.973470,-0.000000
nairobi,3,convex,3,5,82,0.973470,0.973470,-0.000000
nairobi,3,bellman,4,6,77,0.977040,0.969910,0.007130
nairobi,3,convex,4,7,83,0.973470,0.955660,0.017810
nairobi,3,bellman,5,8,78,0.990630,0.990630,-0.000000
nairobi,3,convex,5,9,84,0.990630,0.990630,-0.000000
nairobi,3,bellman,6,10,79,0.990830,0.990440,0.000390
nairobi,3,convex,6,11,85,0.990630,0.989670,0.000960
oslo,0,bellman,1,0,75,0.597340,0.597340,0.000000
oslo,0,convex,1,1,80,-0.000000,0.000000,-0.000000
oslo,0,bellman,2,2,75,0.597340,0.597340,0.000000
oslo,0,convex,2,3,81,0.497780,0.497780,-0.000000
oslo,0,bellman,3,4,76,0.987900,0.987900,0.000000
oslo,0,convex,3,5,82,0.987900,0.987900,0.000000
oslo,0,bellman,4,6,77,0.989420,0.986370,0.003050
oslo,0,convex,4,7,83,0.987900,0.980290,0.007610
oslo,0,bellman,5,8,78,0.995380,0.995380,-0.000000
oslo,0,convex,5,9,84,0.995380,0.995380,-0.000000
oslo,0,bellman,6,10,79,0.995420,0.995350,0.000070
oslo,0,convex,6,11,85,0.995380,0.995210,0.000170
oslo,1,bellman,1,0,75,0.597340,0.597340,0.000000
oslo,1,convex,1,1,80,-0.000000,0.000000,-0.000000
oslo,1,bellman,2,2,75,0.597340,0.597340,0.000000
oslo,1,convex,2,3,81,0.497780,0.497780,-0.000000
oslo,1,bellman,3,4,76,0.966290,0.966290,-0.000000
oslo,1,convex,3,5,82,0.966290,0.966290,-0.000000
oslo,1,bellman,4,6,77,0.971970,0.960610,0.011360
oslo,1,convex,4,7,83,0.966290,0.937880,0.028410
oslo,1,bellman,5,8,78,0.993030,0.993030,-0.000000
oslo,1,convex,5,9,84,0.993030,0.993030,-0.000000
oslo,1,bellman,6,10,79,0.993520,0.992540,0.000980
oslo,1,convex,6,11,85,0.993030,0.990600,0.002430
oslo,2,bellman,1,0,75,0.596200,0.596200,-0.000000
oslo,2,convex,1,1,80,-0.000000,0.000000,-0.000000
oslo,2,bellman,2,2,75,0.596200,0.596200,-0.000000
oslo,2,convex,2,3,81,0.496830,0.496830,-0.000000
oslo,2,bellman,3,4,76,0.986020,0.986020,0.000000
oslo,2,convex,3,5,82,0.986020,0.986020,0.000000
oslo,2,bellman,4,6,77,0.987540,0.984500,0.003040
oslo,2,convex,4,7,83,0.986020,0.978430,0.007590
oslo,2,bellman,5,8,78,0.993490,0.993490,-0.000000
oslo,2,convex,5,9,84,0.993490,0.993490,-0.000000
oslo,2,bellman,6,10,79,0.993530,0.993460,0.000070
oslo,2,convex,6,11,85,0.993490,0.993320,0.000170
ourense,0,bellman,1,0,75,0.597780,0.597780,-0.000000
ourense,0,convex,1,1,80,-0.000000,0.000000,-0.000000
ourense,0,bellman,2,2,75,0.597780,0.597780,-0.000000
ourense,0,convex,2,3,81,0.498150,0.498150,-0.000000
ourense,0,bellman,3,4,76,0.941910,0.941910,0.000000
ourense,0,convex,3,5,82,0.941910,0.941910,0.000000
ourense,0,bellman,4,6,77,0.952190,0.931620,0.020570
ourense,0,convex,4,7,83,0.941910,0.890480,0.051430
ourense,0,bellman,5,8,78,0.987720,0.987720,-0.000000
ourense,0,convex,5,9,84,0.987720,0.987720,-0.000000
ourense,0,bellman,6,10,79,0.989310,0.986130,0.003180
ourense,0,convex,6,11,85,0.987720,0.979760,0.007960
ourense,1,bellman,1,0,75,0.596250,0.596250,0.000000
ourense,1,convex,1,1,80,-0.000000,0.000000,-0.000000
ourense,1,bellman,2,2,75,0.596250,0.596250,0.000000
ourense,1,convex,2,3,81,0.496870,0.496870,-0.000000
ourense,1,bellman,3,4,76,0.978640,0.978640,-0.000000
ourense,1,convex,3,5,82,0.978640,0.978640,-0.000000
ourense,1,bellman,4,6,77,0.981620,0.975670,0.005950
ourense,1,convex,4,7,83,0.978640,0.963770,0.014870
ourense,1,bellman,5,8,78,0.993070,0.993070,0.000000
ourense,1,convex,5,9,84,0.993070,0.993070,0.000000
ourense,1,bellman,6,10,79,0.993200,0.992930,0.000270
ourense,1,convex,6,11,85,0.993070,0.992400,0.000670
ourense,2,bellman,1,0,75,0.596250,0.596250,0.000000
ourense,2,convex,1,1,80,-0.000000,0.000000,-0.000000
ourense,2,bellman,2,2,75,0.596250,0.596250,0.000000
ourense,2,convex,2,3,81,0.496870,0.496870,-0.000000
ourense,2,bellman,3,4,76,0.939490,0.939490,0.000000
ourense,2,convex,3,5,82,0.939490,0.939490,0.000000
ourense,2,bellman,4,6,77,0.949750,0.929230,0.020520
ourense,2,convex,4,7,83,0.939490,0.888190,0.051300
ourense,2,bellman,5,8,78,0.985180,0.985180,-0.000000
ourense,2,convex,5,9,84,0.985180,0.985180,-0.000000
ourense,2,bellman,6,10,79,0.986770,0.983600,0.003170
ourense,2,convex,6,11,85,0.985180,0.977240,0.007940
paris,0,bellman,1,0,75,0.596960,0.596960,-0.000000
paris,0,convex,1,1,80,-0.000000,0.000000,-0.000000
paris,0,bellman,2,2,75,0.596960,0.596960,-0.000000
paris,0,convex,2,3,81,0.497470,0.497470,0.000000
paris,0,bellman,3,4,76,0.784910,0.784910,0.000000
paris,0,convex,3,5,82,0.784910,0.784910,0.000000
paris,0,bellman,4,6,77,0.818040,0.751770,0.066270
paris,0,convex,4,7,83,0.784910,0.619210,0.165700
paris,0,bellman,5,8,78,0.880640,0.880640,-0.000000
paris,0,convex,5,9,84,0.880640,0.880640,-0.000000
paris,0,bellman,6,10,79,0.897200,0.864090,0.033110
paris,0,convex,6,11,85,0.880640,0.797860,0.082780
paris,1,bellman,1,0,75,0.596960,0.596960,-0.000000
paris,1,convex,1,1,80,-0.000000,0.000000,-0.000000
paris,1,bellman,2,2,75,0.596960,0.596960,-0.000000
paris,1,convex,2,3,81,0.497470,0.497470,0.000000
paris,1,bellman,3,4,76,0.988070,0.988070,-0.000000
paris,1,convex,3,5,82,0.988070,0.988070,-0.000000
paris,1,bellman,4,6,77,0.989430,0.986710,0.002720
paris,1,convex,4,7,83,0.988070,0.981250,0.006820
paris,1,bellman,5,8,78,0.994790,0.994790,-0.000000
paris,1,convex,5,9,84,0.994790,0.994790,-0.000000
paris,1,bellman,6,10,79,0.994820,0.994770,0.000050
paris,1,convex,6,11,85,0.994790,0.994650,0.000140
paris,2,bellman,1,0,75,0.573900,0.573900,-0.000000
paris,2,convex,1,1,80,-0.000000,0.000000,-0.000000
paris,2,bellman,2,2,75,0.573900,0.573900,-0.000000
paris,2,convex,2,3,81,0.478250,0.478250,-0.000000
paris,2,bellman,3,4,76,0.754590,0.754590,0.000000
paris,2,convex,3,5,82,0.754590,0.754590,0.000000
paris,2,bellman,4,6,77,0.786450,0.722730,0.063720
paris,2,convex,4,7,83,0.754590,0.595300,0.159290
paris,2,bellman,5,8,78,0.846630,0.846630,0.000000
paris,2,convex,5,9,84,0.846630,0.846630,0.000000
paris,2,bellman,6,10,79,0.862550,0.830710,0.031840
paris,2,convex,6,11,85,0.846630,0.767040,0.079590
paris,3,bellman,1,0,75,0.573900,0.573900,-0.000000
paris,3,convex,1,1,80,-0.000000,0.000000,-0.000000
paris,3,bellman,2,2,75,0.573900,0.573900,-0.000000
paris,3,convex,2,3,81,0.478250,0.478250,-0.000000
paris,3,bellman,3,4,76,0.949910,0.949910,0.000000
paris,3,convex,3,5,82,0.949910,0.949910,0.000000
paris,3,bellman,4,6,77,0.951220,0.948600,0.002620
paris,3,convex,4,7,83,0.949910,0.943350,0.006560
paris,3,bellman,5,8,78,0.956370,0.956370,-0.000000
paris,3,convex,5,9,84,0.956370,0.956370,-0.000000
paris,3,bellman,6,10,79,0.956400,0.956350,0.000050
paris,3,convex,6,11,85,0.956370,0.956240,0.000130
perth,0,bellman,1,0,75,0.598070,0.598070,-0.000000
perth,0,convex,1,1,80,-0.000000,0.000000,-0.000000
perth,0,bellman,2,2,75,0.598070,0.598070,-0.000000
perth,0,convex,2,3,81,0.498390,0.498390,-0.000000
perth,0,bellman,3,4,76,0.953830,0.953830,0.000000
perth,0,convex,3,5,82,0.953830,0.953830,0.000000
perth,0,bellman,4,6,77,0.962050,0.945610,0.016440
perth,0,convex,4,7,83,0.953830,0.912720,0.041110
perth,0,bellman,5,8,78,0.991390,0.991390,-0.000000
perth,0,convex,5,9,84,0.991390,0.991390,-0.000000
perth,0,bellman,6,10,79,0.992410,0.990380,0.002030
perth,0,convex,6,11,85,0.991390,0.986310,0.005080
perth,1,bellman,1,0,75,0.598070,0.598070,-0.000000
perth,1,convex,1,1,80,-0.000000,0.000000,-0.000000
perth,1,bellman,2,2,75,0.598070,0.598070,-0.000000
perth,1,convex,2,3,81,0.498390,0.498390,-0.000000
perth,1,bellman,3,4,76,0.977350,0.977350,-0.000000
perth,1,convex,3,5,82,0.977350,0.977350,-0.000000
perth,1,bellman,4,6,77,0.981160,0.973540,0.007620
perth,1,convex,4,7,83,0.977350,0.958290,0.019060
perth,1,bellman,5,8,78,0.995670,0.995670,0.000000
perth,1,convex,5,9,84,0.995670,0.995670,0.000000
perth,1,bellman,6,10,79,0.995890,0.995450,0.000440
perth,1,convex,6,11,85,0.995670,0.994570,0.001100
perth,2,bellman,1,0,75,0.593210,0.593210,-0.000000
perth,2,convex,1,1,80,-0.000000,0.000000,-0.000000
perth,2,bellman,2,2,75,0.593210,0.593210,-0.000000
perth,2,convex,2,3,81,0.494340,0.494340,-0.000000
perth,2,bellman,3,4,76,0.969410,0.969410,0.000000
perth,2,convex,3,5,82,0.969410,0.969410,0.000000
perth,2,bellman,4,6,77,0.973190,0.965630,0.007560
perth,2,convex,4,7,83,0.969410,0.950500,0.018910
perth,2,bellman,5,8,78,0.987570,0.987570,-0.000000
perth,2,convex,5,9,84,0.987570,0.987570,-0.000000
perth,2,bellman,6,10,79,0.987790,0.987360,0.000430
perth,2,convex,6,11,85,0.987570,0.986490,0.001080
poughkeepsie,0,bellman,1,0,75,0.595120,0.595120,0.000000
poughkeepsie,0,convex,1,1,80,-0.000000,0.000000,-0.000000
poughkeepsie,0,bellman,2,2,75,0.595120,0.595120,0.000000
poughkeepsie,0,convex,2,3,81,0.495930,0.495930,-0.000000
poughkeepsie,0,bellman,3,4,76,0.820270,0.820270,0.000000
poughkeepsie,0,convex,3,5,82,0.820270,0.820270,0.000000
poughkeepsie,0,bellman,4,6,77,0.848650,0.791890,0.056760
poughkeepsie,0,convex,4,7,83,0.820270,0.678360,0.141910
poughkeepsie,0,bellman,5,8,78,0.913080,0.913080,0.000000
poughkeepsie,0,convex,5,9,84,0.913080,0.913080,0.000000
poughkeepsie,0,bellman,6,10,79,0.925260,0.900900,0.024360
poughkeepsie,0,convex,6,11,85,0.913080,0.852170,0.060910
poughkeepsie,1,bellman,1,0,75,0.595120,0.595120,0.000000
poughkeepsie,1,convex,1,1,80,-0.000000,0.000000,-0.000000
poughkeepsie,1,bellman,2,2,75,0.595120,0.595120,0.000000
poughkeepsie,1,convex,2,3,81,0.495930,0.495930,-0.000000
poughkeepsie,1,bellman,3,4,76,0.971030,0.971030,-0.000000
poughkeepsie,1,convex,3,5,82,0.971030,0.971030,-0.000000
poughkeepsie,1,bellman,4,6,77,0.975110,0.966950,0.008160
poughkeepsie,1,convex,4,7,83,0.971030,0.950640,0.020390
poughkeepsie,1,bellman,5,8,78,0.990570,0.990570,0.000000
poughkeepsie,1,convex,5,9,84,0.990570,0.990570,0.000000
poughkeepsie,1,bellman,6,10,79,0.990820,0.990320,0.000500
poughkeepsie,1,convex,6,11,85,0.990570,0.989310,0.001260
poughkeepsie,2,bellman,1,0,75,0.568640,0.568640,0.000000
poughkeepsie,2,convex,1,1,80,-0.000000,0.000000,-0.000000
poughkeepsie,2,bellman,2,2,75,0.568640,0.568640,0.000000
poughkeepsie,2,convex,2,3,81,0.473870,0.473870,0.000000
poughkeepsie,2,bellman,3,4,76,0.927830,0.927830,-0.000000
poughkeepsie,2,convex,3,5,82,0.927830,0.927830,-0.000000
poughkeepsie,2,bellman,4,6,77,0.931730,0.923930,0.007800
poughkeepsie,2,convex,4,7,83,0.927830,0.908350,0.019480
poughkeepsie,2,bellman,5,8,78,0.946500,0.946500,0.000000
poughkeepsie,2,convex,5,9,84,0.946500,0.946500,0.000000
poughkeepsie,2,bellman,6,10,79,0.946740,0.946260,0.000480
poughkeepsie,2,convex,6,11,85,0.946500,0.945290,0.001210
quito,0,bellman,1,0,75,0.594690,0.594690,-0.000000
quito,0,convex,1,1,80,-0.000000,0.000000,-0.000000
quito,0,bellman,2,2,75,0.594690,0.594690,-0.000000
quito,0,convex,2,3,81,0.495580,0.495580,0.000000
quito,0,bellman,3,4,76,0.881040,0.881040,0.000000
quito,0,convex,3,5,82,0.881040,0.881040,0.000000
quito,0,bellman,4,6,77,0.900610,0.861460,0.039150
quito,0,convex,4,7,83,0.881040,0.783150,0.097890
quito,0,bellman,5,8,78,0.957170,0.957170,-0.000000
quito,0,convex,5,9,84,0.957170,0.957170,-0.000000
quito,0,bellman,6,10,79,0.962970,0.951370,0.011600
quito,0,convex,6,11,85,0.957170,0.928170,0.029000
quito,1,bellman,1,0,75,0.577420,0.577420,0.000000
quito,1,convex,1,1,80,-0.000000,0.000000,-0.000000
quito,1,bellman,2,2,75,0.577420,0.577420,0.000000
quito,1,convex,2,3,81,0.481180,0.481180,-0.000000
quito,1,bellman,3,4,76,0.855450,0.855450,0.000000
quito,1,convex,3,5,82,0.855450,0.855450,0.000000
quito,1,bellman,4,6,77,0.874450,0.836440,0.038010
quito,1,convex,4,7,83,0.855450,0.760410,0.095040
quito,1,bellman,5,8,78,0.929370,0.929370,0.000000
quito,1,convex,5,9,84,0.929370,0.929370,0.000000
quito,1,bellman,6,10,79,0.935000,0.923740,0.011260
quito,1,convex,6,11,85,0.929370,0.901210,0.028160
rochester,0,bellman,1,0,75,0.592350,0.592350,0.000000
rochester,0,convex,1,1,80,-0.000000,0.000000,-0.000000
rochester,0,bellman,2,2,75,0.592350,0.592350,0.000000
rochester,0,convex,2,3,81,0.493620,0.493620,-0.000000
rochester,0,bellman,3,4,76,0.977380,0.977380,0.000000
rochester,0,convex,3,5,82,0.977380,0.977380,0.000000
rochester,0,bellman,4,6,77,0.979330,0.975420,0.003910
rochester,0,convex,4,7,83,0.977380,0.967600,0.009780
rochester,0,bellman,5,8,78,0.986950,0.986950,-0.000000
rochester,0,convex,5,9,84,0.986950,0.986950,-0.000000
rochester,0,bellman,6,10,79,0.987010,0.986900,0.000110
rochester,0,convex,6,11,85,0.986950,0.986660,0.000290
rochester,1,bellman,1,0,75,0.592350,0.592350,0.000000
rochester,1,convex,1,1,80,-0.000000,0.000000,-0.000000
rochester,1,bellman,2,2,75,0.592350,0.592350,0.000000
rochester,1,convex,2,3,81,0.493620,0.493620,-0.000000
rochester,1,bellman,3,47,76,0.592350,0.589880,0.002470
rochester,1,convex,3,5,82,0.589880,0.589880,-0.000000
rochester,1,bellman,4,6,77,0.637370,0.542400,0.094970
rochester,1,convex,4,7,83,0.589880,0.352450,0.237430
rochester,1,bellman,5,50,78,0.637960,0.636180,0.001780
rochester,1,convex,5,9,84,0.636180,0.636180,0.000000
rochester,1,bellman,6,10,79,0.670440,0.601920,0.068520
rochester,1,convex,6,11,85,0.636180,0.464880,0.171300
rochester,2,bellman,1,0,75,0.280000,0.280000,-0.000000
rochester,2,convex,1,1,80,-0.000000,0.000000,-0.000000
rochester,2,bellman,2,2,75,0.280000,0.280000,-0.000000
rochester,2,convex,2,3,81,0.233330,0.233330,-0.000000
rochester,2,bellman,3,4,76,0.462000,0.462000,-0.000000
rochester,2,convex,3,5,82,0.462000,0.462000,-0.000000
rochester,2,bellman,4,12,77,0.494910,0.461080,0.033830
rochester,2,convex,4,58,83,0.493030,0.457380,0.035650
rochester,2,bellman,5,14,78,0.499110,0.466530,0.032580
rochester,2,convex,5,59,84,0.497720,0.466530,0.031190
rochester,2,bellman,6,16,79,0.499850,0.466500,0.033350
rochester,2,convex,6,60,85,0.499720,0.466390,0.033330
rochester,3,bellman,1,0,75,0.280000,0.280000,-0.000000
rochester,3,convex,1,1,80,-0.000000,0.000000,-0.000000
rochester,3,bellman,2,2,75,0.280000,0.280000,-0.000000
rochester,3,convex,2,3,81,0.233330,0.233330,-0.000000
rochester,3,bellman,3,25,76,0.299910,0.278830,0.021080
rochester,3,convex,3,5,82,0.278830,0.278830,-0.000000
rochester,3,bellman,4,26,77,0.313180,0.256390,0.056790
rochester,3,convex,4,52,83,0.297990,0.166600,0.131390
rochester,3,bellman,5,61,78,0.322780,0.300720,0.022060
rochester,3,convex,5,53,84,0.312160,0.300720,0.011440
rochester,3,bellman,6,62,79,0.332620,0.284520,0.048100
rochester,3,convex,6,54,85,0.321810,0.219750,0.102060
rome,0,bellman,1,0,75,0.597350,0.597350,-0.000000
rome,0,convex,1,1,80,-0.000000,0.000000,-0.000000
rome,0,bellman,2,2,75,0.597350,0.597350,-0.000000
rome,0,convex,2,3,81,0.497790,0.497790,-0.000000
rome,0,bellman,3,4,76,0.974280,0.974280,0.000000
rome,0,convex,3,5,82,0.974280,0.974280,0.000000
rome,0,bellman,4,6,77,0.978450,0.970110,0.008340
rome,0,convex,4,7,83,0.974280,0.953430,0.020850
rome,0,bellman,5,8,78,0.994240,0.994240,0.000000
rome,0,convex,5,9,84,0.994240,0.994240,0.000000
rome,0,bellman,6,10,79,0.994500,0.993970,0.000530
rome,0,convex,6,11,85,0.994240,0.992930,0.001310
rome,1,bellman,1,0,75,0.593010,0.593010,-0.000000
rome,1,convex,1,1,80,-0.000000,0.000000,-0.000000
rome,1,bellman,2,2,75,0.593010,0.593010,-0.000000
rome,1,convex,2,3,81,0.494180,0.494180,0.000000
rome,1,bellman,3,4,76,0.958500,0.958500,-0.000000
rome,1,convex,3,5,82,0.958500,0.958500,-0.000000
rome,1,bellman,4,6,77,0.964290,0.952710,0.011580
rome,1,convex,4,7,83,0.958500,0.929560,0.028940
rome,1,bellman,5,8,78,0.985700,0.985700,-0.000000
rome,1,convex,5,9,84,0.985700,0.985700,-0.000000
rome,1,bellman,6,10,79,0.986210,0.985190,0.001020
rome,1,convex,6,11,85,0.985700,0.983160,0.002540
santiago,0,bellman,1,0,75,0.597920,0.597920,0.000000
santiago,0,convex,1,1,80,-0.000000,0.000000,-0.000000
santiago,0,bellman,2,2,75,0.597920,0.597920,0.000000
santiago,0,convex,2,3,81,0.498270,0.498270,0.000000
santiago,0,bellman,3,4,76,0.978600,0.978600,0.000000
santiago,0,convex,3,5,82,0.978600,0.978600,0.000000
santiago,0,bellman,4,6,77,0.982120,0.975070,0.007050
santiago,0,convex,4,7,83,0.978600,0.960980,0.017620
santiago,0,bellman,5,8,78,0.995580,0.995580,0.000000
santiago,0,convex,5,9,84,0.995580,0.995580,0.000000
santiago,0,bellman,6,10,79,0.995760,0.995390,0.000370
santiago,0,convex,6,11,85,0.995580,0.994640,0.000940
santiago,1,bellman,1,0,75,0.597250,0.597250,0.000000
santiago,1,convex,1,1,80,-0.000000,0.000000,-0.000000
santiago,1,bellman,2,2,75,0.597250,0.597250,0.000000
santiago,1,convex,2,3,81,0.497700,0.497700,-0.000000
santiago,1,bellman,3,4,76,0.985850,0.985850,-0.000000
santiago,1,convex,3,5,82,0.985850,0.985850,-0.000000
santiago,1,bellman,4,6,77,0.987750,0.983960,0.003790
santiago,1,convex,4,7,83,0.985850,0.976390,0.009460
santiago,1,bellman,5,8,78,0.995140,0.995140,0.000000
santiago,1,convex,5,9,84,0.995140,0.995140,0.000000
santiago,1,bellman,6,10,79,0.995190,0.995080,0.000110
santiago,1,convex,6,11,85,0.995140,0.994870,0.000270
singapore,0,bellman,1,0,75,0.596920,0.596920,-0.000000
singapore,0,convex,1,1,80,-0.000000,0.000000,-0.000000
singapore,0,bellman,2,2,75,0.596920,0.596920,-0.000000
singapore,0,convex,2,3,81,0.497440,0.497440,0.000000
singapore,0,bellman,3,4,76,0.907320,0.907320,-0.000000
singapore,0,convex,3,5,82,0.907320,0.907320,-0.000000
singapore,0,bellman,4,6,77,0.923290,0.891360,0.031930
singapore,0,convex,4,7,83,0.907320,0.827480,0.079840
singapore,0,bellman,5,8,78,0.973120,0.973120,0.000000
singapore,0,convex,5,9,84,0.973120,0.973120,0.000000
singapore,0,bellman,6,10,79,0.976960,0.969270,0.007690
singapore,0,convex,6,11,85,0.973120,0.953890,0.019230
singapore,1,bellman,1,0,75,0.596920,0.596920,-0.000000
singapore,1,convex,1,1,80,-0.000000,0.000000,-0.000000
singapore,1,bellman,2,2,75,0.596920,0.596920,-0.000000
singapore,1,convex,2,3,81,0.497440,0.497440,0.000000
singapore,1,bellman,3,4,76,0.977960,0.977960,-0.000000
singapore,1,convex,3,5,82,0.977960,0.977960,-0.000000
singapore,1,bellman,4,6,77,0.981290,0.974640,0.006650
singapore,1,convex,4,7,83,0.977960,0.961330,0.016630
singapore,1,bellman,5,8,78,0.994020,0.994020,-0.000000
singapore,1,convex,5,9,84,0.994020,0.994020,-0.000000
singapore,1,bellman,6,10,79,0.994190,0.993850,0.000340
singapore,1,convex,6,11,85,0.994020,0.993190,0.000830
singapore,2,bellman,1,0,75,0.588840,0.588840,0.000000
singapore,2,convex,1,1,80,-0.000000,0.000000,-0.000000
singapore,2,bellman,2,2,75,0.588840,0.588840,0.000000
singapore,2,convex,2,3,81,0.490700,0.490700,0.000000
singapore,2,bellman,3,4,76,0.895040,0.895040,0.000000
singapore,2,convex,3,5,82,0.895040,0.895040,0.000000
singapore,2,bellman,4,6,77,0.910790,0.879280,0.031510
singapore,2,convex,4,7,83,0.895040,0.816270,0.078770
singapore,2,bellman,5,8,78,0.959940,0.959940,0.000000
singapore,2,convex,5,9,84,0.959940,0.959940,0.000000
singapore,2,bellman,6,10,79,0.963730,0.956140,0.007590
singapore,2,convex,6,11,85,0.959940,0.940970,0.018970
singapore,3,bellman,1,0,75,0.588840,0.588840,0.000000
singapore,3,convex,1,1,80,-0.000000,0.000000,-0.000000
singapore,3,bellman,2,2,75,0.588840,0.588840,0.000000
singapore,3,convex,2,3,81,0.490700,0.490700,0.000000
singapore,3,bellman,3,4,76,0.964720,0.964720,0.000000
singapore,3,convex,3,5,82,0.964720,0.964720,0.000000
singapore,3,bellman,4,6,77,0.968000,0.961440,0.006560
singapore,3,convex,4,7,83,0.964720,0.948320,0.016400
singapore,3,bellman,5,8,78,0.980560,0.980560,0.000000
singapore,3,convex,5,9,84,0.980560,0.980560,0.000000
singapore,3,bellman,6,10,79,0.980720,0.980390,0.000330
singapore,3,convex,6,11,85,0.980560,0.979740,0.000820
sydney,0,bellman,1,0,75,0.597770,0.597770,0.000000
sydney,0,convex,1,1,80,-0.000000,0.000000,-0.000000
sydney,0,bellman,2,2,75,0.597770,0.597770,0.000000
sydney,0,convex,2,3,81,0.498140,0.498140,-0.000000
sydney,0,bellman,3,4,76,0.987020,0.987020,0.000000
sydney,0,convex,3,5,82,0.987020,0.987020,0.000000
sydney,0,bellman,4,6,77,0.988850,0.985180,0.003670
sydney,0,convex,4,7,83,0.987020,0.977840,0.009180
sydney,0,bellman,5,8,78,0.996030,0.996030,0.000000
sydney,0,convex,5,9,84,0.996030,0.996030,0.000000
sydney,0,bellman,6,10,79,0.996080,0.995980,0.000100
sydney,0,convex,6,11,85,0.996030,0.995770,0.000260
sydney,1,bellman,1,0,75,0.597770,0.597770,0.000000
sydney,1,convex,1,1,80,-0.000000,0.000000,-0.000000
sydney,1,bellman,2,2,75,0.597770,0.597770,0.000000
sydney,1,convex,2,3,81,0.498140,0.498140,-0.000000
sydney,1,bellman,3,4,76,0.878320,0.878320,-0.000000
sydney,1,convex,3,5,82,0.878320,0.878320,-0.000000
sydney,1,bellman,4,6,77,0.899120,0.857520,0.041600
sydney,1,convex,4,7,83,0.878320,0.774330,0.103990
sydney,1,bellman,5,8,78,0.957690,0.957690,-0.000000
sydney,1,convex,5,9,84,0.957690,0.957690,-0.000000
sydney,1,bellman,6,10,79,0.964200,0.951180,0.013020
sydney,1,convex,6,11,85,0.957690,0.925130,0.032560
sydney,2,bellman,1,0,75,0.539170,0.539170,-0.000000
sydney,2,convex,1,1,80,-0.000000,0.000000,-0.000000
sydney,2,bellman,2,2,75,0.539170,0.539170,-0.000000
sydney,2,convex,2,3,81,0.449310,0.449310,0.000000
sydney,2,bellman,3,4,76,0.890260,0.890260,-0.000000
sydney,2,convex,3,5,82,0.890260,0.890260,-0.000000
sydney,2,bellman,4,6,77,0.891920,0.888610,0.003310
sydney,2,convex,4,7,83,0.890260,0.881980,0.008280
sydney,2,bellman,5,8,78,0.898390,0.898390,0.000000
sydney,2,convex,5,9,84,0.898390,0.898390,0.000000
sydney,2,bellman,6,10,79,0.898430,0.898340,0.000090
sydney,2,convex,6,11,85,0.898390,0.898160,0.000230
sydney,3,bellman,1,0,75,0.539170,0.539170,-0.000000
sydney,3,convex,1,1,80,-0.000000,0.000000,-0.000000
sydney,3,bellman,2,2,75,0.539170,0.539170,-0.000000
sydney,3,convex,2,3,81,0.449310,0.449310,0.000000
sydney,3,bellman,3,4,76,0.792220,0.792220,-0.000000
sydney,3,convex,3,5,82,0.792220,0.792220,-0.000000
sydney,3,bellman,4,6,77,0.810980,0.773460,0.037520
sydney,3,convex,4,7,83,0.792220,0.698420,0.093800
sydney,3,bellman,5,8,78,0.863810,0.863810,-0.000000
sydney,3,convex,5,9,84,0.863810,0.863810,-0.000000
sydney,3,bellman,6,10,79,0.869680,0.857940,0.011740
sydney,3,convex,6,11,85,0.863810,0.834440,0.029370
toronto,0,bellman,1,0,75,0.597710,0.597710,-0.000000
toronto,0,convex,1,1,80,-0.000000,0.000000,-0.000000
toronto,0,bellman,2,2,75,0.597710,0.597710,-0.000000
toronto,0,convex,2,3,81,0.498100,0.498100,0.000000
toronto,0,bellman,3,4,76,0.722740,0.722740,0.000000
toronto,0,convex,3,5,82,0.722740,0.722740,0.000000
toronto,0,bellman,4,6,77,0.762410,0.683060,0.079350
toronto,0,convex,4,7,83,0.722740,0.524350,0.198390
toronto,0,bellman,5,8,78,0.812210,0.812210,-0.000000
toronto,0,convex,5,9,84,0.812210,0.812210,-0.000000
toronto,0,bellman,6,10,79,0.835920,0.788510,0.047410
toronto,0,convex,6,11,85,0.812210,0.693680,0.118530
toronto,1,bellman,1,0,75,0.597710,0.597710,-0.000000
toronto,1,convex,1,1,80,-0.000000,0.000000,-0.000000
toronto,1,bellman,2,2,75,0.597710,0.597710,-0.000000
toronto,1,convex,2,3,81,0.498100,0.498100,0.000000
toronto,1,bellman,3,4,76,0.988420,0.988420,-0.000000
toronto,1,convex,3,5,82,0.988420,0.988420,-0.000000
toronto,1,bellman,4,6,77,0.989960,0.986880,0.003080
toronto,1,convex,4,7,83,0.988420,0.980710,0.007710
toronto,1,bellman,5,8,78,0.996010,0.996010,-0.000000
toronto,1,convex,5,9,84,0.996010,0.996010,-0.000000
toronto,1,bellman,6,10,79,0.996050,0.995970,0.000080
toronto,1,convex,6,11,85,0.996010,0.995830,0.000180
toronto,2,bellman,1,0,75,0.548810,0.548810,-0.000000
toronto,2,convex,1,1,80,-0.000000,0.000000,-0.000000
toronto,2,bellman,2,2,75,0.548810,0.548810,-0.000000
toronto,2,convex,2,3,81,0.457350,0.457350,0.000000
toronto,2,bellman,3,4,76,0.663610,0.663610,0.000000
toronto,2,convex,3,5,82,0.663610,0.663610,0.000000
toronto,2,bellman,4,6,77,0.700040,0.627180,0.072860
toronto,2,convex,4,7,83,0.663610,0.481450,0.182160
toronto,2,bellman,5,8,78,0.745760,0.745760,-0.000000
toronto,2,convex,5,9,84,0.745760,0.745760,-0.000000
toronto,2,bellman,6,10,79,0.767530,0.724000,0.043530
toronto,2,convex,6,11,85,0.745760,0.636930,0.108830
toronto,3,bellman,1,0,75,0.548810,0.548810,-0.000000
toronto,3,convex,1,1,80,-0.000000,0.000000,-0.000000
toronto,3,bellman,2,2,75,0.548810,0.548810,-0.000000
toronto,3,convex,2,3,81,0.457350,0.457350,0.000000
toronto,3,bellman,3,4,76,0.907560,0.907560,0.000000
toronto,3,convex,3,5,82,0.907560,0.907560,0.000000
toronto,3,bellman,4,6,77,0.908970,0.906140,0.002830
toronto,3,convex,4,7,83,0.907560,0.900480,0.007080
toronto,3,bellman,5,8,78,0.914520,0.914520,-0.000000
toronto,3,convex,5,9,84,0.914520,0.914520,-0.000000
toronto,3,bellman,6,10,79,0.914560,0.914490,0.000070
toronto,3,convex,6,11,85,0.914520,0.914360,0.000160
valencia,0,bellman,1,0,75,0.597070,0.597070,-0.000000
valencia,0,convex,1,1,80,-0.000000,0.000000,-0.000000
valencia,0,bellman,2,2,75,0.597070,0.597070,-0.000000
valencia,0,convex,2,3,81,0.497560,0.497560,0.000000
valencia,0,bellman,3,4,76,0.941180,0.941180,-0.000000
valencia,0,convex,3,5,82,0.941180,0.941180,-0.000000
valencia,0,bellman,4,6,77,0.951380,0.930980,0.020400
valencia,0,convex,4,7,83,0.941180,0.890170,0.051010
valencia,0,bellman,5,8,78,0.986660,0.986660,-0.000000
valencia,0,convex,5,9,84,0.986660,0.986660,-0.000000
valencia,0,bellman,6,10,79,0.988230,0.985100,0.003130
valencia,0,convex,6,11,85,0.986660,0.978820,0.007840
valencia,1,bellman,1,0,75,0.594820,0.594820,0.000000
valencia,1,convex,1,1,80,-0.000000,0.000000,-0.000000
valencia,1,bellman,2,2,75,0.594820,0.594820,0.000000
valencia,1,convex,2,3,81,0.495680,0.495680,0.000000
valencia,1,bellman,3,4,76,0.968160,0.968160,-0.000000
valencia,1,convex,3,5,82,0.968160,0.968160,-0.000000
valencia,1,bellman,4,6,77,0.972690,0.963630,0.009060
valencia,1,convex,4,7,83,0.968160,0.945510,0.022650
valencia,1,bellman,5,8,78,0.989760,0.989760,0.000000
valencia,1,convex,5,9,84,0.989760,0.989760,0.000000
valencia,1,bellman,6,10,79,0.990070,0.989450,0.000620
valencia,1,convex,6,11,85,0.989760,0.988200,0.001560
vigo,0,bellman,1,0,75,0.597360,0.597360,-0.000000
vigo,0,convex,1,1,80,-0.000000,0.000000,-0.000000
vigo,0,bellman,2,2,75,0.597360,0.597360,-0.000000
vigo,0,convex,2,3,81,0.497800,0.497800,-0.000000
vigo,0,bellman,3,4,76,0.920840,0.920840,0.000000
vigo,0,convex,3,5,82,0.920840,0.920840,0.000000
vigo,0,bellman,4,6,77,0.934670,0.907010,0.027660
vigo,0,convex,4,7,83,0.920840,0.851680,0.069160
vigo,0,bellman,5,8,78,0.979600,0.979600,-0.000000
vigo,0,convex,5,9,84,0.979600,0.979600,-0.000000
vigo,0,bellman,6,10,79,0.982490,0.976720,0.005770
vigo,0,convex,6,11,85,0.979600,0.965190,0.014410
vigo,1,bellman,1,0,75,0.595200,0.595200,0.000000
vigo,1,convex,1,1,80,-0.000000,0.000000,-0.000000
vigo,1,bellman,2,2,75,0.595200,0.595200,0.000000
vigo,1,convex,2,3,81,0.496000,0.496000,0.000000
vigo,1,bellman,3,4,76,0.977510,0.977510,0.000000
vigo,1,convex,3,5,82,0.977510,0.977510,0.000000
vigo,1,bellman,4,6,77,0.980360,0.974650,0.005710
vigo,1,convex,4,7,83,0.977510,0.963240,0.014270
vigo,1,bellman,5,8,78,0.991360,0.991360,-0.000000
vigo,1,convex,5,9,84,0.991360,0.991360,-0.000000
vigo,1,bellman,6,10,79,0.991490,0.991240,0.000250
vigo,1,convex,6,11,85,0.991360,0.990750,0.000610
washington,0,bellman,1,0,75,0.597900,0.597900,-0.000000
washington,0,convex,1,1,80,-0.000000,0.000000,-0.000000
washington,0,bellman,2,2,75,0.597900,0.597900,-0.000000
washington,0,convex,2,3,81,0.498250,0.498250,-0.000000
washington,0,bellman,3,4,76,0.674830,0.674830,-0.000000
washington,0,convex,3,5,82,0.674830,0.674830,-0.000000
washington,0,bellman,4,6,77,0.718400,0.631270,0.087130
washington,0,convex,4,7,83,0.674830,0.457000,0.217830
washington,0,bellman,5,8,78,0.752040,0.752040,0.000000
washington,0,convex,5,9,84,0.752040,0.752040,0.000000
washington,0,bellman,6,10,79,0.780610,0.723460,0.057150
washington,0,convex,6,11,85,0.752040,0.609180,0.142860
washington,1,bellman,1,0,75,0.597900,0.597900,-0.000000
washington,1,convex,1,1,80,-0.000000,0.000000,-0.000000
washington,1,bellman,2,2,75,0.597900,0.597900,-0.000000
washington,1,convex,2,3,81,0.498250,0.498250,-0.000000
washington,1,bellman,3,4,76,0.993720,0.993720,0.000000
washington,1,convex,3,5,82,0.993720,0.993720,0.000000
washington,1,bellman,4,6,77,0.994270,0.993160,0.001110
washington,1,convex,4,7,83,0.993720,0.990930,0.002790
washington,1,bellman,5,8,78,0.996480,0.996480,-0.000000
washington,1,convex,5,9,84,0.996480,0.996480,-0.000000
washington,1,bellman,6,10,79,0.996490,0.996480,0.000010
washington,1,convex,6,11,85,0.996480,0.996460,0.000020
washington,2,bellman,1,0,75,0.280000,0.280000,-0.000000
washington,2,convex,1,1,80,-0.000000,0.000000,-0.000000
washington,2,bellman,2,2,75,0.280000,0.280000,-0.000000
washington,2,convex,2,3,81,0.233330,0.233330,-0.000000
washington,2,bellman,3,4,76,0.316030,0.316030,0.000000
washington,2,convex,3,5,82,0.316030,0.316030,0.000000
washington,2,bellman,4,26,77,0.349910,0.295620,0.054290
washington,2,convex,4,63,83,0.337730,0.214010,0.123720
washington,2,bellman,5,14,78,0.367430,0.352180,0.015250
washington,2,convex,5,64,84,0.366800,0.352180,0.014620
washington,2,bellman,6,30,79,0.384770,0.338800,0.045970
washington,2,convex,6,65,85,0.376920,0.285280,0.091640
washington,3,bellman,1,0,75,0.280000,0.280000,-0.000000
washington,3,convex,1,1,80,-0.000000,0.000000,-0.000000
washington,3,bellman,2,2,75,0.280000,0.280000,-0.000000
washington,3,convex,2,3,81,0.233330,0.233330,-0.000000
washington,3,bellman,3,4,76,0.465360,0.465360,-0.000000
washington,3,convex,3,5,82,0.465360,0.465360,-0.000000
washington,3,bellman,4,12,77,0.498510,0.465100,0.033410
washington,3,convex,4,66,83,0.496460,0.464060,0.032400
washington,3,bellman,5,14,78,0.499720,0.466660,0.033060
washington,3,convex,5,67,84,0.498880,0.466660,0.032220
washington,3,bellman,6,23,79,0.499990,0.466650,0.033340
washington,3,convex,6,68,85,0.499870,0.466650,0.033220
yorktown,0,bellman,1,0,75,0.584220,0.584220,-0.000000
yorktown,0,convex,1,1,80,-0.000000,0.000000,-0.000000
yorktown,0,bellman,2,2,75,0.584220,0.584220,-0.000000
yorktown,0,convex,2,3,81,0.486850,0.486850,-0.000000
yorktown,0,bellman,3,4,76,0.946730,0.946730,-0.000000
yorktown,0,convex,3,5,82,0.946730,0.946730,-0.000000
yorktown,0,bellman,4,6,77,0.951980,0.941490,0.010490
yorktown,0,convex,4,7,83,0.946730,0.920510,0.026220
yorktown,0,bellman,5,8,78,0.971500,0.971500,-0.000000
yorktown,0,convex,5,9,84,0.971500,0.971500,-0.000000
yorktown,0,bellman,6,10,79,0.971930,0.971080,0.000850
yorktown,0,convex,6,11,85,0.971500,0.969380,0.002120
perfect_hardware,0,bellman,1,0,75,0.600000,0.600000,0.000000
perfect_hardware,0,convex,1,1,80,-0.000000,0.000000,-0.000000
perfect_hardware,0,bellman,2,2,75,0.600000,0.600000,0.000000
perfect_hardware,0,convex,2,3,81,0.500000,0.500000,0.000000
perfect_hardware,0,bellman,3,69,76,1.000000,1.000000,0.000000
perfect_hardware,0,convex,3,5,82,1.000000,1.000000,0.000000
perfect_hardware,0,bellman,4,70,77,1.000000,1.000000,0.000000
perfect_hardware,0,convex,4,49,83,1.000000,1.000000,0.000000
perfect_hardware,0,bellman,5,71,78,1.000000,1.000000,0.000000
perfect_hardware,0,convex,5,72,84,1.000000,1.000000,0.000000
perfect_hardware,0,bellman,6,73,79,1.000000,1.000000,0.000000
perfect_hardware,0,convex,6,74,85,1.000000,1.000000,0.000000
