hardware,embedding_index,horizon,pomdp_build_time,probability,method,method_time,algorithm_index
algiers,0,1,0.140310,0.598190,bellman,0.000000,0
algiers,0,1,0.140310,-0.000000,convex,0.000000,1
algiers,0,2,0.140310,0.598190,bellman,0.000000,2
algiers,0,2,0.140310,0.498490,convex,0.000000,3
algiers,0,3,0.140310,0.992200,bellman,0.000000,4
algiers,0,3,0.140310,0.992200,convex,0.000000,5
algiers,0,4,0.140310,0.993150,bellman,2.000000,6
algiers,0,4,0.140310,0.992200,convex,4.000000,7
algiers,0,5,0.140310,0.996920,bellman,9.000000,8
algiers,0,5,0.140310,0.996920,convex,19.000000,9
algiers,0,6,0.140310,0.996930,bellman,41.000000,10
algiers,0,6,0.140310,0.996920,convex,82.000000,11
algiers,1,1,0.244640,0.598190,bellman,0.000000,0
algiers,1,1,0.244640,-0.000000,convex,0.000000,1
algiers,1,2,0.244640,0.598190,bellman,0.000000,2
algiers,1,2,0.244640,0.498490,convex,0.000000,3
algiers,1,3,0.244640,0.941750,bellman,0.000000,4
algiers,1,3,0.244640,0.941750,convex,0.000000,5
algiers,1,4,0.244640,0.952190,bellman,2.000000,6
algiers,1,4,0.244640,0.941750,convex,4.000000,7
algiers,1,5,0.244640,0.988150,bellman,9.000000,8
algiers,1,5,0.244640,0.988150,convex,19.000000,9
algiers,1,6,0.244640,0.989780,bellman,41.000000,10
algiers,1,6,0.244640,0.988150,convex,82.000000,11
algiers,2,1,0.237320,0.280000,bellman,0.000000,0
algiers,2,1,0.237320,-0.000000,convex,0.000000,1
algiers,2,2,0.237320,0.280000,bellman,0.000000,2
algiers,2,2,0.237320,0.233330,convex,0.000000,3
algiers,2,3,0.237320,0.464430,bellman,0.000000,4
algiers,2,3,0.237320,0.464430,convex,0.000000,5
algiers,2,4,0.237320,0.497510,bellman,2.000000,12
algiers,2,4,0.237320,0.495510,convex,4.000000,13
algiers,2,5,0.237320,0.499560,bellman,9.000000,14
algiers,2,5,0.237320,0.498480,convex,19.000000,15
algiers,2,6,0.237320,0.499970,bellman,41.000000,16
algiers,2,6,0.237320,0.499840,convex,82.000000,17
algiers,3,1,0.286770,0.280000,bellman,0.000000,0
algiers,3,1,0.286770,-0.000000,convex,0.000000,1
algiers,3,2,0.286770,0.280000,bellman,0.000000,2
algiers,3,2,0.286770,0.233330,convex,0.000000,3
algiers,3,3,0.286770,0.440810,bellman,0.000000,4
algiers,3,3,0.286770,0.440810,convex,0.000000,5
algiers,3,4,0.286770,0.472220,bellman,2.000000,12
algiers,3,4,0.286770,0.470800,convex,4.000000,18
algiers,3,5,0.286770,0.492190,bellman,9.000000,14
algiers,3,5,0.286770,0.490620,convex,19.000000,19
algiers,3,6,0.286770,0.495560,bellman,41.000000,16
algiers,3,6,0.286770,0.495320,convex,82.000000,20
almaden,0,1,0.183410,0.595580,bellman,0.000000,0
almaden,0,1,0.183410,-0.000000,convex,0.000000,1
almaden,0,2,0.183410,0.595580,bellman,0.000000,2
almaden,0,2,0.183410,0.496310,convex,0.000000,3
almaden,0,3,0.183410,0.977740,bellman,0.000000,4
almaden,0,3,0.183410,0.977740,convex,0.000000,5
almaden,0,4,0.183410,0.980670,bellman,2.000000,6
almaden,0,4,0.183410,0.977740,convex,4.000000,7
almaden,0,5,0.183410,0.991960,bellman,9.000000,8
almaden,0,5,0.183410,0.991960,convex,19.000000,9
almaden,0,6,0.183410,0.992090,bellman,41.000000,10
almaden,0,6,0.183410,0.991960,convex,82.000000,11
almaden,1,1,0.185680,0.595580,bellman,0.000000,0
almaden,1,1,0.185680,-0.000000,convex,0.000000,1
almaden,1,2,0.185680,0.595580,bellman,0.000000,2
almaden,1,2,0.185680,0.496310,convex,0.000000,3
almaden,1,3,0.185680,0.767630,bellman,0.000000,4
almaden,1,3,0.185680,0.767630,convex,0.000000,5
almaden,1,4,0.185680,0.802430,bellman,2.000000,6
almaden,1,4,0.185680,0.767630,convex,4.000000,7
almaden,1,5,0.185680,0.862750,bellman,9.000000,8
almaden,1,5,0.185680,0.862750,convex,19.000000,9
almaden,1,6,0.185680,0.881050,bellman,41.000000,10
almaden,1,6,0.185680,0.862750,convex,82.000000,11
almaden,2,1,0.155520,0.570080,bellman,0.000000,0
almaden,2,1,0.155520,-0.000000,convex,0.000000,1
almaden,2,2,0.155520,0.570080,bellman,0.000000,2
almaden,2,2,0.155520,0.475070,convex,0.000000,3
almaden,2,3,0.155520,0.935880,bellman,0.000000,4
almaden,2,3,0.155520,0.935880,convex,0.000000,5
almaden,2,4,0.155520,0.938690,bellman,2.000000,6
almaden,2,4,0.155520,0.935880,convex,4.000000,7
almaden,2,5,0.155520,0.949500,bellman,9.000000,8
almaden,2,5,0.155520,0.949500,convex,19.000000,9
almaden,2,6,0.155520,0.949620,bellman,41.000000,10
almaden,2,6,0.155520,0.949500,convex,82.000000,11
almaden,3,1,0.158960,0.570080,bellman,0.000000,0
almaden,3,1,0.158960,-0.000000,convex,0.000000,1
almaden,3,2,0.158960,0.570080,bellman,0.000000,2
almaden,3,2,0.158960,0.475070,convex,0.000000,3
almaden,3,3,0.158960,0.734770,bellman,0.000000,4
almaden,3,3,0.158960,0.734770,convex,0.000000,5
almaden,3,4,0.158960,0.768080,bellman,2.000000,6
almaden,3,4,0.158960,0.734770,convex,4.000000,7
almaden,3,5,0.158960,0.825810,bellman,9.000000,8
almaden,3,5,0.158960,0.825810,convex,19.000000,9
almaden,3,6,0.158960,0.843330,bellman,41.000000,10
almaden,3,6,0.158960,0.825810,convex,82.000000,11
athens,0,1,0.129210,0.596820,bellman,0.000000,0
athens,0,1,0.129210,-0.000000,convex,0.000000,1
athens,0,2,0.129210,0.596820,bellman,0.000000,2
athens,0,2,0.129210,0.497350,convex,0.000000,3
athens,0,3,0.129210,0.984650,bellman,0.000000,4
athens,0,3,0.129210,0.984650,convex,0.000000,5
athens,0,4,0.129210,0.986640,bellman,2.000000,6
athens,0,4,0.129210,0.984650,convex,4.000000,7
athens,0,5,0.129210,0.994390,bellman,9.000000,8
athens,0,5,0.129210,0.994390,convex,19.000000,9
athens,0,6,0.129210,0.994450,bellman,41.000000,10
athens,0,6,0.129210,0.994390,convex,82.000000,11
athens,1,1,0.135880,0.589830,bellman,0.000000,0
athens,1,1,0.135880,-0.000000,convex,0.000000,1
athens,1,2,0.135880,0.589830,bellman,0.000000,2
athens,1,2,0.135880,0.491530,convex,0.000000,3
athens,1,3,0.135880,0.973130,bellman,0.000000,4
athens,1,3,0.135880,0.973130,convex,0.000000,5
athens,1,4,0.135880,0.975090,bellman,2.000000,6
athens,1,4,0.135880,0.973130,convex,4.000000,7
athens,1,5,0.135880,0.982760,bellman,9.000000,8
athens,1,5,0.135880,0.982760,convex,19.000000,9
athens,1,6,0.135880,0.982810,bellman,41.000000,10
athens,1,6,0.135880,0.982760,convex,82.000000,11
auckland,0,1,0.176770,0.597930,bellman,0.000000,0
auckland,0,1,0.176770,-0.000000,convex,0.000000,1
auckland,0,2,0.176770,0.597930,bellman,0.000000,2
auckland,0,2,0.176770,0.498280,convex,0.000000,3
auckland,0,3,0.176770,0.991080,bellman,0.000000,4
auckland,0,3,0.176770,0.991080,convex,0.000000,5
auckland,0,4,0.176770,0.992170,bellman,2.000000,6
auckland,0,4,0.176770,0.991080,convex,4.000000,7
auckland,0,5,0.176770,0.996470,bellman,9.000000,8
auckland,0,5,0.176770,0.996470,convex,19.000000,9
auckland,0,6,0.176770,0.996490,bellman,41.000000,10
auckland,0,6,0.176770,0.996470,convex,82.000000,11
auckland,1,1,0.231980,0.597930,bellman,0.000000,0
auckland,1,1,0.231980,-0.000000,convex,0.000000,1
auckland,1,2,0.231980,0.597930,bellman,0.000000,2
auckland,1,2,0.231980,0.498280,convex,0.000000,3
auckland,1,3,0.231980,0.977420,bellman,0.000000,4
auckland,1,3,0.231980,0.977420,convex,0.000000,5
auckland,1,4,0.231980,0.981180,bellman,2.000000,6
auckland,1,4,0.231980,0.977420,convex,4.000000,7
auckland,1,5,0.231980,0.995470,bellman,9.000000,8
auckland,1,5,0.231980,0.995470,convex,19.000000,9
auckland,1,6,0.231980,0.995680,bellman,41.000000,10
auckland,1,6,0.231980,0.995470,convex,82.000000,11
auckland,2,1,0.293060,0.590660,bellman,0.000000,0
auckland,2,1,0.293060,-0.000000,convex,0.000000,1
auckland,2,2,0.293060,0.590660,bellman,0.000000,2
auckland,2,2,0.293060,0.492210,convex,0.000000,3
auckland,2,3,0.293060,0.979010,bellman,0.000000,4
auckland,2,3,0.293060,0.979010,convex,0.000000,5
auckland,2,4,0.293060,0.980090,bellman,2.000000,6
auckland,2,4,0.293060,0.979010,convex,4.000000,7
auckland,2,5,0.293060,0.984340,bellman,9.000000,8
auckland,2,5,0.293060,0.984340,convex,19.000000,9
auckland,2,6,0.293060,0.984360,bellman,41.000000,10
auckland,2,6,0.293060,0.984340,convex,82.000000,11
belem,0,1,0.128650,0.595720,bellman,0.000000,0
belem,0,1,0.128650,-0.000000,convex,0.000000,1
belem,0,2,0.128650,0.595720,bellman,0.000000,2
belem,0,2,0.128650,0.496440,convex,0.000000,3
belem,0,3,0.128650,0.951770,bellman,0.000000,4
belem,0,3,0.128650,0.951770,convex,0.000000,5
belem,0,4,0.128650,0.959650,bellman,2.000000,6
belem,0,4,0.128650,0.951770,convex,4.000000,7
belem,0,5,0.128650,0.987910,bellman,9.000000,8
belem,0,5,0.128650,0.987910,convex,19.000000,9
belem,0,6,0.128650,0.988840,bellman,41.000000,10
belem,0,6,0.128650,0.987910,convex,82.000000,11
belem,1,1,0.140460,0.595720,bellman,0.000000,0
belem,1,1,0.140460,-0.000000,convex,0.000000,1
belem,1,2,0.140460,0.595720,bellman,0.000000,2
belem,1,2,0.140460,0.496440,convex,0.000000,3
belem,1,3,0.140460,0.972420,bellman,0.000000,4
belem,1,3,0.140460,0.972420,convex,0.000000,5
belem,1,4,0.140460,0.976420,bellman,2.000000,6
belem,1,4,0.140460,0.972420,convex,4.000000,7
belem,1,5,0.140460,0.991620,bellman,9.000000,8
belem,1,5,0.140460,0.991620,convex,19.000000,9
belem,1,6,0.140460,0.991870,bellman,41.000000,10
belem,1,6,0.140460,0.991620,convex,82.000000,11
belem,2,1,0.136710,0.593380,bellman,0.000000,0
belem,2,1,0.136710,-0.000000,convex,0.000000,1
belem,2,2,0.136710,0.593380,bellman,0.000000,2
belem,2,2,0.136710,0.494480,convex,0.000000,3
belem,2,3,0.136710,0.968590,bellman,0.000000,4
belem,2,3,0.136710,0.968590,convex,0.000000,5
belem,2,4,0.136710,0.972580,bellman,2.000000,6
belem,2,4,0.136710,0.968590,convex,4.000000,7
belem,2,5,0.136710,0.987720,bellman,9.000000,8
belem,2,5,0.136710,0.987720,convex,19.000000,9
belem,2,6,0.136710,0.987960,bellman,41.000000,10
belem,2,6,0.136710,0.987720,convex,83.000000,11
boeblingen,0,1,0.162570,0.597560,bellman,0.000000,0
boeblingen,0,1,0.162570,-0.000000,convex,0.000000,1
boeblingen,0,2,0.162570,0.597560,bellman,0.000000,2
boeblingen,0,2,0.162570,0.497970,convex,0.000000,3
boeblingen,0,3,0.162570,0.982790,bellman,0.000000,4
boeblingen,0,3,0.162570,0.982790,convex,0.000000,5
boeblingen,0,4,0.162570,0.985380,bellman,2.000000,6
boeblingen,0,4,0.162570,0.982790,convex,4.000000,7
boeblingen,0,5,0.162570,0.995420,bellman,9.000000,8
boeblingen,0,5,0.162570,0.995420,convex,19.000000,9
boeblingen,0,6,0.162570,0.995520,bellman,41.000000,10
boeblingen,0,6,0.162570,0.995420,convex,83.000000,11
boeblingen,1,1,0.178880,0.597560,bellman,0.000000,0
boeblingen,1,1,0.178880,-0.000000,convex,0.000000,1
boeblingen,1,2,0.178880,0.597560,bellman,0.000000,2
boeblingen,1,2,0.178880,0.497970,convex,0.000000,3
boeblingen,1,3,0.178880,0.804020,bellman,0.000000,4
boeblingen,1,3,0.178880,0.804020,convex,0.000000,5
boeblingen,1,4,0.178880,0.835010,bellman,2.000000,6
boeblingen,1,4,0.178880,0.804020,convex,4.000000,7
boeblingen,1,5,0.178880,0.899240,bellman,9.000000,8
boeblingen,1,5,0.178880,0.899240,convex,19.000000,9
boeblingen,1,6,0.178880,0.913700,bellman,41.000000,10
boeblingen,1,6,0.178880,0.899240,convex,83.000000,11
boeblingen,2,1,0.173390,0.588920,bellman,0.000000,0
boeblingen,2,1,0.173390,-0.000000,convex,0.000000,1
boeblingen,2,2,0.173390,0.588920,bellman,0.000000,2
boeblingen,2,2,0.173390,0.490760,convex,0.000000,3
boeblingen,2,3,0.173390,0.968570,bellman,0.000000,4
boeblingen,2,3,0.173390,0.968570,convex,0.000000,5
boeblingen,2,4,0.173390,0.971130,bellman,2.000000,6
boeblingen,2,4,0.173390,0.968570,convex,4.000000,7
boeblingen,2,5,0.173390,0.981020,bellman,9.000000,8
boeblingen,2,5,0.173390,0.981020,convex,19.000000,9
boeblingen,2,6,0.173390,0.981120,bellman,41.000000,10
boeblingen,2,6,0.173390,0.981020,convex,83.000000,11
boeblingen,3,1,0.191140,0.588920,bellman,0.000000,0
boeblingen,3,1,0.191140,-0.000000,convex,0.000000,1
boeblingen,3,2,0.191140,0.588920,bellman,0.000000,2
boeblingen,3,2,0.191140,0.490760,convex,0.000000,3
boeblingen,3,3,0.191140,0.792390,bellman,0.000000,4
boeblingen,3,3,0.191140,0.792390,convex,0.000000,5
boeblingen,3,4,0.191140,0.822930,bellman,2.000000,6
boeblingen,3,4,0.191140,0.792390,convex,4.000000,7
boeblingen,3,5,0.191140,0.886230,bellman,9.000000,8
boeblingen,3,5,0.191140,0.886230,convex,19.000000,9
boeblingen,3,6,0.191140,0.900480,bellman,41.000000,10
boeblingen,3,6,0.191140,0.886230,convex,82.000000,11
bogota,0,1,0.136110,0.596560,bellman,0.000000,0
bogota,0,1,0.136110,-0.000000,convex,0.000000,1
bogota,0,2,0.136110,0.596560,bellman,0.000000,2
bogota,0,2,0.136110,0.497130,convex,0.000000,3
bogota,0,3,0.136110,0.937990,bellman,0.000000,4
bogota,0,3,0.136110,0.937990,convex,0.000000,5
bogota,0,4,0.136110,0.948610,bellman,2.000000,6
bogota,0,4,0.136110,0.937990,convex,4.000000,7
bogota,0,5,0.136110,0.985070,bellman,9.000000,8
bogota,0,5,0.136110,0.985070,convex,19.000000,9
bogota,0,6,0.136110,0.986770,bellman,41.000000,10
bogota,0,6,0.136110,0.985070,convex,82.000000,11
bogota,1,1,0.136390,0.569800,bellman,0.000000,0
bogota,1,1,0.136390,-0.000000,convex,0.000000,1
bogota,1,2,0.136390,0.569800,bellman,0.000000,2
bogota,1,2,0.136390,0.474830,convex,0.000000,3
bogota,1,3,0.136390,0.923930,bellman,0.000000,4
bogota,1,3,0.136390,0.923930,convex,0.000000,5
bogota,1,4,0.136390,0.928940,bellman,2.000000,6
bogota,1,4,0.136390,0.923930,convex,4.000000,7
bogota,1,5,0.136390,0.947610,bellman,9.000000,8
bogota,1,5,0.136390,0.947610,convex,19.000000,9
bogota,1,6,0.136390,0.948010,bellman,41.000000,10
bogota,1,6,0.136390,0.947610,convex,82.000000,11
brooklyn,0,1,0.234140,0.597450,bellman,0.000000,0
brooklyn,0,1,0.234140,-0.000000,convex,0.000000,1
brooklyn,0,2,0.234140,0.597450,bellman,0.000000,2
brooklyn,0,2,0.234140,0.497870,convex,0.000000,3
brooklyn,0,3,0.234140,0.983300,bellman,0.000000,4
brooklyn,0,3,0.234140,0.983300,convex,0.000000,5
brooklyn,0,4,0.234140,0.985760,bellman,2.000000,6
brooklyn,0,4,0.234140,0.983300,convex,4.000000,7
brooklyn,0,5,0.234140,0.995280,bellman,9.000000,8
brooklyn,0,5,0.234140,0.995280,convex,19.000000,9
brooklyn,0,6,0.234140,0.995380,bellman,41.000000,10
brooklyn,0,6,0.234140,0.995280,convex,82.000000,11
brooklyn,1,1,0.293060,0.597450,bellman,0.000000,0
brooklyn,1,1,0.293060,-0.000000,convex,0.000000,1
brooklyn,1,2,0.293060,0.597450,bellman,0.000000,2
brooklyn,1,2,0.293060,0.497870,convex,0.000000,3
brooklyn,1,3,0.293060,0.909320,bellman,0.000000,4
brooklyn,1,3,0.293060,0.909320,convex,0.000000,5
brooklyn,1,4,0.293060,0.925100,bellman,2.000000,6
brooklyn,1,4,0.293060,0.909320,convex,4.000000,7
brooklyn,1,5,0.293060,0.974540,bellman,9.000000,8
brooklyn,1,5,0.293060,0.974540,convex,19.000000,9
brooklyn,1,6,0.293060,0.978300,bellman,41.000000,10
brooklyn,1,6,0.293060,0.974540,convex,82.000000,11
brooklyn,2,1,0.212960,0.579340,bellman,0.000000,0
brooklyn,2,1,0.212960,-0.000000,convex,0.000000,1
brooklyn,2,2,0.212960,0.579340,bellman,0.000000,2
brooklyn,2,2,0.212960,0.482780,convex,0.000000,3
brooklyn,2,3,0.212960,0.953500,bellman,0.000000,4
brooklyn,2,3,0.212960,0.953500,convex,0.000000,5
brooklyn,2,4,0.212960,0.955880,bellman,2.000000,6
brooklyn,2,4,0.212960,0.953500,convex,4.000000,7
brooklyn,2,5,0.212960,0.965120,bellman,9.000000,8
brooklyn,2,5,0.212960,0.965120,convex,19.000000,9
brooklyn,2,6,0.212960,0.965210,bellman,41.000000,10
brooklyn,2,6,0.212960,0.965120,convex,82.000000,11
brooklyn,3,1,0.271320,0.579340,bellman,0.000000,0
brooklyn,3,1,0.271320,-0.000000,convex,0.000000,1
brooklyn,3,2,0.271320,0.579340,bellman,0.000000,2
brooklyn,3,2,0.271320,0.482780,convex,0.000000,3
brooklyn,3,3,0.271320,0.881760,bellman,0.000000,4
brooklyn,3,3,0.271320,0.881760,convex,0.000000,5
brooklyn,3,4,0.271320,0.897060,bellman,2.000000,6
brooklyn,3,4,0.271320,0.881760,convex,4.000000,7
brooklyn,3,5,0.271320,0.945010,bellman,9.000000,8
brooklyn,3,5,0.271320,0.945010,convex,19.000000,9
brooklyn,3,6,0.271320,0.948650,bellman,41.000000,10
brooklyn,3,6,0.271320,0.945010,convex,82.000000,11
burlington,0,1,0.109640,0.590010,bellman,0.000000,0
burlington,0,1,0.109640,-0.000000,convex,0.000000,1
burlington,0,2,0.109640,0.590010,bellman,0.000000,2
burlington,0,2,0.109640,0.491680,convex,0.000000,3
burlington,0,3,0.109640,0.959270,bellman,0.000000,4
burlington,0,3,0.109640,0.959270,convex,0.000000,5
burlington,0,4,0.109640,0.963970,bellman,2.000000,6
burlington,0,4,0.109640,0.959270,convex,4.000000,7
burlington,0,5,0.109640,0.981620,bellman,9.000000,8
burlington,0,5,0.109640,0.981620,convex,19.000000,9
burlington,0,6,0.109640,0.981950,bellman,41.000000,10
burlington,0,6,0.109640,0.981620,convex,82.000000,11
cairo,0,1,0.219130,0.598280,bellman,0.000000,0
cairo,0,1,0.219130,-0.000000,convex,0.000000,1
cairo,0,2,0.219130,0.598280,bellman,0.000000,2
cairo,0,2,0.219130,0.498560,convex,0.000000,3
cairo,0,3,0.219130,0.992040,bellman,0.000000,4
cairo,0,3,0.219130,0.992040,convex,0.000000,5
cairo,0,4,0.219130,0.993050,bellman,2.000000,6
cairo,0,4,0.219130,0.992040,convex,4.000000,7
cairo,0,5,0.219130,0.997050,bellman,9.000000,8
cairo,0,5,0.219130,0.997050,convex,19.000000,9
cairo,0,6,0.219130,0.997060,bellman,41.000000,10
cairo,0,6,0.219130,0.997050,convex,82.000000,11
cairo,1,1,0.254560,0.598280,bellman,0.000000,0
cairo,1,1,0.254560,-0.000000,convex,0.000000,1
cairo,1,2,0.254560,0.598280,bellman,0.000000,2
cairo,1,2,0.254560,0.498560,convex,0.000000,3
cairo,1,3,0.254560,0.848350,bellman,0.000000,4
cairo,1,3,0.254560,0.848350,convex,0.000000,5
cairo,1,4,0.254560,0.873670,bellman,2.000000,6
cairo,1,4,0.254560,0.848350,convex,4.000000,7
cairo,1,5,0.254560,0.937160,bellman,9.000000,8
cairo,1,5,0.254560,0.937160,convex,19.000000,9
cairo,1,6,0.254560,0.946800,bellman,41.000000,10
cairo,1,6,0.254560,0.937160,convex,82.000000,11
cairo,2,1,0.277450,0.587470,bellman,0.000000,0
cairo,2,1,0.277450,-0.000000,convex,0.000000,1
cairo,2,2,0.277450,0.587470,bellman,0.000000,2
cairo,2,2,0.277450,0.489560,convex,0.000000,3
cairo,2,3,0.277450,0.974130,bellman,0.000000,4
cairo,2,3,0.277450,0.974130,convex,0.000000,5
cairo,2,4,0.277450,0.975120,bellman,2.000000,6
cairo,2,4,0.277450,0.974130,convex,4.000000,7
cairo,2,5,0.277450,0.979050,bellman,9.000000,8
cairo,2,5,0.277450,0.979050,convex,19.000000,9
cairo,2,6,0.277450,0.979060,bellman,41.000000,10
cairo,2,6,0.277450,0.979050,convex,82.000000,11
cambridge,0,1,0.272080,0.594430,bellman,0.000000,0
cambridge,0,1,0.272080,-0.000000,convex,0.000000,1
cambridge,0,2,0.272080,0.594430,bellman,0.000000,2
cambridge,0,2,0.272080,0.495360,convex,0.000000,3
cambridge,0,3,0.272080,0.973870,bellman,0.000000,4
cambridge,0,3,0.272080,0.973870,convex,0.000000,5
cambridge,0,4,0.272080,0.977180,bellman,2.000000,6
cambridge,0,4,0.272080,0.973870,convex,4.000000,7
cambridge,0,5,0.272080,0.989860,bellman,9.000000,8
cambridge,0,5,0.272080,0.989860,convex,19.000000,9
cambridge,0,6,0.272080,0.990030,bellman,41.000000,10
cambridge,0,6,0.272080,0.989860,convex,82.000000,11
cambridge,1,1,0.278280,0.594430,bellman,0.000000,0
cambridge,1,1,0.278280,-0.000000,convex,0.000000,1
cambridge,1,2,0.278280,0.594430,bellman,0.000000,2
cambridge,1,2,0.278280,0.495360,convex,0.000000,3
cambridge,1,3,0.278280,0.604330,bellman,0.000000,4
cambridge,1,3,0.278280,0.604330,convex,0.000000,5
cambridge,1,4,0.278280,0.651470,bellman,2.000000,6
cambridge,1,4,0.278280,0.604330,convex,4.000000,7
cambridge,1,5,0.278280,0.656190,bellman,9.000000,8
cambridge,1,5,0.278280,0.656190,convex,19.000000,9
cambridge,1,6,0.278280,0.689830,bellman,41.000000,10
cambridge,1,6,0.278280,0.656190,convex,82.000000,11
cambridge,2,1,0.211910,0.280000,bellman,0.000000,0
cambridge,2,1,0.211910,-0.000000,convex,0.000000,1
cambridge,2,2,0.211910,0.280000,bellman,0.000000,2
cambridge,2,2,0.211910,0.233330,convex,0.000000,3
cambridge,2,3,0.211910,0.458730,bellman,0.000000,4
cambridge,2,3,0.211910,0.458730,convex,0.000000,5
cambridge,2,4,0.211910,0.491410,bellman,2.000000,12
cambridge,2,4,0.211910,0.489650,convex,4.000000,21
cambridge,2,5,0.211910,0.498390,bellman,9.000000,14
cambridge,2,5,0.211910,0.496850,convex,19.000000,22
cambridge,2,6,0.211910,0.499570,bellman,41.000000,23
cambridge,2,6,0.211910,0.499410,convex,82.000000,24
cambridge,3,1,0.220530,0.280000,bellman,0.000000,0
cambridge,3,1,0.220530,-0.000000,convex,0.000000,1
cambridge,3,2,0.220530,0.280000,bellman,0.000000,2
cambridge,3,2,0.220530,0.233330,convex,0.000000,3
cambridge,3,3,0.220530,0.299910,bellman,0.000000,25
cambridge,3,3,0.220530,0.284670,convex,0.000000,5
cambridge,3,4,0.220530,0.319020,bellman,2.000000,26
cambridge,3,4,0.220530,0.304220,convex,4.000000,27
cambridge,3,5,0.220530,0.328770,bellman,9.000000,28
cambridge,3,5,0.220530,0.321000,convex,19.000000,29
cambridge,3,6,0.220530,0.341190,bellman,41.000000,30
cambridge,3,6,0.220530,0.330770,convex,82.000000,31
casablanca,0,1,0.154410,0.597010,bellman,0.000000,0
casablanca,0,1,0.154410,-0.000000,convex,0.000000,1
casablanca,0,2,0.154410,0.597010,bellman,0.000000,2
casablanca,0,2,0.154410,0.497500,convex,0.000000,3
casablanca,0,3,0.154410,0.962570,bellman,0.000000,4
casablanca,0,3,0.154410,0.962570,convex,0.000000,5
casablanca,0,4,0.154410,0.968850,bellman,2.000000,6
casablanca,0,4,0.154410,0.962570,convex,4.000000,7
casablanca,0,5,0.154410,0.991910,bellman,9.000000,8
casablanca,0,5,0.154410,0.991910,convex,19.000000,9
casablanca,0,6,0.154410,0.992500,bellman,41.000000,10
casablanca,0,6,0.154410,0.991910,convex,82.000000,11
casablanca,1,1,0.145500,0.592670,bellman,0.000000,0
casablanca,1,1,0.145500,-0.000000,convex,0.000000,1
casablanca,1,2,0.145500,0.592670,bellman,0.000000,2
casablanca,1,2,0.145500,0.493890,convex,0.000000,3
casablanca,1,3,0.145500,0.955580,bellman,0.000000,4
casablanca,1,3,0.145500,0.955580,convex,0.000000,5
casablanca,1,4,0.145500,0.961810,bellman,2.000000,6
casablanca,1,4,0.145500,0.955580,convex,4.000000,7
casablanca,1,5,0.145500,0.984700,bellman,9.000000,8
casablanca,1,5,0.145500,0.984700,convex,19.000000,9
casablanca,1,6,0.145500,0.985290,bellman,41.000000,10
casablanca,1,6,0.145500,0.984700,convex,82.000000,11
essex,0,1,0.108900,0.595560,bellman,0.000000,0
essex,0,1,0.108900,-0.000000,convex,0.000000,1
essex,0,2,0.108900,0.595560,bellman,0.000000,2
essex,0,2,0.108900,0.496300,convex,0.000000,3
essex,0,3,0.108900,0.937210,bellman,0.000000,4
essex,0,3,0.108900,0.937210,convex,0.000000,5
essex,0,4,0.108900,0.947670,bellman,2.000000,6
essex,0,4,0.108900,0.937210,convex,4.000000,7
essex,0,5,0.108900,0.983670,bellman,9.000000,8
essex,0,5,0.108900,0.983670,convex,19.000000,9
essex,0,6,0.108900,0.985320,bellman,41.000000,10
essex,0,6,0.108900,0.983670,convex,82.000000,11
essex,1,1,0.123270,0.588710,bellman,0.000000,0
essex,1,1,0.123270,-0.000000,convex,0.000000,1
essex,1,2,0.123270,0.588710,bellman,0.000000,2
essex,1,2,0.123270,0.490590,convex,0.000000,3
essex,1,3,0.123270,0.951070,bellman,0.000000,4
essex,1,3,0.123270,0.951070,convex,0.000000,5
essex,1,4,0.123270,0.956910,bellman,2.000000,6
essex,1,4,0.123270,0.951070,convex,4.000000,7
essex,1,5,0.123270,0.978470,bellman,9.000000,8
essex,1,5,0.123270,0.978470,convex,19.000000,9
essex,1,6,0.123270,0.978990,bellman,41.000000,10
essex,1,6,0.123270,0.978470,convex,82.000000,11
essex,2,1,0.124960,0.588710,bellman,0.000000,0
essex,2,1,0.124960,-0.000000,convex,0.000000,1
essex,2,2,0.124960,0.588710,bellman,0.000000,2
essex,2,2,0.124960,0.490590,convex,0.000000,3
essex,2,3,0.124960,0.926440,bellman,0.000000,4
essex,2,3,0.124960,0.926440,convex,0.000000,5
essex,2,4,0.124960,0.936780,bellman,2.000000,6
essex,2,4,0.124960,0.926440,convex,4.000000,7
essex,2,5,0.124960,0.972360,bellman,9.000000,8
essex,2,5,0.124960,0.972360,convex,19.000000,9
essex,2,6,0.124960,0.974000,bellman,41.000000,10
essex,2,6,0.124960,0.972360,convex,82.000000,11
geneva,0,1,0.227830,0.598550,bellman,0.000000,0
geneva,0,1,0.227830,-0.000000,convex,0.000000,1
geneva,0,2,0.227830,0.598550,bellman,0.000000,2
geneva,0,2,0.227830,0.498790,convex,0.000000,3
geneva,0,3,0.227830,0.856520,bellman,0.000000,4
geneva,0,3,0.227830,0.856520,convex,0.000000,5
geneva,0,4,0.227830,0.880740,bellman,2.000000,6
geneva,0,4,0.227830,0.856520,convex,4.000000,7
geneva,0,5,0.227830,0.943380,bellman,9.000000,8
geneva,0,5,0.227830,0.943380,convex,19.000000,9
geneva,0,6,0.227830,0.952200,bellman,41.000000,10
geneva,0,6,0.227830,0.943380,convex,82.000000,11
geneva,1,1,0.239430,0.598550,bellman,0.000000,0
geneva,1,1,0.239430,-0.000000,convex,0.000000,1
geneva,1,2,0.239430,0.598550,bellman,0.000000,2
geneva,1,2,0.239430,0.498790,convex,0.000000,3
geneva,1,3,0.239430,0.983810,bellman,0.000000,4
geneva,1,3,0.239430,0.983810,convex,0.000000,5
geneva,1,4,0.239430,0.986520,bellman,2.000000,6
geneva,1,4,0.239430,0.983810,convex,4.000000,7
geneva,1,5,0.239430,0.997010,bellman,9.000000,8
geneva,1,5,0.239430,0.997010,convex,19.000000,9
geneva,1,6,0.239430,0.997120,bellman,41.000000,10
geneva,1,6,0.239430,0.997010,convex,82.000000,11
geneva,2,1,0.249720,0.280000,bellman,0.000000,0
geneva,2,1,0.249720,-0.000000,convex,0.000000,1
geneva,2,2,0.249720,0.280000,bellman,0.000000,2
geneva,2,2,0.249720,0.233330,convex,0.000000,3
geneva,2,3,0.249720,0.460230,bellman,0.000000,4
geneva,2,3,0.249720,0.460230,convex,0.000000,5
geneva,2,4,0.249720,0.493010,bellman,2.000000,12
geneva,2,4,0.249720,0.491200,convex,4.000000,32
geneva,2,5,0.249720,0.498740,bellman,9.000000,14
geneva,2,5,0.249720,0.497250,convex,19.000000,33
geneva,2,6,0.249720,0.499720,bellman,41.000000,16
geneva,2,6,0.249720,0.499570,convex,82.000000,34
guadalupe,0,1,0.193460,0.597300,bellman,0.000000,0
guadalupe,0,1,0.193460,-0.000000,convex,0.000000,1
guadalupe,0,2,0.193460,0.597300,bellman,0.000000,2
guadalupe,0,2,0.193460,0.497750,convex,0.000000,3
guadalupe,0,3,0.193460,0.935260,bellman,0.000000,4
guadalupe,0,3,0.193460,0.935260,convex,0.000000,5
guadalupe,0,4,0.193460,0.946580,bellman,2.000000,6
guadalupe,0,4,0.193460,0.935260,convex,4.000000,7
guadalupe,0,5,0.193460,0.985000,bellman,9.000000,8
guadalupe,0,5,0.193460,0.985000,convex,19.000000,9
guadalupe,0,6,0.193460,0.986930,bellman,41.000000,10
guadalupe,0,6,0.193460,0.985000,convex,82.000000,11
guadalupe,1,1,0.220770,0.597300,bellman,0.000000,0
guadalupe,1,1,0.220770,-0.000000,convex,0.000000,1
guadalupe,1,2,0.220770,0.597300,bellman,0.000000,2
guadalupe,1,2,0.220770,0.497750,convex,0.000000,3
guadalupe,1,3,0.220770,0.984940,bellman,0.000000,4
guadalupe,1,3,0.220770,0.984940,convex,0.000000,5
guadalupe,1,4,0.220770,0.987030,bellman,2.000000,6
guadalupe,1,4,0.220770,0.984940,convex,4.000000,7
guadalupe,1,5,0.220770,0.995160,bellman,9.000000,8
guadalupe,1,5,0.220770,0.995160,convex,19.000000,9
guadalupe,1,6,0.220770,0.995220,bellman,41.000000,10
guadalupe,1,6,0.220770,0.995160,convex,82.000000,11
guadalupe,2,1,0.208120,0.592040,bellman,0.000000,0
guadalupe,2,1,0.208120,-0.000000,convex,0.000000,1
guadalupe,2,2,0.208120,0.592040,bellman,0.000000,2
guadalupe,2,2,0.208120,0.493370,convex,0.000000,3
guadalupe,2,3,0.208120,0.927040,bellman,0.000000,4
guadalupe,2,3,0.208120,0.927040,convex,0.000000,5
guadalupe,2,4,0.208120,0.938260,bellman,2.000000,6
guadalupe,2,4,0.208120,0.927040,convex,4.000000,7
guadalupe,2,5,0.208120,0.976340,bellman,9.000000,8
guadalupe,2,5,0.208120,0.976340,convex,19.000000,9
guadalupe,2,6,0.208120,0.978250,bellman,41.000000,10
guadalupe,2,6,0.208120,0.976340,convex,82.000000,11
guadalupe,3,1,0.226790,0.592040,bellman,0.000000,0
guadalupe,3,1,0.226790,-0.000000,convex,0.000000,1
guadalupe,3,2,0.226790,0.592040,bellman,0.000000,2
guadalupe,3,2,0.226790,0.493370,convex,0.000000,3
guadalupe,3,3,0.226790,0.976280,bellman,0.000000,4
guadalupe,3,3,0.226790,0.976280,convex,0.000000,5
guadalupe,3,4,0.226790,0.978350,bellman,2.000000,6
guadalupe,3,4,0.226790,0.976280,convex,4.000000,7
guadalupe,3,5,0.226790,0.986410,bellman,9.000000,8
guadalupe,3,5,0.226790,0.986410,convex,19.000000,9
guadalupe,3,6,0.226790,0.986470,bellman,41.000000,10
guadalupe,3,6,0.226790,0.986410,convex,82.000000,11
hanoi,0,1,0.252230,0.598490,bellman,0.000000,0
hanoi,0,1,0.252230,-0.000000,convex,0.000000,1
hanoi,0,2,0.252230,0.598490,bellman,0.000000,2
hanoi,0,2,0.252230,0.498740,convex,0.000000,3
hanoi,0,3,0.252230,0.991990,bellman,0.000000,4
hanoi,0,3,0.252230,0.991990,convex,0.000000,5
hanoi,0,4,0.252230,0.993080,bellman,2.000000,6
hanoi,0,4,0.252230,0.991990,convex,4.000000,7
hanoi,0,5,0.252230,0.997390,bellman,9.000000,8
hanoi,0,5,0.252230,0.997390,convex,19.000000,9
hanoi,0,6,0.252230,0.997400,bellman,41.000000,10
hanoi,0,6,0.252230,0.997390,convex,82.000000,11
hanoi,1,1,0.260590,0.598490,bellman,0.000000,0
hanoi,1,1,0.260590,-0.000000,convex,0.000000,1
hanoi,1,2,0.260590,0.598490,bellman,0.000000,2
hanoi,1,2,0.260590,0.498740,convex,0.000000,3
hanoi,1,3,0.260590,0.913390,bellman,0.000000,4
hanoi,1,3,0.260590,0.913390,convex,0.000000,5
hanoi,1,4,0.260590,0.928790,bellman,2.000000,6
hanoi,1,4,0.260590,0.913390,convex,4.000000,7
hanoi,1,5,0.260590,0.977410,bellman,10.000000,8
hanoi,1,5,0.260590,0.977410,convex,19.000000,9
hanoi,1,6,0.260590,0.980970,bellman,42.000000,10
hanoi,1,6,0.260590,0.977410,convex,82.000000,11
hanoi,2,1,0.225830,0.280000,bellman,0.000000,0
hanoi,2,1,0.225830,-0.000000,convex,0.000000,1
hanoi,2,2,0.225830,0.280000,bellman,0.000000,2
hanoi,2,2,0.225830,0.233330,convex,0.000000,3
hanoi,2,3,0.225830,0.464100,bellman,0.000000,4
hanoi,2,3,0.225830,0.464100,convex,0.000000,5
hanoi,2,4,0.225830,0.497160,bellman,2.000000,12
hanoi,2,4,0.225830,0.495180,convex,4.000000,35
hanoi,2,5,0.225830,0.499510,bellman,9.000000,14
hanoi,2,5,0.225830,0.498360,convex,19.000000,36
hanoi,2,6,0.225830,0.499950,bellman,41.000000,23
hanoi,2,6,0.225830,0.499820,convex,83.000000,37
hanoi,3,1,0.230470,0.280000,bellman,0.000000,0
hanoi,3,1,0.230470,-0.000000,convex,0.000000,1
hanoi,3,2,0.230470,0.280000,bellman,0.000000,2
hanoi,3,2,0.230470,0.233330,convex,0.000000,3
hanoi,3,3,0.230470,0.427330,bellman,0.000000,4
hanoi,3,3,0.230470,0.427330,convex,0.000000,5
hanoi,3,4,0.230470,0.457770,bellman,2.000000,12
hanoi,3,4,0.230470,0.456480,convex,4.000000,38
hanoi,3,5,0.230470,0.485150,bellman,9.000000,14
hanoi,3,5,0.230470,0.483680,convex,19.000000,39
hanoi,3,6,0.230470,0.489930,bellman,42.000000,23
hanoi,3,6,0.230470,0.489650,convex,82.000000,40
jakarta,0,1,0.161780,0.597560,bellman,0.000000,0
jakarta,0,1,0.161780,-0.000000,convex,0.000000,1
jakarta,0,2,0.161780,0.597560,bellman,0.000000,2
jakarta,0,2,0.161780,0.497970,convex,0.000000,3
jakarta,0,3,0.161780,0.980000,bellman,0.000000,4
jakarta,0,3,0.161780,0.980000,convex,0.000000,5
jakarta,0,4,0.161780,0.983140,bellman,2.000000,6
jakarta,0,4,0.161780,0.980000,convex,4.000000,7
jakarta,0,5,0.161780,0.995180,bellman,9.000000,8
jakarta,0,5,0.161780,0.995180,convex,19.000000,9
jakarta,0,6,0.161780,0.995330,bellman,41.000000,10
jakarta,0,6,0.161780,0.995180,convex,83.000000,11
jakarta,1,1,0.153650,0.594630,bellman,0.000000,0
jakarta,1,1,0.153650,-0.000000,convex,0.000000,1
jakarta,1,2,0.153650,0.594630,bellman,0.000000,2
jakarta,1,2,0.153650,0.495530,convex,0.000000,3
jakarta,1,3,0.153650,0.975200,bellman,0.000000,4
jakarta,1,3,0.153650,0.975200,convex,0.000000,5
jakarta,1,4,0.153650,0.978320,bellman,2.000000,6
jakarta,1,4,0.153650,0.975200,convex,4.000000,7
jakarta,1,5,0.153650,0.990300,bellman,9.000000,8
jakarta,1,5,0.153650,0.990300,convex,19.000000,9
jakarta,1,6,0.153650,0.990450,bellman,42.000000,10
jakarta,1,6,0.153650,0.990300,convex,83.000000,11
johannesburg,0,1,0.128540,0.594620,bellman,0.000000,0
johannesburg,0,1,0.128540,-0.000000,convex,0.000000,1
johannesburg,0,2,0.128540,0.594620,bellman,0.000000,2
johannesburg,0,2,0.128540,0.495520,convex,0.000000,3
johannesburg,0,3,0.128540,0.973690,bellman,0.000000,4
johannesburg,0,3,0.128540,0.973690,convex,0.000000,5
johannesburg,0,4,0.128540,0.977100,bellman,2.000000,6
johannesburg,0,4,0.128540,0.973690,convex,4.000000,7
johannesburg,0,5,0.128540,0.990130,bellman,9.000000,8
johannesburg,0,5,0.128540,0.990130,convex,19.000000,9
johannesburg,0,6,0.128540,0.990310,bellman,41.000000,10
johannesburg,0,6,0.128540,0.990130,convex,83.000000,11
johannesburg,1,1,0.165340,0.594620,bellman,0.000000,0
johannesburg,1,1,0.165340,-0.000000,convex,0.000000,1
johannesburg,1,2,0.165340,0.594620,bellman,0.000000,2
johannesburg,1,2,0.165340,0.495520,convex,0.000000,3
johannesburg,1,3,0.165340,0.819880,bellman,0.000000,4
johannesburg,1,3,0.165340,0.819880,convex,0.000000,5
johannesburg,1,4,0.165340,0.848200,bellman,2.000000,6
johannesburg,1,4,0.165340,0.819880,convex,4.000000,7
johannesburg,1,5,0.165340,0.912570,bellman,10.000000,8
johannesburg,1,5,0.165340,0.912570,convex,19.000000,9
johannesburg,1,6,0.165340,0.924700,bellman,41.000000,10
johannesburg,1,6,0.165340,0.912570,convex,82.000000,11
johannesburg,2,1,0.192080,0.576470,bellman,0.000000,0
johannesburg,2,1,0.192080,-0.000000,convex,0.000000,1
johannesburg,2,2,0.192080,0.576470,bellman,0.000000,2
johannesburg,2,2,0.192080,0.480390,convex,0.000000,3
johannesburg,2,3,0.192080,0.943960,bellman,0.000000,4
johannesburg,2,3,0.192080,0.943960,convex,0.000000,5
johannesburg,2,4,0.192080,0.947270,bellman,2.000000,6
johannesburg,2,4,0.192080,0.943960,convex,4.000000,7
johannesburg,2,5,0.192080,0.959900,bellman,9.000000,8
johannesburg,2,5,0.192080,0.959900,convex,19.000000,9
johannesburg,2,6,0.192080,0.960070,bellman,41.000000,10
johannesburg,2,6,0.192080,0.959900,convex,82.000000,11
johannesburg,3,1,0.203520,0.576470,bellman,0.000000,0
johannesburg,3,1,0.203520,-0.000000,convex,0.000000,1
johannesburg,3,2,0.203520,0.576470,bellman,0.000000,2
johannesburg,3,2,0.203520,0.480390,convex,0.000000,3
johannesburg,3,3,0.203520,0.794850,bellman,0.000000,4
johannesburg,3,3,0.203520,0.794850,convex,0.000000,5
johannesburg,3,4,0.203520,0.822300,bellman,2.000000,6
johannesburg,3,4,0.203520,0.794850,convex,4.000000,7
johannesburg,3,5,0.203520,0.884710,bellman,9.000000,8
johannesburg,3,5,0.203520,0.884710,convex,19.000000,9
johannesburg,3,6,0.203520,0.896470,bellman,41.000000,10
johannesburg,3,6,0.203520,0.884710,convex,82.000000,11
kolkata,0,1,0.179410,0.598000,bellman,0.000000,0
kolkata,0,1,0.179410,-0.000000,convex,0.000000,1
kolkata,0,2,0.179410,0.598000,bellman,0.000000,2
kolkata,0,2,0.179410,0.498330,convex,0.000000,3
kolkata,0,3,0.179410,0.950520,bellman,0.000000,4
kolkata,0,3,0.179410,0.950520,convex,0.000000,5
kolkata,0,4,0.179410,0.959320,bellman,2.000000,6
kolkata,0,4,0.179410,0.950520,convex,4.000000,7
kolkata,0,5,0.179410,0.990450,bellman,9.000000,8
kolkata,0,5,0.179410,0.990450,convex,19.000000,9
kolkata,0,6,0.179410,0.991620,bellman,41.000000,10
kolkata,0,6,0.179410,0.990450,convex,82.000000,11
kolkata,1,1,0.242620,0.598000,bellman,0.000000,0
kolkata,1,1,0.242620,-0.000000,convex,0.000000,1
kolkata,1,2,0.242620,0.598000,bellman,0.000000,2
kolkata,1,2,0.242620,0.498330,convex,0.000000,3
kolkata,1,3,0.242620,0.991780,bellman,0.000000,4
kolkata,1,3,0.242620,0.991780,convex,0.000000,5
kolkata,1,4,0.242620,0.992750,bellman,2.000000,6
kolkata,1,4,0.242620,0.991780,convex,4.000000,7
kolkata,1,5,0.242620,0.996590,bellman,9.000000,8
kolkata,1,5,0.242620,0.996590,convex,19.000000,9
kolkata,1,6,0.242620,0.996600,bellman,41.000000,10
kolkata,1,6,0.242620,0.996590,convex,82.000000,11
kolkata,2,1,0.279350,0.574880,bellman,0.000000,0
kolkata,2,1,0.279350,-0.000000,convex,0.000000,1
kolkata,2,2,0.279350,0.574880,bellman,0.000000,2
kolkata,2,2,0.279350,0.479070,convex,0.000000,3
kolkata,2,3,0.279350,0.953440,bellman,0.000000,4
kolkata,2,3,0.279350,0.953440,convex,0.000000,5
kolkata,2,4,0.279350,0.954380,bellman,2.000000,41
kolkata,2,4,0.279350,0.953440,convex,4.000000,42
kolkata,2,5,0.279350,0.958070,bellman,9.000000,43
kolkata,2,5,0.279350,0.958070,convex,19.000000,44
kolkata,2,6,0.279350,0.958080,bellman,41.000000,45
kolkata,2,6,0.279350,0.958070,convex,82.000000,46
lagos,0,1,0.153710,0.596700,bellman,0.000000,0
lagos,0,1,0.153710,-0.000000,convex,0.000000,1
lagos,0,2,0.153710,0.596700,bellman,0.000000,2
lagos,0,2,0.153710,0.497250,convex,0.000000,3
lagos,0,3,0.153710,0.596700,bellman,0.000000,47
lagos,0,3,0.153710,0.533250,convex,0.000000,5
lagos,0,4,0.153710,0.596700,bellman,2.000000,48
lagos,0,4,0.153710,0.533250,convex,4.000000,49
lagos,0,5,0.153710,0.598490,bellman,9.000000,50
lagos,0,5,0.153710,0.551150,convex,19.000000,9
lagos,0,6,0.153710,0.601970,bellman,41.000000,51
lagos,0,6,0.153710,0.551150,convex,82.000000,11
lagos,1,1,0.154680,0.596700,bellman,0.000000,0
lagos,1,1,0.154680,-0.000000,convex,0.000000,1
lagos,1,2,0.154680,0.596700,bellman,0.000000,2
lagos,1,2,0.154680,0.497250,convex,0.000000,3
lagos,1,3,0.154680,0.977880,bellman,0.000000,4
lagos,1,3,0.154680,0.977880,convex,0.000000,5
lagos,1,4,0.154680,0.981150,bellman,2.000000,6
lagos,1,4,0.154680,0.977880,convex,4.000000,7
lagos,1,5,0.154680,0.993670,bellman,9.000000,8
lagos,1,5,0.154680,0.993670,convex,19.000000,9
lagos,1,6,0.154680,0.993830,bellman,41.000000,10
lagos,1,6,0.154680,0.993670,convex,82.000000,11
lagos,2,1,0.150820,0.588410,bellman,0.000000,0
lagos,2,1,0.150820,-0.000000,convex,0.000000,1
lagos,2,2,0.150820,0.588410,bellman,0.000000,2
lagos,2,2,0.150820,0.490340,convex,0.000000,3
lagos,2,3,0.150820,0.588410,bellman,0.000000,47
lagos,2,3,0.150820,0.525840,convex,0.000000,5
lagos,2,4,0.150820,0.588410,bellman,2.000000,48
lagos,2,4,0.150820,0.525840,convex,4.000000,49
lagos,2,5,0.150820,0.590180,bellman,9.000000,50
lagos,2,5,0.150820,0.543500,convex,19.000000,9
lagos,2,6,0.150820,0.593610,bellman,41.000000,51
lagos,2,6,0.150820,0.543500,convex,82.000000,11
lima,0,1,0.140750,0.597620,bellman,0.000000,0
lima,0,1,0.140750,-0.000000,convex,0.000000,1
lima,0,2,0.140750,0.597620,bellman,0.000000,2
lima,0,2,0.140750,0.498010,convex,0.000000,3
lima,0,3,0.140750,0.938750,bellman,0.000000,4
lima,0,3,0.140750,0.938750,convex,0.000000,5
lima,0,4,0.140750,0.949550,bellman,2.000000,6
lima,0,4,0.140750,0.938750,convex,4.000000,7
lima,0,5,0.140750,0.986520,bellman,9.000000,8
lima,0,5,0.140750,0.986520,convex,19.000000,9
lima,0,6,0.140750,0.988280,bellman,41.000000,10
lima,0,6,0.140750,0.986520,convex,82.000000,11
lima,1,1,0.145550,0.591830,bellman,0.000000,0
lima,1,1,0.145550,-0.000000,convex,0.000000,1
lima,1,2,0.145550,0.591830,bellman,0.000000,2
lima,1,2,0.145550,0.493190,convex,0.000000,3
lima,1,3,0.145550,0.970000,bellman,0.000000,4
lima,1,3,0.145550,0.970000,convex,0.000000,5
lima,1,4,0.145550,0.973220,bellman,2.000000,6
lima,1,4,0.145550,0.970000,convex,4.000000,7
lima,1,5,0.145550,0.985570,bellman,9.000000,8
lima,1,5,0.145550,0.985570,convex,19.000000,9
lima,1,6,0.145550,0.985730,bellman,41.000000,10
lima,1,6,0.145550,0.985570,convex,82.000000,11
london,0,1,0.116180,0.596630,bellman,0.000000,0
london,0,1,0.116180,-0.000000,convex,0.000000,1
london,0,2,0.116180,0.596630,bellman,0.000000,2
london,0,2,0.116180,0.497200,convex,0.000000,3
london,0,3,0.116180,0.977820,bellman,0.000000,4
london,0,3,0.116180,0.977820,convex,0.000000,5
london,0,4,0.116180,0.981080,bellman,2.000000,6
london,0,4,0.116180,0.977820,convex,4.000000,7
london,0,5,0.116180,0.993570,bellman,9.000000,8
london,0,5,0.116180,0.993570,convex,19.000000,9
london,0,6,0.116180,0.993730,bellman,41.000000,10
london,0,6,0.116180,0.993570,convex,82.000000,11
london,1,1,0.124390,0.591590,bellman,0.000000,0
london,1,1,0.124390,-0.000000,convex,0.000000,1
london,1,2,0.124390,0.591590,bellman,0.000000,2
london,1,2,0.124390,0.492990,convex,0.000000,3
london,1,3,0.124390,0.823290,bellman,0.000000,4
london,1,3,0.124390,0.823290,convex,0.000000,5
london,1,4,0.124390,0.850460,bellman,2.000000,6
london,1,4,0.124390,0.823290,convex,4.000000,7
london,1,5,0.124390,0.914310,bellman,9.000000,8
london,1,5,0.124390,0.914310,convex,19.000000,9
london,1,6,0.124390,0.925540,bellman,41.000000,10
london,1,6,0.124390,0.914310,convex,82.000000,11
melbourne,0,1,0.128780,0.594110,bellman,0.000000,0
melbourne,0,1,0.128780,-0.000000,convex,0.000000,1
melbourne,0,2,0.128780,0.594110,bellman,0.000000,2
melbourne,0,2,0.128780,0.495090,convex,0.000000,3
melbourne,0,3,0.128780,0.963940,bellman,0.000000,4
melbourne,0,3,0.128780,0.963940,convex,0.000000,5
melbourne,0,4,0.128780,0.969050,bellman,2.000000,6
melbourne,0,4,0.128780,0.963940,convex,4.000000,7
melbourne,0,5,0.128780,0.988130,bellman,9.000000,8
melbourne,0,5,0.128780,0.988130,convex,19.000000,9
melbourne,0,6,0.128780,0.988520,bellman,41.000000,10
melbourne,0,6,0.128780,0.988130,convex,82.000000,11
melbourne,1,1,0.149470,0.594110,bellman,0.000000,0
melbourne,1,1,0.149470,-0.000000,convex,0.000000,1
melbourne,1,2,0.149470,0.594110,bellman,0.000000,2
melbourne,1,2,0.149470,0.495090,convex,0.000000,3
melbourne,1,3,0.149470,0.805410,bellman,0.000000,4
melbourne,1,3,0.149470,0.805410,convex,0.000000,5
melbourne,1,4,0.149470,0.835470,bellman,2.000000,6
melbourne,1,4,0.149470,0.805410,convex,4.000000,7
melbourne,1,5,0.149470,0.899610,bellman,9.000000,8
melbourne,1,5,0.149470,0.899610,convex,19.000000,9
melbourne,1,6,0.149470,0.913300,bellman,41.000000,10
melbourne,1,6,0.149470,0.899610,convex,82.000000,11
melbourne,2,1,0.179710,0.577760,bellman,0.000000,0
melbourne,2,1,0.179710,-0.000000,convex,0.000000,1
melbourne,2,2,0.179710,0.577760,bellman,0.000000,2
melbourne,2,2,0.179710,0.481470,convex,0.000000,3
melbourne,2,3,0.179710,0.937410,bellman,0.000000,4
melbourne,2,3,0.179710,0.937410,convex,0.000000,5
melbourne,2,4,0.179710,0.942380,bellman,2.000000,6
melbourne,2,4,0.179710,0.937410,convex,4.000000,7
melbourne,2,5,0.179710,0.960940,bellman,9.000000,8
melbourne,2,5,0.179710,0.960940,convex,19.000000,9
melbourne,2,6,0.179710,0.961320,bellman,41.000000,10
melbourne,2,6,0.179710,0.960940,convex,82.000000,11
melbourne,3,1,0.190940,0.577760,bellman,0.000000,0
melbourne,3,1,0.190940,-0.000000,convex,0.000000,1
melbourne,3,2,0.190940,0.577760,bellman,0.000000,2
melbourne,3,2,0.190940,0.481470,convex,0.000000,3
melbourne,3,3,0.190940,0.783250,bellman,0.000000,4
melbourne,3,3,0.190940,0.783250,convex,0.000000,5
melbourne,3,4,0.190940,0.812480,bellman,2.000000,6
melbourne,3,4,0.190940,0.783250,convex,4.000000,7
melbourne,3,5,0.190940,0.874860,bellman,9.000000,8
melbourne,3,5,0.190940,0.874860,convex,19.000000,9
melbourne,3,6,0.190940,0.888170,bellman,41.000000,10
melbourne,3,6,0.190940,0.874860,convex,82.000000,11
manhattan,0,1,0.495470,0.597020,bellman,0.000000,0
manhattan,0,1,0.495470,-0.000000,convex,0.000000,1
manhattan,0,2,0.495470,0.597020,bellman,0.000000,2
manhattan,0,2,0.495470,0.497520,convex,0.000000,3
manhattan,0,3,0.495470,0.597020,bellman,0.000000,47
manhattan,0,3,0.495470,0.593340,convex,0.000000,5
manhattan,0,4,0.495470,0.641240,bellman,2.000000,6
manhattan,0,4,0.495470,0.593340,convex,4.000000,7
manhattan,0,5,0.495470,0.642130,bellman,9.000000,50
manhattan,0,5,0.495470,0.639470,convex,19.000000,9
manhattan,0,6,0.495470,0.674070,bellman,41.000000,10
manhattan,0,6,0.495470,0.639470,convex,82.000000,11
manhattan,1,1,0.500930,0.597020,bellman,0.000000,0
manhattan,1,1,0.500930,-0.000000,convex,0.000000,1
manhattan,1,2,0.500930,0.597020,bellman,0.000000,2
manhattan,1,2,0.500930,0.497520,convex,0.000000,3
manhattan,1,3,0.500930,0.988760,bellman,0.000000,4
manhattan,1,3,0.500930,0.988760,convex,0.000000,5
manhattan,1,4,0.500930,0.990010,bellman,2.000000,6
manhattan,1,4,0.500930,0.988760,convex,4.000000,7
manhattan,1,5,0.500930,0.994910,bellman,9.000000,8
manhattan,1,5,0.500930,0.994910,convex,19.000000,9
manhattan,1,6,0.500930,0.994940,bellman,41.000000,10
manhattan,1,6,0.500930,0.994910,convex,82.000000,11
manhattan,2,1,0.368810,0.280000,bellman,0.000000,0
manhattan,2,1,0.368810,-0.000000,convex,0.000000,1
manhattan,2,2,0.368810,0.280000,bellman,0.000000,2
manhattan,2,2,0.368810,0.233330,convex,0.000000,3
manhattan,2,3,0.368810,0.299910,bellman,0.000000,25
manhattan,2,3,0.368810,0.278270,convex,0.000000,5
manhattan,2,4,0.368810,0.312610,bellman,2.000000,26
manhattan,2,4,0.368810,0.297390,convex,4.000000,52
manhattan,2,5,0.368810,0.322200,bellman,9.000000,28
manhattan,2,5,0.368810,0.311300,convex,19.000000,53
manhattan,2,6,0.368810,0.331790,bellman,41.000000,30
manhattan,2,6,0.368810,0.320940,convex,82.000000,54
manhattan,3,1,0.378180,0.280000,bellman,0.000000,0
manhattan,3,1,0.378180,-0.000000,convex,0.000000,1
manhattan,3,2,0.378180,0.280000,bellman,0.000000,2
manhattan,3,2,0.378180,0.233330,convex,0.000000,3
manhattan,3,3,0.378180,0.463730,bellman,0.000000,4
manhattan,3,3,0.378180,0.463730,convex,0.000000,5
manhattan,3,4,0.378180,0.496760,bellman,2.000000,12
manhattan,3,4,0.378180,0.494800,convex,4.000000,55
manhattan,3,5,0.378180,0.499440,bellman,9.000000,14
manhattan,3,5,0.378180,0.498230,convex,19.000000,56
manhattan,3,6,0.378180,0.499940,bellman,41.000000,23
manhattan,3,6,0.378180,0.499810,convex,82.000000,57
manila,0,1,0.146240,0.597720,bellman,0.000000,0
manila,0,1,0.146240,-0.000000,convex,0.000000,1
manila,0,2,0.146240,0.597720,bellman,0.000000,2
manila,0,2,0.146240,0.498100,convex,0.000000,3
manila,0,3,0.146240,0.900170,bellman,0.000000,4
manila,0,3,0.146240,0.900170,convex,0.000000,5
manila,0,4,0.146240,0.917520,bellman,2.000000,6
manila,0,4,0.146240,0.900170,convex,4.000000,7
manila,0,5,0.146240,0.970210,bellman,9.000000,8
manila,0,5,0.146240,0.970210,convex,19.000000,9
manila,0,6,0.146240,0.974750,bellman,41.000000,10
manila,0,6,0.146240,0.970210,convex,82.000000,11
manila,1,1,0.136160,0.594420,bellman,0.000000,0
manila,1,1,0.136160,-0.000000,convex,0.000000,1
manila,1,2,0.136160,0.594420,bellman,0.000000,2
manila,1,2,0.136160,0.495350,convex,0.000000,3
manila,1,3,0.136160,0.976440,bellman,0.000000,4
manila,1,3,0.136160,0.976440,convex,0.000000,5
manila,1,4,0.136160,0.979250,bellman,2.000000,6
manila,1,4,0.136160,0.976440,convex,4.000000,7
manila,1,5,0.136160,0.990100,bellman,9.000000,8
manila,1,5,0.136160,0.990100,convex,19.000000,9
manila,1,6,0.136160,0.990220,bellman,41.000000,10
manila,1,6,0.136160,0.990100,convex,82.000000,11
montreal,0,1,0.228210,0.597770,bellman,0.000000,0
montreal,0,1,0.228210,-0.000000,convex,0.000000,1
montreal,0,2,0.228210,0.597770,bellman,0.000000,2
montreal,0,2,0.228210,0.498140,convex,0.000000,3
montreal,0,3,0.228210,0.989200,bellman,0.000000,4
montreal,0,3,0.228210,0.989200,convex,0.000000,5
montreal,0,4,0.228210,0.990610,bellman,2.000000,6
montreal,0,4,0.228210,0.989200,convex,4.000000,7
montreal,0,5,0.228210,0.996130,bellman,9.000000,8
montreal,0,5,0.228210,0.996130,convex,19.000000,9
montreal,0,6,0.228210,0.996160,bellman,41.000000,10
montreal,0,6,0.228210,0.996130,convex,82.000000,11
montreal,1,1,0.273300,0.597770,bellman,0.000000,0
montreal,1,1,0.273300,-0.000000,convex,0.000000,1
montreal,1,2,0.273300,0.597770,bellman,0.000000,2
montreal,1,2,0.273300,0.498140,convex,0.000000,3
montreal,1,3,0.273300,0.899940,bellman,0.000000,4
montreal,1,3,0.273300,0.899940,convex,0.000000,5
montreal,1,4,0.273300,0.917340,bellman,2.000000,6
montreal,1,4,0.273300,0.899940,convex,4.000000,7
montreal,1,5,0.273300,0.970130,bellman,9.000000,8
montreal,1,5,0.273300,0.970130,convex,19.000000,9
montreal,1,6,0.273300,0.974690,bellman,41.000000,10
montreal,1,6,0.273300,0.970130,convex,82.000000,11
montreal,2,1,0.200800,0.588850,bellman,0.000000,0
montreal,2,1,0.200800,-0.000000,convex,0.000000,1
montreal,2,2,0.200800,0.588850,bellman,0.000000,2
montreal,2,2,0.200800,0.490710,convex,0.000000,3
montreal,2,3,0.200800,0.974450,bellman,0.000000,4
montreal,2,3,0.200800,0.974450,convex,0.000000,5
montreal,2,4,0.200800,0.975840,bellman,2.000000,6
montreal,2,4,0.200800,0.974450,convex,4.000000,7
montreal,2,5,0.200800,0.981270,bellman,9.000000,8
montreal,2,5,0.200800,0.981270,convex,19.000000,9
montreal,2,6,0.200800,0.981300,bellman,41.000000,10
montreal,2,6,0.200800,0.981270,convex,82.000000,11
montreal,3,1,0.245330,0.588850,bellman,0.000000,0
montreal,3,1,0.245330,-0.000000,convex,0.000000,1
montreal,3,2,0.245330,0.588850,bellman,0.000000,2
montreal,3,2,0.245330,0.490710,convex,0.000000,3
montreal,3,3,0.245330,0.886520,bellman,0.000000,4
montreal,3,3,0.245330,0.886520,convex,0.000000,5
montreal,3,4,0.245330,0.903660,bellman,2.000000,6
montreal,3,4,0.245330,0.886520,convex,4.000000,7
montreal,3,5,0.245330,0.955660,bellman,9.000000,8
montreal,3,5,0.245330,0.955660,convex,19.000000,9
montreal,3,6,0.245330,0.960160,bellman,41.000000,10
montreal,3,6,0.245330,0.955660,convex,82.000000,11
mumbai,0,1,0.282060,0.598140,bellman,0.000000,0
mumbai,0,1,0.282060,-0.000000,convex,0.000000,1
mumbai,0,2,0.282060,0.598140,bellman,0.000000,2
mumbai,0,2,0.282060,0.498450,convex,0.000000,3
mumbai,0,3,0.282060,0.983930,bellman,0.000000,4
mumbai,0,3,0.282060,0.983930,convex,0.000000,5
mumbai,0,4,0.282060,0.986490,bellman,2.000000,6
mumbai,0,4,0.282060,0.983930,convex,4.000000,7
mumbai,0,5,0.282060,0.996390,bellman,9.000000,8
mumbai,0,5,0.282060,0.996390,convex,19.000000,9
mumbai,0,6,0.282060,0.996490,bellman,41.000000,10
mumbai,0,6,0.282060,0.996390,convex,82.000000,11
mumbai,1,1,0.288850,0.598140,bellman,0.000000,0
mumbai,1,1,0.288850,-0.000000,convex,0.000000,1
mumbai,1,2,0.288850,0.598140,bellman,0.000000,2
mumbai,1,2,0.288850,0.498450,convex,0.000000,3
mumbai,1,3,0.288850,0.896010,bellman,0.000000,4
mumbai,1,3,0.288850,0.896010,convex,0.000000,5
mumbai,1,4,0.288850,0.914140,bellman,2.000000,6
mumbai,1,4,0.288850,0.896010,convex,4.000000,7
mumbai,1,5,0.288850,0.968330,bellman,9.000000,8
mumbai,1,5,0.288850,0.968330,convex,19.000000,9
mumbai,1,6,0.288850,0.973280,bellman,41.000000,10
mumbai,1,6,0.288850,0.968330,convex,82.000000,11
mumbai,2,1,0.149250,0.586320,bellman,0.000000,0
mumbai,2,1,0.149250,-0.000000,convex,0.000000,1
mumbai,2,2,0.149250,0.586320,bellman,0.000000,2
mumbai,2,2,0.149250,0.488600,convex,0.000000,3
mumbai,2,3,0.149250,0.964490,bellman,0.000000,4
mumbai,2,3,0.149250,0.964490,convex,0.000000,5
mumbai,2,4,0.149250,0.967000,bellman,2.000000,6
mumbai,2,4,0.149250,0.964490,convex,4.000000,7
mumbai,2,5,0.149250,0.976710,bellman,9.000000,8
mumbai,2,5,0.149250,0.976710,convex,19.000000,9
mumbai,2,6,0.149250,0.976800,bellman,41.000000,10
mumbai,2,6,0.149250,0.976710,convex,82.000000,11
mumbai,3,1,0.185280,0.586320,bellman,0.000000,0
mumbai,3,1,0.185280,-0.000000,convex,0.000000,1
mumbai,3,2,0.185280,0.586320,bellman,0.000000,2
mumbai,3,2,0.185280,0.488600,convex,0.000000,3
mumbai,3,3,0.185280,0.878310,bellman,0.000000,4
mumbai,3,3,0.185280,0.878310,convex,0.000000,5
mumbai,3,4,0.185280,0.896080,bellman,2.000000,6
mumbai,3,4,0.185280,0.878310,convex,4.000000,7
mumbai,3,5,0.185280,0.949200,bellman,9.000000,8
mumbai,3,5,0.185280,0.949200,convex,19.000000,9
mumbai,3,6,0.185280,0.954050,bellman,41.000000,10
mumbai,3,6,0.185280,0.949200,convex,82.000000,11
nairobi,0,1,0.134540,0.597280,bellman,0.000000,0
nairobi,0,1,0.134540,-0.000000,convex,0.000000,1
nairobi,0,2,0.134540,0.597280,bellman,0.000000,2
nairobi,0,2,0.134540,0.497740,convex,0.000000,3
nairobi,0,3,0.134540,0.937740,bellman,0.000000,4
nairobi,0,3,0.134540,0.937740,convex,0.000000,5
nairobi,0,4,0.134540,0.948610,bellman,2.000000,6
nairobi,0,4,0.134540,0.937740,convex,4.000000,7
nairobi,0,5,0.134540,0.985820,bellman,9.000000,8
nairobi,0,5,0.134540,0.985820,convex,19.000000,9
nairobi,0,6,0.134540,0.987600,bellman,41.000000,10
nairobi,0,6,0.134540,0.985820,convex,82.000000,11
nairobi,1,1,0.143550,0.597280,bellman,0.000000,0
nairobi,1,1,0.143550,-0.000000,convex,0.000000,1
nairobi,1,2,0.143550,0.597280,bellman,0.000000,2
nairobi,1,2,0.143550,0.497740,convex,0.000000,3
nairobi,1,3,0.143550,0.977260,bellman,0.000000,4
nairobi,1,3,0.143550,0.977260,convex,0.000000,5
nairobi,1,4,0.143550,0.980830,bellman,2.000000,6
nairobi,1,4,0.143550,0.977260,convex,4.000000,7
nairobi,1,5,0.143550,0.994490,bellman,9.000000,8
nairobi,1,5,0.143550,0.994490,convex,19.000000,9
nairobi,1,6,0.143550,0.994680,bellman,41.000000,10
nairobi,1,6,0.143550,0.994490,convex,82.000000,11
nairobi,2,1,0.149170,0.594970,bellman,0.000000,0
nairobi,2,1,0.149170,-0.000000,convex,0.000000,1
nairobi,2,2,0.149170,0.594970,bellman,0.000000,2
nairobi,2,2,0.149170,0.495810,convex,0.000000,3
nairobi,2,3,0.149170,0.934110,bellman,0.000000,4
nairobi,2,3,0.149170,0.934110,convex,0.000000,5
nairobi,2,4,0.149170,0.944940,bellman,2.000000,6
nairobi,2,4,0.149170,0.934110,convex,4.000000,7
nairobi,2,5,0.149170,0.982000,bellman,9.000000,8
nairobi,2,5,0.149170,0.982000,convex,19.000000,9
nairobi,2,6,0.149170,0.983770,bellman,41.000000,10
nairobi,2,6,0.149170,0.982000,convex,82.000000,11
nairobi,3,1,0.153470,0.594970,bellman,0.000000,0
nairobi,3,1,0.153470,-0.000000,convex,0.000000,1
nairobi,3,2,0.153470,0.594970,bellman,0.000000,2
nairobi,3,2,0.153470,0.495810,convex,0.000000,3
nairobi,3,3,0.153470,0.973470,bellman,0.000000,4
nairobi,3,3,0.153470,0.973470,convex,0.000000,5
nairobi,3,4,0.153470,0.977040,bellman,2.000000,6
nairobi,3,4,0.153470,0.973470,convex,4.000000,7
nairobi,3,5,0.153470,0.990630,bellman,9.000000,8
nairobi,3,5,0.153470,0.990630,convex,19.000000,9
nairobi,3,6,0.153470,0.990830,bellman,41.000000,10
nairobi,3,6,0.153470,0.990630,convex,82.000000,11
oslo,0,1,0.152590,0.597340,bellman,0.000000,0
oslo,0,1,0.152590,-0.000000,convex,0.000000,1
oslo,0,2,0.152590,0.597340,bellman,0.000000,2
oslo,0,2,0.152590,0.497780,convex,0.000000,3
oslo,0,3,0.152590,0.987900,bellman,0.000000,4
oslo,0,3,0.152590,0.987900,convex,0.000000,5
oslo,0,4,0.152590,0.989420,bellman,2.000000,6
oslo,0,4,0.152590,0.987900,convex,4.000000,7
oslo,0,5,0.152590,0.995380,bellman,9.000000,8
oslo,0,5,0.152590,0.995380,convex,19.000000,9
oslo,0,6,0.152590,0.995420,bellman,41.000000,10
oslo,0,6,0.152590,0.995380,convex,82.000000,11
oslo,1,1,0.160340,0.597340,bellman,0.000000,0
oslo,1,1,0.160340,-0.000000,convex,0.000000,1
oslo,1,2,0.160340,0.597340,bellman,0.000000,2
oslo,1,2,0.160340,0.497780,convex,0.000000,3
oslo,1,3,0.160340,0.966290,bellman,0.000000,4
oslo,1,3,0.160340,0.966290,convex,0.000000,5
oslo,1,4,0.160340,0.971970,bellman,2.000000,6
oslo,1,4,0.160340,0.966290,convex,4.000000,7
oslo,1,5,0.160340,0.993030,bellman,9.000000,8
oslo,1,5,0.160340,0.993030,convex,19.000000,9
oslo,1,6,0.160340,0.993520,bellman,41.000000,10
oslo,1,6,0.160340,0.993030,convex,82.000000,11
oslo,2,1,0.161370,0.596200,bellman,0.000000,0
oslo,2,1,0.161370,-0.000000,convex,0.000000,1
oslo,2,2,0.161370,0.596200,bellman,0.000000,2
oslo,2,2,0.161370,0.496830,convex,0.000000,3
oslo,2,3,0.161370,0.986020,bellman,0.000000,4
oslo,2,3,0.161370,0.986020,convex,0.000000,5
oslo,2,4,0.161370,0.987540,bellman,2.000000,6
oslo,2,4,0.161370,0.986020,convex,4.000000,7
oslo,2,5,0.161370,0.993490,bellman,9.000000,8
oslo,2,5,0.161370,0.993490,convex,19.000000,9
oslo,2,6,0.161370,0.993530,bellman,41.000000,10
oslo,2,6,0.161370,0.993490,convex,82.000000,11
ourense,0,1,0.136530,0.597780,bellman,0.000000,0
ourense,0,1,0.136530,-0.000000,convex,0.000000,1
ourense,0,2,0.136530,0.597780,bellman,0.000000,2
ourense,0,2,0.136530,0.498150,convex,0.000000,3
ourense,0,3,0.136530,0.941910,bellman,0.000000,4
ourense,0,3,0.136530,0.941910,convex,0.000000,5
ourense,0,4,0.136530,0.952190,bellman,2.000000,6
ourense,0,4,0.136530,0.941910,convex,4.000000,7
ourense,0,5,0.136530,0.987720,bellman,9.000000,8
ourense,0,5,0.136530,0.987720,convex,19.000000,9
ourense,0,6,0.136530,0.989310,bellman,41.000000,10
ourense,0,6,0.136530,0.987720,convex,82.000000,11
ourense,1,1,0.132830,0.596250,bellman,0.000000,0
ourense,1,1,0.132830,-0.000000,convex,0.000000,1
ourense,1,2,0.132830,0.596250,bellman,0.000000,2
ourense,1,2,0.132830,0.496870,convex,0.000000,3
ourense,1,3,0.132830,0.978640,bellman,0.000000,4
ourense,1,3,0.132830,0.978640,convex,0.000000,5
ourense,1,4,0.132830,0.981620,bellman,2.000000,6
ourense,1,4,0.132830,0.978640,convex,4.000000,7
ourense,1,5,0.132830,0.993070,bellman,9.000000,8
ourense,1,5,0.132830,0.993070,convex,19.000000,9
ourense,1,6,0.132830,0.993200,bellman,41.000000,10
ourense,1,6,0.132830,0.993070,convex,82.000000,11
ourense,2,1,0.143110,0.596250,bellman,0.000000,0
ourense,2,1,0.143110,-0.000000,convex,0.000000,1
ourense,2,2,0.143110,0.596250,bellman,0.000000,2
ourense,2,2,0.143110,0.496870,convex,0.000000,3
ourense,2,3,0.143110,0.939490,bellman,0.000000,4
ourense,2,3,0.143110,0.939490,convex,0.000000,5
ourense,2,4,0.143110,0.949750,bellman,2.000000,6
ourense,2,4,0.143110,0.939490,convex,4.000000,7
ourense,2,5,0.143110,0.985180,bellman,9.000000,8
ourense,2,5,0.143110,0.985180,convex,19.000000,9
ourense,2,6,0.143110,0.986770,bellman,41.000000,10
ourense,2,6,0.143110,0.985180,convex,82.000000,11
paris,0,1,0.307670,0.596960,bellman,0.000000,0
paris,0,1,0.307670,-0.000000,convex,0.000000,1
paris,0,2,0.307670,0.596960,bellman,0.000000,2
paris,0,2,0.307670,0.497470,convex,0.000000,3
paris,0,3,0.307670,0.784910,bellman,0.000000,4
paris,0,3,0.307670,0.784910,convex,0.000000,5
paris,0,4,0.307670,0.818040,bellman,2.000000,6
paris,0,4,0.307670,0.784910,convex,4.000000,7
paris,0,5,0.307670,0.880640,bellman,9.000000,8
paris,0,5,0.307670,0.880640,convex,19.000000,9
paris,0,6,0.307670,0.897200,bellman,41.000000,10
paris,0,6,0.307670,0.880640,convex,82.000000,11
paris,1,1,0.325340,0.596960,bellman,0.000000,0
paris,1,1,0.325340,-0.000000,convex,0.000000,1
paris,1,2,0.325340,0.596960,bellman,0.000000,2
paris,1,2,0.325340,0.497470,convex,0.000000,3
paris,1,3,0.325340,0.988070,bellman,0.000000,4
paris,1,3,0.325340,0.988070,convex,0.000000,5
paris,1,4,0.325340,0.989430,bellman,2.000000,6
paris,1,4,0.325340,0.988070,convex,4.000000,7
paris,1,5,0.325340,0.994790,bellman,9.000000,8
paris,1,5,0.325340,0.994790,convex,19.000000,9
paris,1,6,0.325340,0.994820,bellman,41.000000,10
paris,1,6,0.325340,0.994790,convex,82.000000,11
paris,2,1,0.148560,0.573900,bellman,0.000000,0
paris,2,1,0.148560,-0.000000,convex,0.000000,1
paris,2,2,0.148560,0.573900,bellman,0.000000,2
paris,2,2,0.148560,0.478250,convex,0.000000,3
paris,2,3,0.148560,0.754590,bellman,0.000000,4
paris,2,3,0.148560,0.754590,convex,0.000000,5
paris,2,4,0.148560,0.786450,bellman,2.000000,6
paris,2,4,0.148560,0.754590,convex,4.000000,7
paris,2,5,0.148560,0.846630,bellman,9.000000,8
paris,2,5,0.148560,0.846630,convex,19.000000,9
paris,2,6,0.148560,0.862550,bellman,41.000000,10
paris,2,6,0.148560,0.846630,convex,82.000000,11
paris,3,1,0.245280,0.573900,bellman,0.000000,0
paris,3,1,0.245280,-0.000000,convex,0.000000,1
paris,3,2,0.245280,0.573900,bellman,0.000000,2
paris,3,2,0.245280,0.478250,convex,0.000000,3
paris,3,3,0.245280,0.949910,bellman,0.000000,4
paris,3,3,0.245280,0.949910,convex,0.000000,5
paris,3,4,0.245280,0.951220,bellman,2.000000,6
paris,3,4,0.245280,0.949910,convex,4.000000,7
paris,3,5,0.245280,0.956370,bellman,9.000000,8
paris,3,5,0.245280,0.956370,convex,19.000000,9
paris,3,6,0.245280,0.956400,bellman,41.000000,10
paris,3,6,0.245280,0.956370,convex,82.000000,11
perth,0,1,0.148290,0.598070,bellman,0.000000,0
perth,0,1,0.148290,-0.000000,convex,0.000000,1
perth,0,2,0.148290,0.598070,bellman,0.000000,2
perth,0,2,0.148290,0.498390,convex,0.000000,3
perth,0,3,0.148290,0.953830,bellman,0.000000,4
perth,0,3,0.148290,0.953830,convex,0.000000,5
perth,0,4,0.148290,0.962050,bellman,2.000000,6
perth,0,4,0.148290,0.953830,convex,4.000000,7
perth,0,5,0.148290,0.991390,bellman,9.000000,8
perth,0,5,0.148290,0.991390,convex,19.000000,9
perth,0,6,0.148290,0.992410,bellman,41.000000,10
perth,0,6,0.148290,0.991390,convex,82.000000,11
perth,1,1,0.152980,0.598070,bellman,0.000000,0
perth,1,1,0.152980,-0.000000,convex,0.000000,1
perth,1,2,0.152980,0.598070,bellman,0.000000,2
perth,1,2,0.152980,0.498390,convex,0.000000,3
perth,1,3,0.152980,0.977350,bellman,0.000000,4
perth,1,3,0.152980,0.977350,convex,0.000000,5
perth,1,4,0.152980,0.981160,bellman,2.000000,6
perth,1,4,0.152980,0.977350,convex,4.000000,7
perth,1,5,0.152980,0.995670,bellman,9.000000,8
perth,1,5,0.152980,0.995670,convex,19.000000,9
perth,1,6,0.152980,0.995890,bellman,41.000000,10
perth,1,6,0.152980,0.995670,convex,82.000000,11
perth,2,1,0.162010,0.593210,bellman,0.000000,0
perth,2,1,0.162010,-0.000000,convex,0.000000,1
perth,2,2,0.162010,0.593210,bellman,0.000000,2
perth,2,2,0.162010,0.494340,convex,0.000000,3
perth,2,3,0.162010,0.969410,bellman,0.000000,4
perth,2,3,0.162010,0.969410,convex,0.000000,5
perth,2,4,0.162010,0.973190,bellman,2.000000,6
perth,2,4,0.162010,0.969410,convex,4.000000,7
perth,2,5,0.162010,0.987570,bellman,9.000000,8
perth,2,5,0.162010,0.987570,convex,19.000000,9
perth,2,6,0.162010,0.987790,bellman,41.000000,10
perth,2,6,0.162010,0.987570,convex,82.000000,11
poughkeepsie,0,1,0.218920,0.595120,bellman,0.000000,0
poughkeepsie,0,1,0.218920,-0.000000,convex,0.000000,1
poughkeepsie,0,2,0.218920,0.595120,bellman,0.000000,2
poughkeepsie,0,2,0.218920,0.495930,convex,0.000000,3
poughkeepsie,0,3,0.218920,0.820270,bellman,0.000000,4
poughkeepsie,0,3,0.218920,0.820270,convex,0.000000,5
poughkeepsie,0,4,0.218920,0.848650,bellman,2.000000,6
poughkeepsie,0,4,0.218920,0.820270,convex,4.000000,7
poughkeepsie,0,5,0.218920,0.913080,bellman,9.000000,8
poughkeepsie,0,5,0.218920,0.913080,convex,19.000000,9
poughkeepsie,0,6,0.218920,0.925260,bellman,41.000000,10
poughkeepsie,0,6,0.218920,0.913080,convex,82.000000,11
poughkeepsie,1,1,0.224270,0.595120,bellman,0.000000,0
poughkeepsie,1,1,0.224270,-0.000000,convex,0.000000,1
poughkeepsie,1,2,0.224270,0.595120,bellman,0.000000,2
poughkeepsie,1,2,0.224270,0.495930,convex,0.000000,3
poughkeepsie,1,3,0.224270,0.971030,bellman,0.000000,4
poughkeepsie,1,3,0.224270,0.971030,convex,0.000000,5
poughkeepsie,1,4,0.224270,0.975110,bellman,2.000000,6
poughkeepsie,1,4,0.224270,0.971030,convex,4.000000,7
poughkeepsie,1,5,0.224270,0.990570,bellman,9.000000,8
poughkeepsie,1,5,0.224270,0.990570,convex,19.000000,9
poughkeepsie,1,6,0.224270,0.990820,bellman,41.000000,10
poughkeepsie,1,6,0.224270,0.990570,convex,82.000000,11
poughkeepsie,2,1,0.182600,0.568640,bellman,0.000000,0
poughkeepsie,2,1,0.182600,-0.000000,convex,0.000000,1
poughkeepsie,2,2,0.182600,0.568640,bellman,0.000000,2
poughkeepsie,2,2,0.182600,0.473870,convex,0.000000,3
poughkeepsie,2,3,0.182600,0.927830,bellman,0.000000,4
poughkeepsie,2,3,0.182600,0.927830,convex,0.000000,5
poughkeepsie,2,4,0.182600,0.931730,bellman,2.000000,6
poughkeepsie,2,4,0.182600,0.927830,convex,4.000000,7
poughkeepsie,2,5,0.182600,0.946500,bellman,9.000000,8
poughkeepsie,2,5,0.182600,0.946500,convex,19.000000,9
poughkeepsie,2,6,0.182600,0.946740,bellman,41.000000,10
poughkeepsie,2,6,0.182600,0.946500,convex,82.000000,11
quito,0,1,0.127090,0.594690,bellman,0.000000,0
quito,0,1,0.127090,-0.000000,convex,0.000000,1
quito,0,2,0.127090,0.594690,bellman,0.000000,2
quito,0,2,0.127090,0.495580,convex,0.000000,3
quito,0,3,0.127090,0.881040,bellman,0.000000,4
quito,0,3,0.127090,0.881040,convex,0.000000,5
quito,0,4,0.127090,0.900610,bellman,2.000000,6
quito,0,4,0.127090,0.881040,convex,4.000000,7
quito,0,5,0.127090,0.957170,bellman,9.000000,8
quito,0,5,0.127090,0.957170,convex,19.000000,9
quito,0,6,0.127090,0.962970,bellman,41.000000,10
quito,0,6,0.127090,0.957170,convex,81.000000,11
quito,1,1,0.135790,0.577420,bellman,0.000000,0
quito,1,1,0.135790,-0.000000,convex,0.000000,1
quito,1,2,0.135790,0.577420,bellman,0.000000,2
quito,1,2,0.135790,0.481180,convex,0.000000,3
quito,1,3,0.135790,0.855450,bellman,0.000000,4
quito,1,3,0.135790,0.855450,convex,0.000000,5
quito,1,4,0.135790,0.874450,bellman,2.000000,6
quito,1,4,0.135790,0.855450,convex,4.000000,7
quito,1,5,0.135790,0.929370,bellman,9.000000,8
quito,1,5,0.135790,0.929370,convex,18.000000,9
quito,1,6,0.135790,0.935000,bellman,40.000000,10
quito,1,6,0.135790,0.929370,convex,80.000000,11
rochester,0,1,0.202060,0.592350,bellman,0.000000,0
rochester,0,1,0.202060,-0.000000,convex,0.000000,1
rochester,0,2,0.202060,0.592350,bellman,0.000000,2
rochester,0,2,0.202060,0.493620,convex,0.000000,3
rochester,0,3,0.202060,0.977380,bellman,0.000000,4
rochester,0,3,0.202060,0.977380,convex,0.000000,5
rochester,0,4,0.202060,0.979330,bellman,2.000000,6
rochester,0,4,0.202060,0.977380,convex,4.000000,7
rochester,0,5,0.202060,0.986950,bellman,9.000000,8
rochester,0,5,0.202060,0.986950,convex,18.000000,9
rochester,0,6,0.202060,0.987010,bellman,40.000000,10
rochester,0,6,0.202060,0.986950,convex,80.000000,11
rochester,1,1,0.238530,0.592350,bellman,0.000000,0
rochester,1,1,0.238530,-0.000000,convex,0.000000,1
rochester,1,2,0.238530,0.592350,bellman,0.000000,2
rochester,1,2,0.238530,0.493620,convex,0.000000,3
rochester,1,3,0.238530,0.592350,bellman,0.000000,47
rochester,1,3,0.238530,0.589880,convex,0.000000,5
rochester,1,4,0.238530,0.637370,bellman,2.000000,6
rochester,1,4,0.238530,0.589880,convex,4.000000,7
rochester,1,5,0.238530,0.637960,bellman,9.000000,50
rochester,1,5,0.238530,0.636180,convex,18.000000,9
rochester,1,6,0.238530,0.670440,bellman,40.000000,10
rochester,1,6,0.238530,0.636180,convex,80.000000,11
rochester,2,1,0.345990,0.280000,bellman,0.000000,0
rochester,2,1,0.345990,-0.000000,convex,0.000000,1
rochester,2,2,0.345990,0.280000,bellman,0.000000,2
rochester,2,2,0.345990,0.233330,convex,0.000000,3
rochester,2,3,0.345990,0.462000,bellman,0.000000,4
rochester,2,3,0.345990,0.462000,convex,0.000000,5
rochester,2,4,0.345990,0.494910,bellman,2.000000,12
rochester,2,4,0.345990,0.493030,convex,4.000000,58
rochester,2,5,0.345990,0.499110,bellman,9.000000,14
rochester,2,5,0.345990,0.497720,convex,18.000000,59
rochester,2,6,0.345990,0.499850,bellman,40.000000,16
rochester,2,6,0.345990,0.499720,convex,80.000000,60
rochester,3,1,0.352210,0.280000,bellman,0.000000,0
rochester,3,1,0.352210,-0.000000,convex,0.000000,1
rochester,3,2,0.352210,0.280000,bellman,0.000000,2
rochester,3,2,0.352210,0.233330,convex,0.000000,3
rochester,3,3,0.352210,0.299910,bellman,0.000000,25
rochester,3,3,0.352210,0.278830,convex,0.000000,5
rochester,3,4,0.352210,0.313180,bellman,2.000000,26
rochester,3,4,0.352210,0.297990,convex,4.000000,52
rochester,3,5,0.352210,0.322780,bellman,9.000000,61
rochester,3,5,0.352210,0.312160,convex,18.000000,53
rochester,3,6,0.352210,0.332620,bellman,40.000000,62
rochester,3,6,0.352210,0.321810,convex,80.000000,54
rome,0,1,0.127080,0.597350,bellman,0.000000,0
rome,0,1,0.127080,-0.000000,convex,0.000000,1
rome,0,2,0.127080,0.597350,bellman,0.000000,2
rome,0,2,0.127080,0.497790,convex,0.000000,3
rome,0,3,0.127080,0.974280,bellman,0.000000,4
rome,0,3,0.127080,0.974280,convex,0.000000,5
rome,0,4,0.127080,0.978450,bellman,2.000000,6
rome,0,4,0.127080,0.974280,convex,4.000000,7
rome,0,5,0.127080,0.994240,bellman,9.000000,8
rome,0,5,0.127080,0.994240,convex,18.000000,9
rome,0,6,0.127080,0.994500,bellman,40.000000,10
rome,0,6,0.127080,0.994240,convex,80.000000,11
rome,1,1,0.127630,0.593010,bellman,0.000000,0
rome,1,1,0.127630,-0.000000,convex,0.000000,1
rome,1,2,0.127630,0.593010,bellman,0.000000,2
rome,1,2,0.127630,0.494180,convex,0.000000,3
rome,1,3,0.127630,0.958500,bellman,0.000000,4
rome,1,3,0.127630,0.958500,convex,0.000000,5
rome,1,4,0.127630,0.964290,bellman,2.000000,6
rome,1,4,0.127630,0.958500,convex,4.000000,7
rome,1,5,0.127630,0.985700,bellman,9.000000,8
rome,1,5,0.127630,0.985700,convex,18.000000,9
rome,1,6,0.127630,0.986210,bellman,40.000000,10
rome,1,6,0.127630,0.985700,convex,80.000000,11
santiago,0,1,0.145710,0.597920,bellman,0.000000,0
santiago,0,1,0.145710,-0.000000,convex,0.000000,1
santiago,0,2,0.145710,0.597920,bellman,0.000000,2
santiago,0,2,0.145710,0.498270,convex,0.000000,3
santiago,0,3,0.145710,0.978600,bellman,0.000000,4
santiago,0,3,0.145710,0.978600,convex,0.000000,5
santiago,0,4,0.145710,0.982120,bellman,2.000000,6
santiago,0,4,0.145710,0.978600,convex,4.000000,7
santiago,0,5,0.145710,0.995580,bellman,9.000000,8
santiago,0,5,0.145710,0.995580,convex,18.000000,9
santiago,0,6,0.145710,0.995760,bellman,40.000000,10
santiago,0,6,0.145710,0.995580,convex,80.000000,11
santiago,1,1,0.139380,0.597250,bellman,0.000000,0
santiago,1,1,0.139380,-0.000000,convex,0.000000,1
santiago,1,2,0.139380,0.597250,bellman,0.000000,2
santiago,1,2,0.139380,0.497700,convex,0.000000,3
santiago,1,3,0.139380,0.985850,bellman,0.000000,4
santiago,1,3,0.139380,0.985850,convex,0.000000,5
santiago,1,4,0.139380,0.987750,bellman,2.000000,6
santiago,1,4,0.139380,0.985850,convex,4.000000,7
santiago,1,5,0.139380,0.995140,bellman,9.000000,8
santiago,1,5,0.139380,0.995140,convex,18.000000,9
santiago,1,6,0.139380,0.995190,bellman,40.000000,10
santiago,1,6,0.139380,0.995140,convex,80.000000,11
singapore,0,1,0.208920,0.596920,bellman,0.000000,0
singapore,0,1,0.208920,-0.000000,convex,0.000000,1
singapore,0,2,0.208920,0.596920,bellman,0.000000,2
singapore,0,2,0.208920,0.497440,convex,0.000000,3
singapore,0,3,0.208920,0.907320,bellman,0.000000,4
singapore,0,3,0.208920,0.907320,convex,0.000000,5
singapore,0,4,0.208920,0.923290,bellman,2.000000,6
singapore,0,4,0.208920,0.907320,convex,4.000000,7
singapore,0,5,0.208920,0.973120,bellman,9.000000,8
singapore,0,5,0.208920,0.973120,convex,18.000000,9
singapore,0,6,0.208920,0.976960,bellman,40.000000,10
singapore,0,6,0.208920,0.973120,convex,80.000000,11
singapore,1,1,0.215810,0.596920,bellman,0.000000,0
singapore,1,1,0.215810,-0.000000,convex,0.000000,1
singapore,1,2,0.215810,0.596920,bellman,0.000000,2
singapore,1,2,0.215810,0.497440,convex,0.000000,3
singapore,1,3,0.215810,0.977960,bellman,0.000000,4
singapore,1,3,0.215810,0.977960,convex,0.000000,5
singapore,1,4,0.215810,0.981290,bellman,2.000000,6
singapore,1,4,0.215810,0.977960,convex,4.000000,7
singapore,1,5,0.215810,0.994020,bellman,9.000000,8
singapore,1,5,0.215810,0.994020,convex,18.000000,9
singapore,1,6,0.215810,0.994190,bellman,40.000000,10
singapore,1,6,0.215810,0.994020,convex,80.000000,11
singapore,2,1,0.158440,0.588840,bellman,0.000000,0
singapore,2,1,0.158440,-0.000000,convex,0.000000,1
singapore,2,2,0.158440,0.588840,bellman,0.000000,2
singapore,2,2,0.158440,0.490700,convex,0.000000,3
singapore,2,3,0.158440,0.895040,bellman,0.000000,4
singapore,2,3,0.158440,0.895040,convex,0.000000,5
singapore,2,4,0.158440,0.910790,bellman,2.000000,6
singapore,2,4,0.158440,0.895040,convex,4.000000,7
singapore,2,5,0.158440,0.959940,bellman,9.000000,8
singapore,2,5,0.158440,0.959940,convex,18.000000,9
singapore,2,6,0.158440,0.963730,bellman,40.000000,10
singapore,2,6,0.158440,0.959940,convex,80.000000,11
singapore,3,1,0.184060,0.588840,bellman,0.000000,0
singapore,3,1,0.184060,-0.000000,convex,0.000000,1
singapore,3,2,0.184060,0.588840,bellman,0.000000,2
singapore,3,2,0.184060,0.490700,convex,0.000000,3
singapore,3,3,0.184060,0.964720,bellman,0.000000,4
singapore,3,3,0.184060,0.964720,convex,0.000000,5
singapore,3,4,0.184060,0.968000,bellman,2.000000,6
singapore,3,4,0.184060,0.964720,convex,4.000000,7
singapore,3,5,0.184060,0.980560,bellman,9.000000,8
singapore,3,5,0.184060,0.980560,convex,18.000000,9
singapore,3,6,0.184060,0.980720,bellman,40.000000,10
singapore,3,6,0.184060,0.980560,convex,80.000000,11
sydney,0,1,0.190500,0.597770,bellman,0.000000,0
sydney,0,1,0.190500,-0.000000,convex,0.000000,1
sydney,0,2,0.190500,0.597770,bellman,0.000000,2
sydney,0,2,0.190500,0.498140,convex,0.000000,3
sydney,0,3,0.190500,0.987020,bellman,0.000000,4
sydney,0,3,0.190500,0.987020,convex,0.000000,5
sydney,0,4,0.190500,0.988850,bellman,2.000000,6
sydney,0,4,0.190500,0.987020,convex,4.000000,7
sydney,0,5,0.190500,0.996030,bellman,9.000000,8
sydney,0,5,0.190500,0.996030,convex,18.000000,9
sydney,0,6,0.190500,0.996080,bellman,40.000000,10
sydney,0,6,0.190500,0.996030,convex,80.000000,11
sydney,1,1,0.216680,0.597770,bellman,0.000000,0
sydney,1,1,0.216680,-0.000000,convex,0.000000,1
sydney,1,2,0.216680,0.597770,bellman,0.000000,2
sydney,1,2,0.216680,0.498140,convex,0.000000,3
sydney,1,3,0.216680,0.878320,bellman,0.000000,4
sydney,1,3,0.216680,0.878320,convex,0.000000,5
sydney,1,4,0.216680,0.899120,bellman,2.000000,6
sydney,1,4,0.216680,0.878320,convex,4.000000,7
sydney,1,5,0.216680,0.957690,bellman,9.000000,8
sydney,1,5,0.216680,0.957690,convex,18.000000,9
sydney,1,6,0.216680,0.964200,bellman,40.000000,10
sydney,1,6,0.216680,0.957690,convex,80.000000,11
sydney,2,1,0.322020,0.539170,bellman,0.000000,0
sydney,2,1,0.322020,-0.000000,convex,0.000000,1
sydney,2,2,0.322020,0.539170,bellman,0.000000,2
sydney,2,2,0.322020,0.449310,convex,0.000000,3
sydney,2,3,0.322020,0.890260,bellman,0.000000,4
sydney,2,3,0.322020,0.890260,convex,0.000000,5
sydney,2,4,0.322020,0.891920,bellman,2.000000,6
sydney,2,4,0.322020,0.890260,convex,4.000000,7
sydney,2,5,0.322020,0.898390,bellman,9.000000,8
sydney,2,5,0.322020,0.898390,convex,18.000000,9
sydney,2,6,0.322020,0.898430,bellman,40.000000,10
sydney,2,6,0.322020,0.898390,convex,81.000000,11
sydney,3,1,0.323420,0.539170,bellman,0.000000,0
sydney,3,1,0.323420,-0.000000,convex,0.000000,1
sydney,3,2,0.323420,0.539170,bellman,0.000000,2
sydney,3,2,0.323420,0.449310,convex,0.000000,3
sydney,3,3,0.323420,0.792220,bellman,0.000000,4
sydney,3,3,0.323420,0.792220,convex,0.000000,5
sydney,3,4,0.323420,0.810980,bellman,2.000000,6
sydney,3,4,0.323420,0.792220,convex,4.000000,7
sydney,3,5,0.323420,0.863810,bellman,9.000000,8
sydney,3,5,0.323420,0.863810,convex,18.000000,9
sydney,3,6,0.323420,0.869680,bellman,40.000000,10
sydney,3,6,0.323420,0.863810,convex,81.000000,11
toronto,0,1,0.222290,0.597710,bellman,0.000000,0
toronto,0,1,0.222290,-0.000000,convex,0.000000,1
toronto,0,2,0.222290,0.597710,bellman,0.000000,2
toronto,0,2,0.222290,0.498100,convex,0.000000,3
toronto,0,3,0.222290,0.722740,bellman,0.000000,4
toronto,0,3,0.222290,0.722740,convex,0.000000,5
toronto,0,4,0.222290,0.762410,bellman,2.000000,6
toronto,0,4,0.222290,0.722740,convex,4.000000,7
toronto,0,5,0.222290,0.812210,bellman,9.000000,8
toronto,0,5,0.222290,0.812210,convex,18.000000,9
toronto,0,6,0.222290,0.835920,bellman,41.000000,10
toronto,0,6,0.222290,0.812210,convex,80.000000,11
toronto,1,1,0.269790,0.597710,bellman,0.000000,0
toronto,1,1,0.269790,-0.000000,convex,0.000000,1
toronto,1,2,0.269790,0.597710,bellman,0.000000,2
toronto,1,2,0.269790,0.498100,convex,0.000000,3
toronto,1,3,0.269790,0.988420,bellman,0.000000,4
toronto,1,3,0.269790,0.988420,convex,0.000000,5
toronto,1,4,0.269790,0.989960,bellman,2.000000,6
toronto,1,4,0.269790,0.988420,convex,4.000000,7
toronto,1,5,0.269790,0.996010,bellman,9.000000,8
toronto,1,5,0.269790,0.996010,convex,18.000000,9
toronto,1,6,0.269790,0.996050,bellman,40.000000,10
toronto,1,6,0.269790,0.996010,convex,80.000000,11
toronto,2,1,0.267080,0.548810,bellman,0.000000,0
toronto,2,1,0.267080,-0.000000,convex,0.000000,1
toronto,2,2,0.267080,0.548810,bellman,0.000000,2
toronto,2,2,0.267080,0.457350,convex,0.000000,3
toronto,2,3,0.267080,0.663610,bellman,0.000000,4
toronto,2,3,0.267080,0.663610,convex,0.000000,5
toronto,2,4,0.267080,0.700040,bellman,2.000000,6
toronto,2,4,0.267080,0.663610,convex,4.000000,7
toronto,2,5,0.267080,0.745760,bellman,9.000000,8
toronto,2,5,0.267080,0.745760,convex,18.000000,9
toronto,2,6,0.267080,0.767530,bellman,40.000000,10
toronto,2,6,0.267080,0.745760,convex,81.000000,11
toronto,3,1,0.300330,0.548810,bellman,0.000000,0
toronto,3,1,0.300330,-0.000000,convex,0.000000,1
toronto,3,2,0.300330,0.548810,bellman,0.000000,2
toronto,3,2,0.300330,0.457350,convex,0.000000,3
toronto,3,3,0.300330,0.907560,bellman,0.000000,4
toronto,3,3,0.300330,0.907560,convex,0.000000,5
toronto,3,4,0.300330,0.908970,bellman,2.000000,6
toronto,3,4,0.300330,0.907560,convex,4.000000,7
toronto,3,5,0.300330,0.914520,bellman,9.000000,8
toronto,3,5,0.300330,0.914520,convex,18.000000,9
toronto,3,6,0.300330,0.914560,bellman,40.000000,10
toronto,3,6,0.300330,0.914520,convex,81.000000,11
valencia,0,1,0.136130,0.597070,bellman,0.000000,0
valencia,0,1,0.136130,-0.000000,convex,0.000000,1
valencia,0,2,0.136130,0.597070,bellman,0.000000,2
valencia,0,2,0.136130,0.497560,convex,0.000000,3
valencia,0,3,0.136130,0.941180,bellman,0.000000,4
valencia,0,3,0.136130,0.941180,convex,0.000000,5
valencia,0,4,0.136130,0.951380,bellman,2.000000,6
valencia,0,4,0.136130,0.941180,convex,4.000000,7
valencia,0,5,0.136130,0.986660,bellman,9.000000,8
valencia,0,5,0.136130,0.986660,convex,18.000000,9
valencia,0,6,0.136130,0.988230,bellman,40.000000,10
valencia,0,6,0.136130,0.986660,convex,81.000000,11
valencia,1,1,0.143550,0.594820,bellman,0.000000,0
valencia,1,1,0.143550,-0.000000,convex,0.000000,1
valencia,1,2,0.143550,0.594820,bellman,0.000000,2
valencia,1,2,0.143550,0.495680,convex,0.000000,3
valencia,1,3,0.143550,0.968160,bellman,0.000000,4
valencia,1,3,0.143550,0.968160,convex,0.000000,5
valencia,1,4,0.143550,0.972690,bellman,2.000000,6
valencia,1,4,0.143550,0.968160,convex,4.000000,7
valencia,1,5,0.143550,0.989760,bellman,9.000000,8
valencia,1,5,0.143550,0.989760,convex,18.000000,9
valencia,1,6,0.143550,0.990070,bellman,40.000000,10
valencia,1,6,0.143550,0.989760,convex,80.000000,11
vigo,0,1,0.128850,0.597360,bellman,0.000000,0
vigo,0,1,0.128850,-0.000000,convex,0.000000,1
vigo,0,2,0.128850,0.597360,bellman,0.000000,2
vigo,0,2,0.128850,0.497800,convex,0.000000,3
vigo,0,3,0.128850,0.920840,bellman,0.000000,4
vigo,0,3,0.128850,0.920840,convex,0.000000,5
vigo,0,4,0.128850,0.934670,bellman,2.000000,6
vigo,0,4,0.128850,0.920840,convex,4.000000,7
vigo,0,5,0.128850,0.979600,bellman,9.000000,8
vigo,0,5,0.128850,0.979600,convex,18.000000,9
vigo,0,6,0.128850,0.982490,bellman,40.000000,10
vigo,0,6,0.128850,0.979600,convex,81.000000,11
vigo,1,1,0.126260,0.595200,bellman,0.000000,0
vigo,1,1,0.126260,-0.000000,convex,0.000000,1
vigo,1,2,0.126260,0.595200,bellman,0.000000,2
vigo,1,2,0.126260,0.496000,convex,0.000000,3
vigo,1,3,0.126260,0.977510,bellman,0.000000,4
vigo,1,3,0.126260,0.977510,convex,0.000000,5
vigo,1,4,0.126260,0.980360,bellman,2.000000,6
vigo,1,4,0.126260,0.977510,convex,4.000000,7
vigo,1,5,0.126260,0.991360,bellman,9.000000,8
vigo,1,5,0.126260,0.991360,convex,18.000000,9
vigo,1,6,0.126260,0.991490,bellman,40.000000,10
vigo,1,6,0.126260,0.991360,convex,81.000000,11
washington,0,1,1.007480,0.597900,bellman,0.000000,0
washington,0,1,1.007480,-0.000000,convex,0.000000,1
washington,0,2,1.007480,0.597900,bellman,0.000000,2
washington,0,2,1.007480,0.498250,convex,0.000000,3
washington,0,3,1.007480,0.674830,bellman,0.000000,4
washington,0,3,1.007480,0.674830,convex,0.000000,5
washington,0,4,1.007480,0.718400,bellman,2.000000,6
washington,0,4,1.007480,0.674830,convex,4.000000,7
washington,0,5,1.007480,0.752040,bellman,9.000000,8
washington,0,5,1.007480,0.752040,convex,19.000000,9
washington,0,6,1.007480,0.780610,bellman,41.000000,10
washington,0,6,1.007480,0.752040,convex,81.000000,11
washington,1,1,1.095330,0.597900,bellman,0.000000,0
washington,1,1,1.095330,-0.000000,convex,0.000000,1
washington,1,2,1.095330,0.597900,bellman,0.000000,2
washington,1,2,1.095330,0.498250,convex,0.000000,3
washington,1,3,1.095330,0.993720,bellman,0.000000,4
washington,1,3,1.095330,0.993720,convex,0.000000,5
washington,1,4,1.095330,0.994270,bellman,2.000000,6
washington,1,4,1.095330,0.993720,convex,4.000000,7
washington,1,5,1.095330,0.996480,bellman,9.000000,8
washington,1,5,1.095330,0.996480,convex,18.000000,9
washington,1,6,1.095330,0.996490,bellman,40.000000,10
washington,1,6,1.095330,0.996480,convex,80.000000,11
washington,2,1,0.633100,0.280000,bellman,0.000000,0
washington,2,1,0.633100,-0.000000,convex,0.000000,1
washington,2,2,0.633100,0.280000,bellman,0.000000,2
washington,2,2,0.633100,0.233330,convex,0.000000,3
washington,2,3,0.633100,0.316030,bellman,0.000000,4
washington,2,3,0.633100,0.316030,convex,0.000000,5
washington,2,4,0.633100,0.349910,bellman,2.000000,26
washington,2,4,0.633100,0.337730,convex,4.000000,63
washington,2,5,0.633100,0.367430,bellman,9.000000,14
washington,2,5,0.633100,0.366800,convex,18.000000,64
washington,2,6,0.633100,0.384770,bellman,40.000000,30
washington,2,6,0.633100,0.376920,convex,81.000000,65
washington,3,1,0.712700,0.280000,bellman,0.000000,0
washington,3,1,0.712700,-0.000000,convex,0.000000,1
washington,3,2,0.712700,0.280000,bellman,0.000000,2
washington,3,2,0.712700,0.233330,convex,0.000000,3
washington,3,3,0.712700,0.465360,bellman,0.000000,4
washington,3,3,0.712700,0.465360,convex,0.000000,5
washington,3,4,0.712700,0.498510,bellman,2.000000,12
washington,3,4,0.712700,0.496460,convex,4.000000,66
washington,3,5,0.712700,0.499720,bellman,9.000000,14
washington,3,5,0.712700,0.498880,convex,18.000000,67
washington,3,6,0.712700,0.499990,bellman,40.000000,23
washington,3,6,0.712700,0.499870,convex,81.000000,68
yorktown,0,1,0.144020,0.584220,bellman,0.000000,0
yorktown,0,1,0.144020,-0.000000,convex,0.000000,1
yorktown,0,2,0.144020,0.584220,bellman,0.000000,2
yorktown,0,2,0.144020,0.486850,convex,0.000000,3
yorktown,0,3,0.144020,0.946730,bellman,0.000000,4
yorktown,0,3,0.144020,0.946730,convex,0.000000,5
yorktown,0,4,0.144020,0.951980,bellman,2.000000,6
yorktown,0,4,0.144020,0.946730,convex,4.000000,7
yorktown,0,5,0.144020,0.971500,bellman,9.000000,8
yorktown,0,5,0.144020,0.971500,convex,18.000000,9
yorktown,0,6,0.144020,0.971930,bellman,40.000000,10
yorktown,0,6,0.144020,0.971500,convex,80.000000,11
perfect_hardware,0,1,0.010220,0.600000,bellman,0.000000,0
perfect_hardware,0,1,0.010220,-0.000000,convex,0.000000,1
perfect_hardware,0,2,0.010220,0.600000,bellman,0.000000,2
perfect_hardware,0,2,0.010220,0.500000,convex,0.000000,3
perfect_hardware,0,3,0.010220,1.000000,bellman,0.000000,69
perfect_hardware,0,3,0.010220,1.000000,convex,0.000000,5
perfect_hardware,0,4,0.010220,1.000000,bellman,0.000000,70
perfect_hardware,0,4,0.010220,1.000000,convex,0.000000,49
perfect_hardware,0,5,0.010220,1.000000,bellman,0.000000,71
perfect_hardware,0,5,0.010220,1.000000,convex,0.000000,72
perfect_hardware,0,6,0.010220,1.000000,bellman,2.000000,73
perfect_hardware,0,6,0.010220,1.000000,convex,2.000000,74
