experiment,method,horizon,algos.,num. improv.,max. improv.,avg. method time,avg. verif. time
ipma2,singular,3,3,2,3.079,1.748,1.264
ipma2,singular,4,6,56,3.079,7.842,2.427
ipma2,singular,5,3,2,4.217,33.786,1.501
ipma2,singular,6,6,45,4.218,142.542,5.018
ipma2,singular,7,4,4,4.849,593.001,2.628
ipma2,linear,3,2,2,3.079,3.508,1.411
ipma2,linear,4,5,140,21.368,22.803,7.908
ipma2,linear,5,9,79,3.648,616.158,11.717
cxh,singular,7,7,64,3.194,2856.122,0.55
ghz,singular,3,12,1193,100.0,13.583,0.141
reset,singular,2,3,2,12.811,0.053,0.018
reset,singular,3,4,38,12.811,0.169,0.026
reset,singular,4,3,2,19.107,0.519,0.074
reset,singular,5,4,107,19.164,1.57,0.114
reset,singular,6,4,51,23.749,4.722,0.282
reset,singular,7,4,107,23.834,14.186,0.416
reset,singular,8,7,81,27.552,42.496,1.056
reset,singular,9,6,107,27.654,127.457,1.641
reset,linear,2,2,2,12.811,0.045,0.013
reset,linear,3,3,108,36.989,0.172,0.035
reset,linear,4,5,14,19.753,0.592,0.051
reset,linear,5,4,108,37.821,2.011,0.087
reset,linear,6,6,92,24.384,9.045,0.251
reset,linear,7,12,108,39.275,176.524,0.291
lphase,singular,2,2,0,0.0,0.062,0.003
lphase,singular,3,1,0,0.0,0.261,0.016
lphase,singular,4,2,0,0.0,0.946,0.028
lphase,singular,5,2,163,4.807,3.002,0.062
lphase,singular,6,2,163,4.808,8.611,0.103
lphase,singular,7,2,163,7.281,23.04,0.23
lphase,linear,2,2,163,0.233,0.063,0.011
lphase,linear,3,1,0,0.0,0.265,0.016
lphase,linear,4,1,163,24.863,0.96,0.016
lphase,linear,5,4,163,14.796,3.056,0.062
lphase,linear,6,10,163,25.936,8.999,0.145
lphase,linear,7,27,163,19.726,31.36,0.311
