benchmark,horizon,total_time,useful_gaps,times
cit.POMDP_1,2,timeout,0.00271/0.01,1036.496869/298.317198
cit.POMDP_1,3,timeout,0.054964/0.7943,2651.807021/447.394049
cit.POMDP_1,4,timeout,0.010657/0.966725,3560.988061/583.901878
cit.POMDP_2,3,timeout,0.00572/0.009,3386.211035/446.538798
cit.POMDP_3,4,timeout,0.0001/0.71289,3548.543892/594.832288
mit.POMDP_1,2,timeout,0.00271/0.01,518.342156/150.553949
mit.POMDP_1,3,timeout,0.054379/0.054964/0.7943,2503.895705/1369.080751/230.148927
mit.POMDP_1,4,timeout,0.010592/0.010657/0.966725,3373.050409/1862.766506/311.284316
mit.POMDP_1,5,timeout,0.008201/0.995168,2329.608765/383.502956
mit.POMDP_1,6,timeout,0.008869/0.99934,2814.605176/460.80324
pentagon.POMDP_1,2,timeout,0.00271/0.01/0.89,1858.005867/999.201917/164.502555
pentagon.POMDP_1,3,timeout,0.054379/0.054964/0.9879,2777.488685/1513.262795/250.414842
pentagon.POMDP_1,4,timeout,0.069944/0.998669,2026.016335/327.671769
pentagon.POMDP_1,5,timeout,0.080113/0.999854,2548.471477/413.853363
pentagon.POMDP_1,6,timeout,0.082247/0.999984,3070.93714/498.117854
pentagon.POMDP_2,3,timeout,0.0177/0.801,1492.731108/251.091594
pentagon.POMDP_2,4,timeout,0.71081/0.96921,2023.965727/335.280305
pentagon.POMDP_2,5,timeout,0.938894/0.995723,2549.003754/418.483646
pentagon.POMDP_2,6,timeout,0.987306/0.999441,3085.625036/506.778236
pentagon.POMDP_3,4,timeout,0.010124/0.01593,2833.602887/332.856869
sunysb.POMDP_1,2,timeout,0.00271/0.01,1156.637073/331.517546
sunysb.POMDP_1,3,timeout,0.054964/0.7943,2993.939058/500.289369
sunysb.POMDP_2,3,timeout,0.000135/0.009,2124.813691/493.375661
iff_1_2_0_2,2,error,0.451222/10.335019,76.474819/11.986798
iff_1_2_0_2,3,timeout,0.064845/0.065956/0.434824/10.366268,304.878326/208.809091/113.755056/18.006563
iff_1_2_0_2,4,timeout,0.057703/0.062779/0.425804/10.406565,372.86874/245.994885/119.642974/23.824224
iff_1_2_0_2,5,timeout,0.425539/10.409824,126.517056/29.661885
iff_1_2_0_2,6,timeout,0.05706/0.06602/0.428498/10.410062,418.433589/323.31635/228.396439/35.603996
iff_1_2_0_4,2,timeout,2.686185/10.335019,75.570873/11.990939
iff_1_2_0_4,3,timeout,2.625939/10.335019/10.407664,177.047695/113.646608/17.965753
iff_1_2_0_4,4,timeout,2.639832/10.335019/10.410011,151.483333/88.296378/23.893436
iff_1_2_0_4,5,timeout,2.639779/10.335019/10.410096,157.624318/94.745284/29.889675
iff_1_2_0_4,6,timeout,2.639779/10.335019/10.41008,164.085923/101.312377/35.72717
iff_1_2_2_0,2,error,0.451222/10.335019,76.950439/12.051624
iff_1_2_2_0,3,timeout,0.05911/0.060956/0.434824/10.366268,306.731205/210.168062/114.148018/17.919671
iff_1_2_2_0,4,timeout,0.058062/0.058322/0.425804/10.406565,375.554867/247.797874/120.340503/24.000758
iff_1_2_2_0,5,timeout,0.058477/0.425439/10.409824,254.674578/127.239174/30.169275
iff_1_2_2_0,6,timeout,0.05822/0.425478/10.410062,229.273519/133.777427/35.914999
iff_1_2_2_4,2,error,0.451222/10.335019,76.717783/12.056523
iff_1_2_2_4,3,timeout,0.065162/0.066234/0.434824/10.366268,307.229459/210.491118/114.234266/18.074022
iff_1_2_2_4,4,timeout,0.057943/0.063019/0.425804/10.406565,375.2/247.464541/120.09296/23.917012
iff_1_2_2_4,5,timeout,0.062817/0.063177/0.425539/10.409824,381.827551/254.211061/126.935491/29.968624
iff_1_2_2_4,6,timeout,0.06292/0.06566/0.425638/10.410062,324.694133/228.996656/133.358436/35.923125
iff_1_2_4_0,2,error,0.451222/10.335019,76.964088/12.070612
iff_1_2_4_0,3,timeout,0.05911/0.060956/0.434824/10.366268,306.711583/209.902358/113.962958/17.928714
iff_1_2_4_0,4,timeout,0.058062/0.058322/0.425804/10.406565,375.746958/247.673112/119.923301/23.746487
iff_1_2_4_0,5,timeout,0.058477/0.425439/10.409824,255.065468/127.138802/30.059509
iff_1_2_4_0,6,timeout,0.05822/0.425478/10.410062,229.04807/133.323256/35.868922
iff_1_2_4_2,2,error,0.451222/10.335019,78.266124/12.128613
iff_1_2_4_2,3,timeout,0.064845/0.065956/0.434824/10.366268,311.671375/213.738168/116.052927/18.208854
iff_1_2_4_2,4,timeout,0.057703/0.062779/0.425804/10.406565,382.914156/252.617002/123.428096/24.658906
iff_1_2_4_2,5,timeout,0.425539/10.409824,130.144402/31.097878
iff_1_2_4_2,6,timeout,0.05706/0.06602/0.428498/10.410062,428.610111/331.335254/234.21308/36.590249
iff_1_3_0_2,2,141.641348,1.467944/10.335019,77.059827/11.872165
iff_1_3_0_2,3,213.48041,0.381255/10.335019,116.006194/17.900276
iff_1_3_0_2,4,error,0.388136/10.335019,154.878372/23.726062
iff_1_3_0_2,5,error,0.38856/10.335019,161.283435/29.889981
iff_1_3_0_2,6,error,0.20606/10.335019,136.066608/35.956934
iff_1_3_0_4,2,141.917578,0.383022/10.335019,77.237247/11.878174
iff_1_3_0_4,3,408.103823,0.317788/10.335019,115.205143/17.901375
iff_1_3_0_4,4,timeout,0.005135/0.00579/0.041855/0.362956/10.335019,799.717785/671.655286/281.414459/152.851509/23.868235
iff_1_3_0_4,5,timeout,0.033362/0.360447/10.335019,317.795578/158.648246/29.803402
iff_1_3_0_4,6,error,0.00638/0.018979/0.044894/0.36543/10.335019,908.686747/747.082145/393.328231/234.580844/35.527858
iff_1_3_2_0,2,141.91681,0.383022/10.335019,77.624215/11.977965
iff_1_3_2_0,3,514.208244,0.132984/0.317788/10.335019,413.774795/115.672065/17.909951
iff_1_3_2_0,4,error,0.004996/0.005611/0.023733/0.362956/10.335019,542.509162/413.818409/284.820704/152.84294/23.841004
iff_1_3_2_0,5,timeout,0.005733/0.010987/0.360666/10.335019,514.046505/352.233895/191.511139/30.038704
iff_1_3_2_0,6,timeout,0.005239/0.005559/0.005679/0.021117/0.360271/10.335019,1265.199023/1101.958233/486.164358/326.146578/166.268666/36.182132
iff_1_3_2_4,2,142.514123,0.383022/10.335019,77.501331/11.963282
iff_1_3_2_4,3,515.357185,0.132984/0.317788/10.335019,414.983334/115.328902/17.867992
iff_1_3_2_4,4,timeout,0.005135/0.00579/0.041855/0.362956/10.335019,943.774142/814.402909/281.808707/152.863577/23.984778
iff_1_3_2_4,5,timeout,0.033362/0.360447/10.335019,319.50252/159.380286/29.55917
iff_1_3_2_4,6,timeout,0.005099/0.005179/0.020398/0.044894/0.36543/10.335019,1212.249705/918.751541/754.95113/398.138069/237.619894/35.887154
iff_1_3_4_2,2,165.237963,0.383022/10.335019,90.340224/13.809389
iff_1_3_4_2,3,error,0.044519/0.317788/10.335019,488.611768/135.421368/20.737646
iff_1_3_4_2,4,timeout,0.362956/10.335019,178.707634/27.602859
iff_1_3_4_2,5,timeout,0.004695/0.005234/0.039595/0.360686/10.335019,1135.059032/942.89021/410.545458/223.484471/34.628805
iff_1_3_4_2,6,timeout,0.004599/0.005719/0.035855/0.360351/10.335019,1252.686854/645.729229/421.755427/193.534618/41.381999
iff_2_3_0_2,2,137.343105,1.939408/10.335019,74.737667/11.74911
iff_2_3_0_2,3,timeout,0.293408/1.884998/10.335019,208.601651/113.63439/17.764729
iff_2_3_0_2,4,timeout,0.245361/0.283536/1.801674/10.335019,405.335497/278.305535/151.392554/23.751316
iff_2_3_0_2,5,timeout,0.274026/1.631319/10.335019,286.240798/159.607277/29.65847
iff_2_3_0_2,6,timeout,0.283859/1.631274/10.335019,260.947321/166.078665/35.601055
iff_2_3_0_4,2,136.696771,1.939408/10.335019,74.241271/11.72567
iff_2_3_0_4,3,timeout,0.293408/1.884998/10.335019,207.000162/112.703548/17.591871
iff_2_3_0_4,4,timeout,0.245361/0.283536/1.801674/10.335019,400.729476/275.260925/150.027988/23.365801
iff_2_3_0_4,5,timeout,0.274026/1.631319/10.335019,283.948861/158.464371/29.625754
iff_2_3_0_4,6,timeout,0.283859/1.631274/10.335019,259.304075/164.947204/35.405053
iff_2_3_2_0,2,138.915399,1.939408/10.335019,75.681753/11.963679
iff_2_3_2_0,3,timeout,0.318409/1.884998/10.335019,211.942822/115.205659/18.052294
iff_2_3_2_0,4,timeout,0.274243/0.305782/1.801674/10.335019,409.427494/281.320625/153.524426/24.174249
iff_2_3_2_0,5,timeout,0.306825/0.307405/1.650738/10.335019,451.002362/322.661713/194.726674/30.014687
iff_2_3_2_0,6,timeout,0.294539/0.305259/1.631694/10.335019,361.6288/265.162844/168.737673/35.979194
iff_2_3_2_4,2,142.687529,0.383022/10.335019,77.552645/11.985888
iff_2_3_2_4,3,error,0.044519/0.280943/0.317788/10.335019,504.559813/407.277901/115.656604/17.916342
iff_2_3_2_4,4,timeout,0.005215/0.00579/0.041855/0.362956/10.335019,540.656027/411.262733/282.378471/153.316284/23.988811
iff_2_3_2_4,5,timeout,0.033362/0.360447/10.335019,321.565696/160.516355/30.261006
iff_2_3_2_4,6,timeout,0.004699/0.005279/0.005699/0.006159/0.044894/0.36543/10.335019,982.385689/820.318127/689.00884/559.359959/398.010023/237.51286/35.970266
iff_2_3_4_0,2,138.79073,1.939408/10.335019,75.577512/11.969358
iff_2_3_4_0,3,timeout,0.319778/1.884998/10.335019,210.292622/114.124223/17.86182
iff_2_3_4_0,4,timeout,0.275622/0.307001/1.801674/10.335019,408.491556/280.316039/152.52919/23.982122
iff_2_3_4_0,5,timeout,0.307265/0.307885/1.799511/10.335019,414.838747/286.888755/159.32949/29.811451
iff_2_3_4_0,6,timeout,0.308439/1.782093/10.335019,230.064947/134.438962/36.041919
iff_2_3_4_2,2,139.109953,1.939408/10.335019,75.688371/11.914726
iff_2_3_4_2,3,timeout,0.319778/1.884998/10.335019,210.793983/114.750093/17.852247
iff_2_3_4_2,4,timeout,0.275622/0.307001/1.801674/10.335019,409.50455/281.18696/153.032512/23.946691
iff_2_3_4_2,5,timeout,0.307265/0.307885/1.799511/10.335019,416.466311/287.952489/160.001563/30.061209
iff_2_3_4_2,6,timeout,0.308439/1.782093/10.335019,230.52634/134.488155/35.849211
