benchmark,horizon,time,50,500,1000,2000
iff.POMDP_59_61_1,1,0.002728,0.002634,0.0016,0.00159,0.001587
iff.POMDP_59_61_1,2,0.052708,0.059254,0.059318,0.058997,0.059156
iff.POMDP_59_61_1,3,1.385843,1.548756,1.562659,1.55586,1.572698
iff.POMDP_59_61_1,4,33.608839,36.204203,36.100804,36.051933,36.112376
iff.POMDP_59_61_1,5,745.45165,743.664246,728.015921,736.798158,737.916534
iff.POMDP_59_61_1,6,timeout,timeout,timeout,timeout,timeout
iff.POMDP_59_63_4,1,0.002569,0.002443,0.001391,0.001395,0.001396
iff.POMDP_59_63_4,2,0.039934,0.043904,0.044081,0.043948,0.043572
iff.POMDP_59_63_4,3,0.993021,1.097501,1.102528,1.114154,1.106117
iff.POMDP_59_63_4,4,24.6595,26.797645,26.769637,26.690437,26.688561
iff.POMDP_59_63_4,5,572.653188,573.965629,574.36885,554.557274,569.221645
iff.POMDP_59_63_4,6,timeout,timeout,timeout,timeout,timeout
iff.POMDP_59_64_1,1,0.002675,0.002834,0.001725,0.001715,0.00173
iff.POMDP_59_64_1,2,0.069617,0.077949,0.078294,0.078079,0.078011
iff.POMDP_59_64_1,3,2.187903,2.451549,2.511021,2.560061,2.557073
iff.POMDP_59_64_1,4,66.303363,69.273556,69.1646,68.94527,69.054275
iff.POMDP_59_64_1,5,1645.365544,1649.51791,1652.821341,1606.865485,1507.579434
iff.POMDP_59_64_1,6,timeout,timeout,timeout,timeout,timeout
iff.POMDP_59_66_2,1,0.002855,0.00288,0.00179,0.001794,0.0018
iff.POMDP_59_66_2,2,0.071698,0.08132,0.08121,0.081102,0.080963
iff.POMDP_59_66_2,3,2.134599,2.393701,2.451654,2.50005,2.497941
iff.POMDP_59_66_2,4,55.600146,58.72144,58.546371,58.455282,58.360217
iff.POMDP_59_66_2,5,1294.260527,1279.351696,1270.321976,1274.701229,1225.957065
iff.POMDP_59_66_2,6,timeout,timeout,timeout,timeout,timeout
iff.POMDP_59_68_5,1,0.002622,0.002533,0.001568,0.001552,0.001557
iff.POMDP_59_68_5,2,0.048382,0.05422,0.054314,0.054349,0.054309
iff.POMDP_59_68_5,3,1.291248,1.43969,1.440523,1.46214,1.502144
iff.POMDP_59_68_5,4,33.627821,36.057385,35.960461,35.935477,35.987129
iff.POMDP_59_68_5,5,805.569626,802.109224,784.378354,795.564134,794.954769
iff.POMDP_59_68_5,6,timeout,timeout,timeout,timeout,timeout
iff.POMDP_59_69_4,1,0.002743,0.003047,0.001855,0.001845,0.001845
iff.POMDP_59_69_4,2,0.073678,0.084557,0.084775,0.084686,0.084546
iff.POMDP_59_69_4,3,2.705881,3.061657,3.163523,3.185958,3.185781
iff.POMDP_59_69_4,4,93.818469,97.386609,97.124393,97.126927,97.089329
iff.POMDP_59_69_4,5,2538.848762,2545.669274,2484.402263,2297.74656,2290.28764
iff.POMDP_59_69_4,6,timeout,timeout,timeout,timeout,timeout
iff.POMDP_59_71_5,1,0.002946,0.003,0.001962,0.001974,0.001968
iff.POMDP_59_71_5,2,0.080125,0.089857,0.089664,0.089751,0.089276
iff.POMDP_59_71_5,3,2.724325,3.075602,3.067854,3.080265,3.078391
iff.POMDP_59_71_5,4,77.992784,80.232462,80.112137,79.8184,80.254806
iff.POMDP_59_71_5,5,1886.564731,1888.083682,1891.667129,1789.633735,1697.890743
iff.POMDP_59_71_5,6,timeout,timeout,timeout,timeout,timeout
iff.POMDP_59_73_8,1,0.00242,0.003012,0.00177,0.001775,0.001741
iff.POMDP_59_73_8,2,0.054141,0.0618,0.061566,0.061793,0.061774
iff.POMDP_59_73_8,3,1.578283,1.776863,1.770472,1.767196,1.776315
iff.POMDP_59_73_8,4,43.127046,45.545952,45.343974,45.445235,45.306708
iff.POMDP_59_73_8,5,1077.908364,1078.68555,1054.857185,1067.219643,1058.715057
iff.POMDP_59_73_8,6,timeout,timeout,timeout,timeout,timeout
iff.POMDP_61_63_1,1,0.002539,0.002684,0.001508,0.001496,0.001479
iff.POMDP_61_63_1,2,0.042584,0.048142,0.048209,0.04847,0.048476
iff.POMDP_61_63_1,3,1.001997,1.133055,1.135205,1.133052,1.133862
iff.POMDP_61_63_1,4,21.171949,22.521395,22.456938,22.429448,22.423528
iff.POMDP_61_63_1,5,431.49624,431.07723,430.97183,430.894025,412.534562
iff.POMDP_61_63_1,6,timeout,timeout,timeout,timeout,timeout
iff.POMDP_61_66_1,1,0.002558,0.00305,0.001905,0.001877,0.001904
iff.POMDP_61_66_1,2,0.075291,0.085365,0.084862,0.085535,0.084655
iff.POMDP_61_66_1,3,2.215059,2.488971,2.472719,2.470491,2.468212
iff.POMDP_61_66_1,4,52.658426,54.693027,54.541417,54.462436,54.362894
iff.POMDP_61_66_1,5,1157.719043,1151.222391,1127.171541,1140.685413,1120.006767
iff.POMDP_61_66_1,6,timeout,timeout,timeout,timeout,timeout
iff.POMDP_61_68_2,1,0.002539,0.003064,0.00167,0.001683,0.001649
iff.POMDP_61_68_2,2,0.050635,0.057751,0.057855,0.058046,0.057765
iff.POMDP_61_68_2,3,1.312878,1.48188,1.476549,1.475648,1.482323
iff.POMDP_61_68_2,4,30.07803,31.988619,31.950594,31.850615,31.947002
iff.POMDP_61_68_2,5,665.08683,665.357612,661.331007,647.978479,659.764037
iff.POMDP_61_68_2,6,timeout,timeout,timeout,timeout,timeout
iff.POMDP_61_71_4,1,0.002663,0.003173,0.002017,0.00202,0.002
iff.POMDP_61_71_4,2,0.080367,0.091493,0.091654,0.091304,0.090895
iff.POMDP_61_71_4,3,2.713686,3.05013,3.041667,3.056183,3.054699
iff.POMDP_61_71_4,4,73.830872,76.095074,75.987439,75.602496,75.920173
iff.POMDP_61_71_4,5,1751.047817,1753.080971,1757.065507,1687.828397,1589.247383
iff.POMDP_61_71_4,6,timeout,timeout,timeout,timeout,timeout
iff.POMDP_61_73_5,1,0.002476,0.00368,0.001963,0.001971,0.001868
iff.POMDP_61_73_5,2,0.055823,0.063005,0.063233,0.063506,0.063483
iff.POMDP_61_73_5,3,1.564173,1.778768,1.776055,1.769412,1.778767
iff.POMDP_61_73_5,4,39.138061,41.759143,41.58325,41.56961,41.412356
iff.POMDP_61_73_5,5,944.415106,944.742173,923.422963,936.795371,934.087059
iff.POMDP_61_73_5,6,timeout,timeout,timeout,timeout,timeout
iff.POMDP_63_68_1,1,0.002395,0.003362,0.002155,0.001782,0.001536
iff.POMDP_63_68_1,2,0.036819,0.042051,0.041861,0.042113,0.042251
iff.POMDP_63_68_1,3,0.893786,1.011277,1.012403,1.011804,1.008295
iff.POMDP_63_68_1,4,21.05167,22.624369,22.581904,22.537068,22.505756
iff.POMDP_63_68_1,5,488.359255,493.049143,493.410346,480.024496,484.259782
iff.POMDP_63_68_1,6,timeout,timeout,timeout,timeout,timeout
iff.POMDP_63_73_4,1,0.002497,0.002446,0.001542,0.001337,0.001447
iff.POMDP_63_73_4,2,0.042529,0.039502,0.040267,0.039443,0.039486
iff.POMDP_63_73_4,3,1.149272,1.072473,1.064954,1.070284,1.065276
iff.POMDP_63_73_4,4,29.9971,26.632248,26.585594,26.615189,26.540578
iff.POMDP_63_73_4,5,761.510802,642.650561,642.91024,731.356283,790.80304
iff.POMDP_63_73_4,6,timeout,timeout,timeout,timeout,timeout
iff.POMDP_64_66_1,1,0.002817,0.002819,0.001596,0.001659,0.001599
iff.POMDP_64_66_1,2,0.089233,0.082278,0.082635,0.082297,0.082
iff.POMDP_64_66_1,3,2.969924,2.719796,2.723311,2.709721,2.711709
iff.POMDP_64_66_1,4,82.5948,70.542469,70.475625,70.406821,70.437811
iff.POMDP_64_66_1,5,1964.400963,1742.316748,2053.782218,2059.972001,2062.121347
iff.POMDP_64_66_1,6,timeout,timeout,timeout,timeout,timeout
iff.POMDP_64_68_4,1,0.002602,0.002476,0.001411,0.001477,0.001395
iff.POMDP_64_68_4,2,0.065868,0.059166,0.058867,0.058916,0.058816
iff.POMDP_64_68_4,3,2.086873,1.893884,1.881467,1.882611,1.886364
iff.POMDP_64_68_4,4,59.737974,51.349286,51.305669,51.27191,51.263284
iff.POMDP_64_68_4,5,1490.786174,1256.15394,1504.88492,1546.886958,1551.423855
iff.POMDP_64_68_4,6,timeout,timeout,timeout,timeout,timeout
iff.POMDP_64_69_1,1,0.002742,0.003063,0.001672,0.001655,0.001633
iff.POMDP_64_69_1,2,0.093328,0.085449,0.085008,0.084921,0.085163
iff.POMDP_64_69_1,3,3.6975,3.29805,3.275916,3.285458,3.279341
iff.POMDP_64_69_1,4,120.587143,102.418827,102.487995,102.401751,102.379503
iff.POMDP_64_69_1,5,3225.006302,3091.839695,3381.993009,3383.026822,3382.031288
iff.POMDP_64_69_1,6,timeout,timeout,timeout,timeout,timeout
iff.POMDP_64_71_2,1,0.002833,0.003835,0.001705,0.001704,0.001687
iff.POMDP_64_71_2,2,0.097456,0.087896,0.087352,0.087419,0.087365
iff.POMDP_64_71_2,3,3.567404,3.206211,3.209027,3.208617,3.218737
iff.POMDP_64_71_2,4,103.652512,88.454822,88.633315,88.597442,88.589046
iff.POMDP_64_71_2,5,2573.852572,2402.160316,2703.436028,2706.28476,2706.373131
iff.POMDP_64_71_2,6,timeout,timeout,timeout,timeout,timeout
iff.POMDP_64_73_5,1,0.002717,0.002679,0.00151,0.001505,0.001582
iff.POMDP_64_73_5,2,0.070986,0.063701,0.06357,0.063601,0.063602
iff.POMDP_64_73_5,3,2.392229,2.104865,2.104416,2.105901,2.11378
iff.POMDP_64_73_5,4,69.361565,59.438374,59.170422,59.457677,59.386451
iff.POMDP_64_73_5,5,1760.895892,1511.523771,1839.127298,1838.543085,1843.93899
iff.POMDP_64_73_5,6,timeout,timeout,timeout,timeout,timeout
iff.POMDP_66_68_1,1,0.002728,0.002757,0.00149,0.001466,0.001452
iff.POMDP_66_68_1,2,0.067611,0.061513,0.061602,0.061522,0.061874
iff.POMDP_66_68_1,3,2.011851,1.828469,1.827813,1.825969,1.827453
iff.POMDP_66_68_1,4,48.955586,42.477801,42.380878,42.382977,42.386162
iff.POMDP_66_68_1,5,1118.590651,937.572767,1031.090847,1155.786762,1156.756529
iff.POMDP_66_68_1,6,timeout,timeout,timeout,timeout,timeout
iff.POMDP_66_71_1,1,0.003268,0.002819,0.001727,0.001716,0.001726
iff.POMDP_66_71_1,2,0.103645,0.090104,0.089805,0.089951,0.090323
iff.POMDP_66_71_1,3,3.577551,3.130715,3.13124,3.129842,3.130532
iff.POMDP_66_71_1,4,93.882228,79.160799,79.41649,79.32357,79.22353
iff.POMDP_66_71_1,5,2213.437259,1998.302563,2307.636223,2312.434826,2309.585608
iff.POMDP_66_71_1,6,timeout,timeout,timeout,timeout,timeout
iff.POMDP_66_73_2,1,0.002742,0.002487,0.001558,0.001547,0.001752
iff.POMDP_66_73_2,2,0.076211,0.066342,0.06624,0.066293,0.066277
iff.POMDP_66_73_2,3,2.341722,2.066703,2.059609,2.058228,2.05691
iff.POMDP_66_73_2,4,58.505777,50.438464,50.436381,50.502058,50.494333
iff.POMDP_66_73_2,5,1391.277708,1170.069878,1380.122244,1442.409466,1444.64521
iff.POMDP_66_73_2,6,timeout,timeout,timeout,timeout,timeout
iff.POMDP_68_73_1,1,0.002926,0.003004,0.001445,0.001449,0.001441
iff.POMDP_68_73_1,2,0.049906,0.043348,0.043217,0.043277,0.043291
iff.POMDP_68_73_1,3,1.396252,1.232077,1.232879,1.232338,1.232324
iff.POMDP_68_73_1,4,35.833213,31.439113,31.481745,31.423378,31.421631
iff.POMDP_68_73_1,5,910.921391,765.134171,768.296894,942.185346,943.061097
iff.POMDP_68_73_1,6,timeout,timeout,timeout,timeout,timeout
iff.POMDP_69_71_1,1,0.002812,0.003422,0.001842,0.00182,0.001786
iff.POMDP_69_71_1,2,0.099233,0.101211,0.098905,0.100521,0.100274
iff.POMDP_69_71_1,3,3.990435,4.109866,4.096158,4.086154,4.103937
iff.POMDP_69_71_1,4,127.151292,125.678998,128.865775,142.13245,141.830979
iff.POMDP_69_71_1,5,3326.66217,timeout,timeout,timeout,timeout
iff.POMDP_69_71_1,6,timeout,timeout,timeout,timeout,timeout
iff.POMDP_69_73_4,1,0.002658,0.009245,0.001898,0.001673,0.001656
iff.POMDP_69_73_4,2,0.072081,0.072148,0.072397,0.072541,0.072992
iff.POMDP_69_73_4,3,2.775347,2.807322,2.8046,2.796807,2.797414
iff.POMDP_69_73_4,4,91.467243,89.905818,89.434406,93.833352,99.221837
iff.POMDP_69_73_4,5,2515.794554,2736.132794,2731.938693,2719.860707,2727.807176
iff.POMDP_69_73_4,6,timeout,timeout,timeout,timeout,timeout
iff.POMDP_71_73_1,1,0.00275,0.003161,0.001661,0.001648,0.001685
iff.POMDP_71_73_1,2,0.075126,0.074249,0.074129,0.074686,0.074902
iff.POMDP_71_73_1,3,2.688329,2.698094,2.693554,2.681788,2.678782
iff.POMDP_71_73_1,4,74.532002,73.117417,73.217272,72.901761,79.720129
iff.POMDP_71_73_1,5,1860.320177,2019.309837,2013.509333,2010.269759,2004.826337
iff.POMDP_71_73_1,6,timeout,timeout,timeout,timeout,timeout
