benchmark,tot_states,reach_states,num_actions,num_obs,num_initial_states
RockSample_POMDP_N3_G1_K2_R18.txt,28,26,7,3,2
RockSample_POMDP_N3_G1_K3_R13.txt,37,34,8,3,3
RockSample_POMDP_N3_G1_K4_R83.txt,46,45,9,3,4
RockSample_POMDP_N3_G2_K3_R4.txt,64,50,8,3,3
RockSample_POMDP_N4_G1_K2_R33.txt,49,32,7,3,2
RockSample_POMDP_N5_G1_K2_R96.txt,76,30,7,3,2
RockSample_POMDP_N6_G1_K2_R77.txt,109,35,7,3,2
RockSample_POMDP_N3_G1_K3_R4_.txt,37,35,8,3,3
RockSample_POMDP_N3_G2_K3_R5_.txt,64,43,8,3,3
RockSample_POMDP_N3_G3_K3_R6_.txt,73,21,8,3,1
RockSample_POMDP_N3_G2_K5_R7_.txt,145,133,10,3,10
RockSample_POMDP_N3_G3_K5_R8_.txt,235,173,10,3,10
RockSample_POMDP_N3_G4_K5_R9_.txt,280,102,10,3,5
RockSample_POMDP_N3_G2_K7_R9_.txt,262,246,12,3,21
RockSample_POMDP_N3_G4_K7_R11_.txt,892,574,12,3,35
RockSample_POMDP_N3_G6_K7_R13_.txt,1144,192,12,3,7
iff_1_2_0_2,64,20,4,22,3
iff_1_2_0_4,64,18,4,22,3
iff_1_2_2_0,64,21,4,22,3
iff_1_2_2_4,64,15,4,22,3
iff_1_2_4_0,64,21,4,22,3
iff_1_2_4_2,64,17,4,22,3
iff_1_3_0_2,64,24,4,22,3
iff_1_3_0_4,64,20,4,22,3
iff_1_3_2_0,64,26,4,22,3
iff_1_3_2_4,64,17,4,22,3
iff_1_3_4_0,64,26,4,22,3
iff_1_3_4_2,64,21,4,22,3
iff_2_3_0_2,64,26,4,22,3
iff_2_3_0_4,64,24,4,22,3
iff_2_3_2_0,64,27,4,22,3
iff_2_3_2_4,64,19,4,22,3
iff_2_3_4_0,64,27,4,22,3
iff_2_3_4_2,64,21,4,22,3
cit.POMDP_1,284,33,4,28,2
cit.POMDP_2,284,33,4,28,2
cit.POMDP_3,284,48,4,28,2
mit.POMDP_1,204,47,4,28,2
mit.POMDP_2,204,41,4,28,2
mit.POMDP_3,204,36,4,28,2
pentagon.POMDP_1,212,34,4,28,2
pentagon.POMDP_2,212,35,4,28,2
pentagon.POMDP_3,212,25,4,28,2
sunysb.POMDP_1,300,39,4,28,2
sunysb.POMDP_2,300,29,4,28,2
sunysb.POMDP_3,300,51,4,28,2
