benchmark,tot_states,reach_states,num_actions,num_obs,num_initial_states,horizon,time_ours,time_naive,time_abhsvi,value_ours,value_naive,value_abhsvi
RockSample_POMDP_N3_G1_K2_R18.txt,28,26,7,3,2,1,0.010017,0.001681,0.373818,0.0,0.0,0.0
RockSample_POMDP_N3_G1_K2_R18.txt,28,26,7,3,2,2,0.003126,0.003138,0.779871,0.0,0.0,0.0
RockSample_POMDP_N3_G1_K2_R18.txt,28,26,7,3,2,3,0.026334,0.02775,1.229157,10.0,10.0,10.0
RockSample_POMDP_N3_G1_K2_R18.txt,28,26,7,3,2,4,0.233528,0.237096,1.735581,10.0,10.0,10.0
RockSample_POMDP_N3_G1_K2_R18.txt,28,26,7,3,2,5,2.067833,4.915408,2.280673,10.0,10.0,10.0
RockSample_POMDP_N3_G1_K2_R18.txt,28,26,7,3,2,6,18.448372,out of mem.,timeout,13.333333,-,-
RockSample_POMDP_N3_G1_K2_R18.txt,28,26,7,3,2,7,162.049138,out of mem.,timeout,20.0,-,-
RockSample_POMDP_N3_G1_K3_R13.txt,37,34,8,3,3,1,0.000544,0.064109,0.768353,0.0,0.0,0.0
RockSample_POMDP_N3_G1_K3_R13.txt,37,34,8,3,3,2,0.005291,0.004934,1.531521,0.0,0.0,0.0
RockSample_POMDP_N3_G1_K3_R13.txt,37,34,8,3,3,3,0.058124,0.054495,2.433545,10.0,10.0,10.0
RockSample_POMDP_N3_G1_K3_R13.txt,37,34,8,3,3,4,0.635968,0.591906,timeout,10.0,10.0,-
RockSample_POMDP_N3_G1_K3_R13.txt,37,34,8,3,3,5,6.960464,7.178629,timeout,10.0,10.0,-
RockSample_POMDP_N3_G1_K3_R13.txt,37,34,8,3,3,6,76.408273,out of mem.,timeout,12.0,-,-
RockSample_POMDP_N3_G1_K3_R13.txt,37,34,8,3,3,7,812.046232,out of mem.,timeout,14.285714,-,-
RockSample_POMDP_N3_G1_K4_R83.txt,46,45,9,3,4,1,0.000711,0.06227,1.26727,0.0,0.0,0.0
RockSample_POMDP_N3_G1_K4_R83.txt,46,45,9,3,4,2,0.008213,0.008074,2.693863,0.0,0.0,0.0
RockSample_POMDP_N3_G1_K4_R83.txt,46,45,9,3,4,3,0.106531,0.101542,4.234257,10.0,10.0,10.0
RockSample_POMDP_N3_G1_K4_R83.txt,46,45,9,3,4,4,1.362093,1.431423,timeout,10.0,10.0,-
RockSample_POMDP_N3_G1_K4_R83.txt,46,45,9,3,4,5,17.373631,out of mem.,timeout,10.0,-,-
RockSample_POMDP_N3_G1_K4_R83.txt,46,45,9,3,4,6,222.05485,out of mem.,timeout,13.333333,-,-
RockSample_POMDP_N3_G1_K4_R83.txt,46,45,9,3,4,7,2833.996632,out of mem.,timeout,15.454545,-,-
RockSample_POMDP_N3_G2_K3_R4.txt,64,50,8,3,3,1,0.000529,0.053105,2.15824,0.0,0.0,0.0
RockSample_POMDP_N3_G2_K3_R4.txt,64,50,8,3,3,2,0.004932,0.009725,14.932734,0.0,0.0,0.0
RockSample_POMDP_N3_G2_K3_R4.txt,64,50,8,3,3,3,0.053855,0.07684,7.246168,10.0,10.0,10.0
RockSample_POMDP_N3_G2_K3_R4.txt,64,50,8,3,3,4,0.585252,0.593455,timeout,10.0,10.0,-
RockSample_POMDP_N3_G2_K3_R4.txt,64,50,8,3,3,5,6.340482,66.328383,timeout,20.0,20.0,-
RockSample_POMDP_N3_G2_K3_R4.txt,64,50,8,3,3,6,68.534974,timeout,timeout,20.0,-,-
RockSample_POMDP_N3_G2_K3_R4.txt,64,50,8,3,3,7,738.400591,out of mem.,timeout,21.428571,-,-
RockSample_POMDP_N4_G1_K2_R33.txt,49,32,7,3,2,1,0.000375,0.00151,1.111205,0.0,0.0,0.0
RockSample_POMDP_N4_G1_K2_R33.txt,49,32,7,3,2,2,0.002675,0.002745,2.344056,0.0,0.0,0.0
RockSample_POMDP_N4_G1_K2_R33.txt,49,32,7,3,2,3,0.02388,0.024705,14.23683,0.0,0.0,0.0
RockSample_POMDP_N4_G1_K2_R33.txt,49,32,7,3,2,4,0.214347,0.218353,5.26346,10.0,10.0,10.0
RockSample_POMDP_N4_G1_K2_R33.txt,49,32,7,3,2,5,1.917245,1.962324,6.877874,10.0,10.0,10.0
RockSample_POMDP_N4_G1_K2_R33.txt,49,32,7,3,2,6,17.198889,59.258818,24.329221,10.0,10.0,10.0
RockSample_POMDP_N4_G1_K2_R33.txt,49,32,7,3,2,7,154.249121,out of mem.,timeout,13.333333,-,-
RockSample_POMDP_N5_G1_K2_R96.txt,76,30,7,3,2,1,0.000382,0.061735,2.658924,0.0,0.0,0.0
RockSample_POMDP_N5_G1_K2_R96.txt,76,30,7,3,2,2,0.002711,0.002694,5.628154,0.0,0.0,0.0
RockSample_POMDP_N5_G1_K2_R96.txt,76,30,7,3,2,3,0.024099,0.023939,8.920821,0.0,0.0,0.0
RockSample_POMDP_N5_G1_K2_R96.txt,76,30,7,3,2,4,0.216294,0.21238,12.577521,0.0,0.0,0.0
RockSample_POMDP_N5_G1_K2_R96.txt,76,30,7,3,2,5,1.938181,1.949923,16.549269,10.0,10.0,10.0
RockSample_POMDP_N5_G1_K2_R96.txt,76,30,7,3,2,6,17.608957,17.547048,20.904111,10.0,10.0,10.0
RockSample_POMDP_N5_G1_K2_R96.txt,76,30,7,3,2,7,164.314513,out of mem.,25.416582,10.0,-,10.0
RockSample_POMDP_N6_G1_K2_R77.txt,109,35,7,3,2,1,0.000414,0.001409,5.431591,0.0,0.0,0.0
RockSample_POMDP_N6_G1_K2_R77.txt,109,35,7,3,2,2,0.002896,0.002748,11.582527,0.0,0.0,0.0
RockSample_POMDP_N6_G1_K2_R77.txt,109,35,7,3,2,3,0.02568,0.024462,18.321392,0.0,0.0,0.0
RockSample_POMDP_N6_G1_K2_R77.txt,109,35,7,3,2,4,0.230363,0.217874,26.054211,0.0,0.0,0.0
RockSample_POMDP_N6_G1_K2_R77.txt,109,35,7,3,2,5,2.065841,1.955886,timeout,3.333333,3.333333,-
RockSample_POMDP_N6_G1_K2_R77.txt,109,35,7,3,2,6,18.679643,29.628089,43.165601,10.0,10.0,10.0
RockSample_POMDP_N6_G1_K2_R77.txt,109,35,7,3,2,7,175.794292,out of mem.,52.677387,10.0,-,10.0
RockSample_POMDP_N3_G1_K3_R4_.txt,37,35,8,3,3,1,0.010067,0.064219,0.735922,0.0,0.0,0.0
RockSample_POMDP_N3_G1_K3_R4_.txt,37,35,8,3,3,2,0.004771,0.004929,5.004229,0.0,0.0,0.0
RockSample_POMDP_N3_G1_K3_R4_.txt,37,35,8,3,3,3,0.051784,0.054498,2.440754,10.0,10.0,10.0
RockSample_POMDP_N3_G1_K3_R4_.txt,37,35,8,3,3,4,0.587764,0.596071,3.436326,10.0,10.0,10.0
RockSample_POMDP_N3_G1_K3_R4_.txt,37,35,8,3,3,5,6.155821,69.816451,timeout,12.0,12.0,-
RockSample_POMDP_N3_G1_K3_R4_.txt,37,35,8,3,3,6,66.510531,timeout,timeout,15.0,-,-
RockSample_POMDP_N3_G1_K3_R4_.txt,37,35,8,3,3,7,716.007108,out of mem.,timeout,17.5,-,-
RockSample_POMDP_N3_G2_K3_R5_.txt,64,43,8,3,3,1,0.000483,0.001607,2.139644,0.0,0.0,0.0
RockSample_POMDP_N3_G2_K3_R5_.txt,64,43,8,3,3,2,0.004735,0.005039,4.526282,0.0,0.0,0.0
RockSample_POMDP_N3_G2_K3_R5_.txt,64,43,8,3,3,3,0.051591,0.0551,7.225341,10.0,10.0,10.0
RockSample_POMDP_N3_G2_K3_R5_.txt,64,43,8,3,3,4,0.567136,0.602236,timeout,10.0,10.0,-
RockSample_POMDP_N3_G2_K3_R5_.txt,64,43,8,3,3,5,6.150461,40.857296,timeout,10.0,10.0,-
RockSample_POMDP_N3_G2_K3_R5_.txt,64,43,8,3,3,6,66.863796,out of mem.,timeout,15.0,-,-
RockSample_POMDP_N3_G2_K3_R5_.txt,64,43,8,3,3,7,736.127021,out of mem.,timeout,20.0,-,-
RockSample_POMDP_N3_G3_K3_R6_.txt,73,21,8,3,1,1,0.000353,0.059932,2.797339,0.0,0.0,0.0
RockSample_POMDP_N3_G3_K3_R6_.txt,73,21,8,3,1,2,0.002736,0.002867,5.977031,0.0,0.0,0.0
RockSample_POMDP_N3_G3_K3_R6_.txt,73,21,8,3,1,3,0.029594,0.03054,9.33826,10.0,10.0,10.0
RockSample_POMDP_N3_G3_K3_R6_.txt,73,21,8,3,1,4,0.323323,0.33004,timeout,20.0,20.0,-
RockSample_POMDP_N3_G3_K3_R6_.txt,73,21,8,3,1,5,3.525354,3.67363,timeout,20.0,20.0,-
RockSample_POMDP_N3_G3_K3_R6_.txt,73,21,8,3,1,6,38.456718,55.924995,60.943397,20.0,20.0,20.0
RockSample_POMDP_N3_G3_K3_R6_.txt,73,21,8,3,1,7,421.82449,out of mem.,timeout,30.0,-,-
RockSample_POMDP_N3_G2_K5_R7_.txt,145,133,10,3,10,1,0.001451,0.006322,13.968931,0.0,0.0,0.0
RockSample_POMDP_N3_G2_K5_R7_.txt,145,133,10,3,10,2,0.020588,0.019648,timeout,0.0,0.0,-
RockSample_POMDP_N3_G2_K5_R7_.txt,145,133,10,3,10,3,0.306455,0.292277,46.863331,10.0,10.0,10.0
RockSample_POMDP_N3_G2_K5_R7_.txt,145,133,10,3,10,4,4.56689,4.730911,200.698913,10.0,10.0,10.0
RockSample_POMDP_N3_G2_K5_R7_.txt,145,133,10,3,10,5,67.102649,out of mem.,timeout,10.769231,-,-
RockSample_POMDP_N3_G2_K5_R7_.txt,145,133,10,3,10,6,997.744842,out of mem.,timeout,13.8,-,-
RockSample_POMDP_N3_G2_K5_R7_.txt,145,133,10,3,10,7,timeout,out of mem.,timeout,-,-,-
RockSample_POMDP_N3_G3_K5_R8_.txt,235,173,10,3,10,1,0.006625,0.00249,36.179477,0.0,0.0,0.0
RockSample_POMDP_N3_G3_K5_R8_.txt,235,173,10,3,10,2,0.020058,0.020018,timeout,0.0,0.0,-
RockSample_POMDP_N3_G3_K5_R8_.txt,235,173,10,3,10,3,0.298309,0.300927,121.73562,10.0,10.0,10.0
RockSample_POMDP_N3_G3_K5_R8_.txt,235,173,10,3,10,4,4.436481,4.755015,timeout,10.0,10.0,-
RockSample_POMDP_N3_G3_K5_R8_.txt,235,173,10,3,10,5,65.57765,out of mem.,timeout,13.846154,-,-
RockSample_POMDP_N3_G3_K5_R8_.txt,235,173,10,3,10,6,1040.735837,out of mem.,timeout,16.923077,-,-
RockSample_POMDP_N3_G3_K5_R8_.txt,235,173,10,3,10,7,timeout,out of mem.,timeout,-,-,-
RockSample_POMDP_N3_G4_K5_R9_.txt,280,102,10,3,5,1,0.070484,0.001782,51.54612,0.0,0.0,0.0
RockSample_POMDP_N3_G4_K5_R9_.txt,280,102,10,3,5,2,0.030165,0.011707,355.951124,0.0,0.0,0.0
RockSample_POMDP_N3_G4_K5_R9_.txt,280,102,10,3,5,3,0.215503,0.174596,172.553442,10.0,10.0,10.0
RockSample_POMDP_N3_G4_K5_R9_.txt,280,102,10,3,5,4,3.038272,2.722701,timeout,10.0,10.0,-
RockSample_POMDP_N3_G4_K5_R9_.txt,280,102,10,3,5,5,44.975268,out of mem.,timeout,15.0,-,-
RockSample_POMDP_N3_G4_K5_R9_.txt,280,102,10,3,5,6,669.164946,out of mem.,timeout,20.0,-,-
RockSample_POMDP_N3_G4_K5_R9_.txt,280,102,10,3,5,7,timeout,out of mem.,timeout,-,-,-
RockSample_POMDP_N3_G2_K7_R9_.txt,262,246,12,3,21,1,0.044661,0.004082,54.269417,0.0,0.0,0.0
RockSample_POMDP_N3_G2_K7_R9_.txt,262,246,12,3,21,2,0.067338,0.059404,115.867721,0.0,0.0,0.0
RockSample_POMDP_N3_G2_K7_R9_.txt,262,246,12,3,21,3,1.277328,1.110981,185.304757,10.0,10.0,10.0
RockSample_POMDP_N3_G2_K7_R9_.txt,262,246,12,3,21,4,24.303751,22.244055,timeout,10.0,10.0,-
RockSample_POMDP_N3_G2_K7_R9_.txt,262,246,12,3,21,5,459.885367,out of mem.,timeout,10.0,-,-
RockSample_POMDP_N3_G2_K7_R9_.txt,262,246,12,3,21,6,timeout,out of mem.,timeout,-,-,-
RockSample_POMDP_N3_G2_K7_R9_.txt,262,246,12,3,21,7,timeout,out of mem.,timeout,-,-,-
RockSample_POMDP_N3_G4_K7_R11_.txt,892,574,12,3,35,1,0.005945,0.006161,627.62184,0.0,0.0,0.0
RockSample_POMDP_N3_G4_K7_R11_.txt,892,574,12,3,35,2,0.113243,0.092469,1338.981382,0.0,0.0,0.0
RockSample_POMDP_N3_G4_K7_R11_.txt,892,574,12,3,35,3,2.15691,1.795145,2128.91526,10.0,10.0,10.0
RockSample_POMDP_N3_G4_K7_R11_.txt,892,574,12,3,35,4,40.904599,35.758543,timeout,10.0,10.0,-
RockSample_POMDP_N3_G4_K7_R11_.txt,892,574,12,3,35,5,783.780256,out of mem.,timeout,11.428571,-,-
RockSample_POMDP_N3_G4_K7_R11_.txt,892,574,12,3,35,6,timeout,out of mem.,timeout,-,-,-
RockSample_POMDP_N3_G4_K7_R11_.txt,892,574,12,3,35,7,timeout,out of mem.,timeout,-,-,-
RockSample_POMDP_N3_G6_K7_R13_.txt,1144,192,12,3,7,1,0.001572,0.002758,1028.928834,0.0,0.0,0.0
RockSample_POMDP_N3_G6_K7_R13_.txt,1144,192,12,3,7,2,0.027577,0.023678,timeout,0.0,0.0,-
RockSample_POMDP_N3_G6_K7_R13_.txt,1144,192,12,3,7,3,0.519385,0.444383,3493.011611,10.0,10.0,10.0
RockSample_POMDP_N3_G6_K7_R13_.txt,1144,192,12,3,7,4,9.806489,9.243545,timeout,13.333333,13.333333,-
RockSample_POMDP_N3_G6_K7_R13_.txt,1144,192,12,3,7,5,184.607136,out of mem.,timeout,20.0,-,-
RockSample_POMDP_N3_G6_K7_R13_.txt,1144,192,12,3,7,6,3476.534874,out of mem.,timeout,22.941176,-,-
RockSample_POMDP_N3_G6_K7_R13_.txt,1144,192,12,3,7,7,timeout,out of mem.,timeout,-,-,-
cit.POMDP_1,284,33,4,28,2,1,0.002365,0.05157,151.81826,0.0,0.0,0.0
cit.POMDP_1,284,33,4,28,2,2,0.040385,0.021945,timeout,0.00729,0.00729,-
cit.POMDP_1,284,33,4,28,2,3,0.286413,out of mem.,timeout,0.739921,-,-
cit.POMDP_1,284,33,4,28,2,4,4.136221,out of mem.,timeout,0.956133,-,-
cit.POMDP_1,284,33,4,28,2,5,60.300132,out of mem.,timeout,0.993496,-,-
cit.POMDP_1,284,33,4,28,2,6,826.803131,out of mem.,timeout,0.9991,-,-
cit.POMDP_2,284,33,4,28,2,1,0.002247,0.003561,150.873183,0.0,0.0,0.0
cit.POMDP_2,284,33,4,28,2,2,0.016999,0.018792,305.34485,0.0,0.0,0.0
cit.POMDP_2,284,33,4,28,2,3,0.256811,timeout,timeout,0.003281,-,-
cit.POMDP_2,284,33,4,28,2,4,3.93533,timeout,timeout,0.325962,-,-
cit.POMDP_2,284,33,4,28,2,5,57.734037,out of mem.,timeout,0.489103,-,-
cit.POMDP_2,284,33,4,28,2,6,786.28898,out of mem.,timeout,0.745944,-,-
cit.POMDP_3,284,48,4,28,2,1,0.003128,0.051584,150.277586,0.0,0.0,0.0
cit.POMDP_3,284,48,4,28,2,2,0.022302,0.020231,304.173886,0.0,0.0,0.0
cit.POMDP_3,284,48,4,28,2,3,0.332514,out of mem.,457.268087,0.0,-,0.0
cit.POMDP_3,284,48,4,28,2,4,4.921225,out of mem.,timeout,6.6e-05,-,-
cit.POMDP_3,284,48,4,28,2,5,69.292265,out of mem.,timeout,0.01028,-,-
cit.POMDP_3,284,48,4,28,2,6,914.063355,out of mem.,timeout,0.529656,-,-
mit.POMDP_1,204,47,4,28,2,1,0.00228,0.002836,77.929198,0.0,0.0,0.0
mit.POMDP_1,204,47,4,28,2,2,0.016993,0.018384,timeout,0.00729,0.00729,-
mit.POMDP_1,204,47,4,28,2,3,0.25559,449.380858,timeout,0.739921,0.739921,-
mit.POMDP_1,204,47,4,28,2,4,3.736731,out of mem.,timeout,0.956133,-,-
mit.POMDP_1,204,47,4,28,2,5,timeout,out of mem.,timeout,-,-,-
mit.POMDP_1,204,47,4,28,2,6,timeout,out of mem.,timeout,-,-,-
mit.POMDP_2,204,41,4,28,2,1,0.001988,0.107924,77.541567,0.0,0.0,0.0
mit.POMDP_2,204,41,4,28,2,2,0.01937,0.022682,155.421771,0.0,0.0,0.0
mit.POMDP_2,204,41,4,28,2,3,0.30857,out of mem.,timeout,5.2e-05,-,-
mit.POMDP_2,204,41,4,28,2,4,21.555437,out of mem.,timeout,0.008967,-,-
mit.POMDP_2,204,41,4,28,2,5,timeout,out of mem.,timeout,-,-,-
mit.POMDP_2,204,41,4,28,2,6,timeout,out of mem.,timeout,-,-,-
mit.POMDP_3,204,36,4,28,2,1,0.045442,0.002785,78.394215,0.0,0.0,0.0
mit.POMDP_3,204,36,4,28,2,2,0.02158,0.025324,156.835222,0.0,0.0,0.0
mit.POMDP_3,204,36,4,28,2,3,0.329888,out of mem.,238.283726,0.0,-,0.0
mit.POMDP_3,204,36,4,28,2,4,4.802491,out of mem.,timeout,3e-06,-,-
mit.POMDP_3,204,36,4,28,2,5,70.017872,out of mem.,timeout,0.000948,-,-
mit.POMDP_3,204,36,4,28,2,6,1095.667333,out of mem.,timeout,0.036684,-,-
pentagon.POMDP_1,212,34,4,28,2,1,0.002054,0.006598,84.608381,0.0,0.0,0.0
pentagon.POMDP_1,212,34,4,28,2,2,0.054885,0.023803,timeout,0.00729,0.00729,-
pentagon.POMDP_1,212,34,4,28,2,3,0.296626,out of mem.,timeout,0.739921,-,-
pentagon.POMDP_1,212,34,4,28,2,4,4.433375,out of mem.,timeout,0.956133,-,-
pentagon.POMDP_1,212,34,4,28,2,5,65.524305,out of mem.,timeout,0.993496,-,-
pentagon.POMDP_1,212,34,4,28,2,6,905.395407,out of mem.,timeout,0.9991,-,-
pentagon.POMDP_2,212,35,4,28,2,1,0.002313,0.006665,85.134735,0.0,0.0,0.0
pentagon.POMDP_2,212,35,4,28,2,2,0.018179,0.025244,171.341486,0.0,0.0,0.0
pentagon.POMDP_2,212,35,4,28,2,3,0.287697,out of mem.,timeout,0.013719,-,-
pentagon.POMDP_2,212,35,4,28,2,4,4.330492,out of mem.,timeout,0.566025,-,-
pentagon.POMDP_2,212,35,4,28,2,5,64.542489,out of mem.,timeout,0.829185,-,-
pentagon.POMDP_2,212,35,4,28,2,6,902.115723,out of mem.,timeout,0.932878,-,-
pentagon.POMDP_3,212,25,4,28,2,1,0.003148,0.002583,85.39449,0.0,0.0,0.0
pentagon.POMDP_3,212,25,4,28,2,2,0.019433,0.019481,170.042585,0.0,0.0,0.0
pentagon.POMDP_3,212,25,4,28,2,3,0.290773,out of mem.,261.10363,0.0,-,0.0
pentagon.POMDP_3,212,25,4,28,2,4,4.369534,out of mem.,timeout,0.0063,-,-
pentagon.POMDP_3,212,25,4,28,2,5,64.949413,out of mem.,timeout,0.296317,-,-
pentagon.POMDP_3,212,25,4,28,2,6,919.789778,out of mem.,timeout,0.471761,-,-
sunysb.POMDP_1,300,39,4,28,2,1,0.002059,0.030878,169.981711,0.0,0.0,0.0
sunysb.POMDP_1,300,39,4,28,2,2,0.020266,0.025695,timeout,0.00729,0.00729,-
sunysb.POMDP_1,300,39,4,28,2,3,0.299616,out of mem.,timeout,0.739921,-,-
sunysb.POMDP_1,300,39,4,28,2,4,4.573954,out of mem.,timeout,0.956133,-,-
sunysb.POMDP_1,300,39,4,28,2,5,67.878816,out of mem.,timeout,0.993496,-,-
sunysb.POMDP_1,300,39,4,28,2,6,947.430725,out of mem.,timeout,0.9991,-,-
sunysb.POMDP_2,300,29,4,28,2,1,0.002042,0.018697,168.55495,0.0,0.0,0.0
sunysb.POMDP_2,300,29,4,28,2,2,0.016032,0.016103,338.868828,0.0,0.0,0.0
sunysb.POMDP_2,300,29,4,28,2,3,0.245509,out of mem.,timeout,0.000365,-,-
sunysb.POMDP_2,300,29,4,28,2,4,3.716883,out of mem.,timeout,0.04047,-,-
sunysb.POMDP_2,300,29,4,28,2,5,54.765974,out of mem.,timeout,0.634908,-,-
sunysb.POMDP_2,300,29,4,28,2,6,778.189423,out of mem.,timeout,0.870669,-,-
sunysb.POMDP_3,300,51,4,28,2,1,0.003113,0.040746,169.696794,0.0,0.0,0.0
sunysb.POMDP_3,300,51,4,28,2,2,0.016386,0.017192,342.581813,0.0,0.0,0.0
sunysb.POMDP_3,300,51,4,28,2,3,0.247367,out of mem.,516.575751,0.0,-,0.0
sunysb.POMDP_3,300,51,4,28,2,4,3.660062,out of mem.,timeout,4e-06,-,-
sunysb.POMDP_3,300,51,4,28,2,5,52.691766,out of mem.,timeout,0.000998,-,-
sunysb.POMDP_3,300,51,4,28,2,6,714.007086,out of mem.,timeout,0.04038,-,-
iff_1_2_0_2,64,20,4,22,3,1,0.003146,0.00243,timeout,0.0,0.0,-
iff_1_2_0_2,64,20,4,22,3,2,0.035028,0.035763,error,0.0,0.0,-
iff_1_2_0_2,64,20,4,22,3,3,0.461479,out of mem.,timeout,0.0,-,-
iff_1_2_0_2,64,20,4,22,3,4,4.772702,out of mem.,timeout,0.0,-,-
iff_1_2_0_2,64,20,4,22,3,5,62.327111,out of mem.,timeout,0.0,-,-
iff_1_2_0_2,64,20,4,22,3,6,1099.088885,out of mem.,timeout,0.0,-,-
iff_1_2_0_4,64,18,4,22,3,1,0.13855,0.058907,timeout,0.0,0.0,-
iff_1_2_0_4,64,18,4,22,3,2,0.047972,0.029992,timeout,0.0,0.0,-
iff_1_2_0_4,64,18,4,22,3,3,0.325762,out of mem.,timeout,0.0,-,-
iff_1_2_0_4,64,18,4,22,3,4,3.341726,out of mem.,timeout,0.0,-,-
iff_1_2_0_4,64,18,4,22,3,5,60.237667,out of mem.,timeout,0.0,-,-
iff_1_2_0_4,64,18,4,22,3,6,412.600917,out of mem.,timeout,0.0,-,-
iff_1_2_2_0,64,21,4,22,3,1,0.003343,0.00353,timeout,0.0,0.0,-
iff_1_2_2_0,64,21,4,22,3,2,0.032626,0.044052,error,0.0,0.0,-
iff_1_2_2_0,64,21,4,22,3,3,0.469519,out of mem.,timeout,0.0,-,-
iff_1_2_2_0,64,21,4,22,3,4,5.215037,out of mem.,timeout,0.0,-,-
iff_1_2_2_0,64,21,4,22,3,5,48.055971,out of mem.,timeout,0.0,-,-
iff_1_2_2_0,64,21,4,22,3,6,269.525427,out of mem.,timeout,0.0,-,-
iff_1_2_2_4,64,15,4,22,3,1,0.138979,0.002822,timeout,0.0,0.0,-
iff_1_2_2_4,64,15,4,22,3,2,0.060497,0.036538,error,0.0,0.0,-
iff_1_2_2_4,64,15,4,22,3,3,0.313157,out of mem.,timeout,0.0,-,-
iff_1_2_2_4,64,15,4,22,3,4,3.148629,out of mem.,timeout,0.0,-,-
iff_1_2_2_4,64,15,4,22,3,5,37.901194,out of mem.,timeout,0.0,-,-
iff_1_2_2_4,64,15,4,22,3,6,270.957197,out of mem.,timeout,0.0,-,-
iff_1_2_4_0,64,21,4,22,3,1,0.138796,0.062088,timeout,0.0,0.0,-
iff_1_2_4_0,64,21,4,22,3,2,0.065585,0.039209,error,0.0,0.0,-
iff_1_2_4_0,64,21,4,22,3,3,0.405319,out of mem.,timeout,0.0,-,-
iff_1_2_4_0,64,21,4,22,3,4,4.727346,out of mem.,timeout,0.0,-,-
iff_1_2_4_0,64,21,4,22,3,5,44.384817,out of mem.,timeout,0.0,-,-
iff_1_2_4_0,64,21,4,22,3,6,244.058839,out of mem.,timeout,0.0,-,-
iff_1_2_4_2,64,17,4,22,3,1,0.138827,0.002399,timeout,0.0,0.0,-
iff_1_2_4_2,64,17,4,22,3,2,0.065746,0.032614,error,0.0,0.0,-
iff_1_2_4_2,64,17,4,22,3,3,0.389996,out of mem.,timeout,0.0,-,-
iff_1_2_4_2,64,17,4,22,3,4,4.096476,out of mem.,timeout,0.0,-,-
iff_1_2_4_2,64,17,4,22,3,5,36.518012,out of mem.,timeout,0.0,-,-
iff_1_2_4_2,64,17,4,22,3,6,239.505537,out of mem.,timeout,0.0,-,-
iff_1_3_0_2,64,24,4,22,3,1,0.137555,0.002426,timeout,0.0,0.0,-
iff_1_3_0_2,64,24,4,22,3,2,0.07371,0.072185,141.641348,0.0,0.0,0.0
iff_1_3_0_2,64,24,4,22,3,3,0.606612,out of mem.,213.48041,0.0,-,0.0
iff_1_3_0_2,64,24,4,22,3,4,208.027268,out of mem.,error,0.0,-,-
iff_1_3_0_2,64,24,4,22,3,5,timeout,out of mem.,error,-,-,-
iff_1_3_0_2,64,24,4,22,3,6,timeout,out of mem.,error,-,-,-
iff_1_3_0_4,64,20,4,22,3,1,0.003086,0.002447,timeout,0.0,0.0,-
iff_1_3_0_4,64,20,4,22,3,2,0.028157,0.064551,141.917578,0.0,0.0,0.0
iff_1_3_0_4,64,20,4,22,3,3,0.432593,out of mem.,408.103823,0.0,-,0.0
iff_1_3_0_4,64,20,4,22,3,4,130.835035,out of mem.,timeout,0.0,-,-
iff_1_3_0_4,64,20,4,22,3,5,timeout,out of mem.,timeout,-,-,-
iff_1_3_0_4,64,20,4,22,3,6,timeout,out of mem.,error,-,-,-
iff_1_3_2_0,64,26,4,22,3,1,0.002936,0.043781,timeout,0.0,0.0,-
iff_1_3_2_0,64,26,4,22,3,2,0.036827,0.074634,141.91681,0.0,0.0,0.0
iff_1_3_2_0,64,26,4,22,3,3,0.613721,out of mem.,514.208244,0.0,-,0.0
iff_1_3_2_0,64,26,4,22,3,4,133.959688,out of mem.,error,0.0,-,-
iff_1_3_2_0,64,26,4,22,3,5,timeout,out of mem.,timeout,-,-,-
iff_1_3_2_0,64,26,4,22,3,6,timeout,out of mem.,timeout,-,-,-
iff_1_3_2_4,64,17,4,22,3,1,0.003083,0.044207,timeout,0.0,0.0,-
iff_1_3_2_4,64,17,4,22,3,2,0.02751,0.068633,142.514123,0.0,0.0,0.0
iff_1_3_2_4,64,17,4,22,3,3,0.429682,out of mem.,515.357185,0.0,-,0.0
iff_1_3_2_4,64,17,4,22,3,4,131.846304,out of mem.,timeout,0.0,-,-
iff_1_3_2_4,64,17,4,22,3,5,timeout,out of mem.,timeout,-,-,-
iff_1_3_2_4,64,17,4,22,3,6,timeout,out of mem.,timeout,-,-,-
iff_1_3_4_0,64,26,4,22,3,1,0.003359,0.063691,7.665859,0.0,0.0,0.0
iff_1_3_4_0,64,26,4,22,3,2,0.029671,0.071119,error,0.0,0.0,-
iff_1_3_4_0,64,26,4,22,3,3,0.555637,out of mem.,error,0.0,-,-
iff_1_3_4_0,64,26,4,22,3,4,185.32807,out of mem.,error,0.0,-,-
iff_1_3_4_0,64,26,4,22,3,5,timeout,out of mem.,error,-,-,-
iff_1_3_4_0,64,26,4,22,3,6,timeout,out of mem.,error,-,-,-
iff_1_3_4_2,64,21,4,22,3,1,0.004064,0.006796,timeout,0.0,0.0,-
iff_1_3_4_2,64,21,4,22,3,2,0.030644,0.104973,165.237963,0.0,0.0,0.0
iff_1_3_4_2,64,21,4,22,3,3,0.522735,out of mem.,error,0.0,-,-
iff_1_3_4_2,64,21,4,22,3,4,114.890327,out of mem.,timeout,0.0,-,-
iff_1_3_4_2,64,21,4,22,3,5,timeout,out of mem.,timeout,-,-,-
iff_1_3_4_2,64,21,4,22,3,6,timeout,out of mem.,timeout,-,-,-
iff_2_3_0_2,64,26,4,22,3,1,0.003104,0.007796,timeout,0.0,0.0,-
iff_2_3_0_2,64,26,4,22,3,2,0.037965,0.043145,137.343105,0.0,0.0,0.0
iff_2_3_0_2,64,26,4,22,3,3,0.679326,out of mem.,timeout,0.0,-,-
iff_2_3_0_2,64,26,4,22,3,4,75.48472,out of mem.,timeout,0.0,-,-
iff_2_3_0_2,64,26,4,22,3,5,timeout,out of mem.,timeout,-,-,-
iff_2_3_0_2,64,26,4,22,3,6,timeout,out of mem.,timeout,-,-,-
iff_2_3_0_4,64,24,4,22,3,1,0.002859,0.007696,timeout,0.0,0.0,-
iff_2_3_0_4,64,24,4,22,3,2,0.027011,0.036296,136.696771,0.0,0.0,0.0
iff_2_3_0_4,64,24,4,22,3,3,0.462361,out of mem.,timeout,0.0,-,-
iff_2_3_0_4,64,24,4,22,3,4,47.963635,out of mem.,timeout,0.0,-,-
iff_2_3_0_4,64,24,4,22,3,5,timeout,out of mem.,timeout,-,-,-
iff_2_3_0_4,64,24,4,22,3,6,timeout,out of mem.,timeout,-,-,-
iff_2_3_2_0,64,27,4,22,3,1,0.002836,0.002908,timeout,0.0,0.0,-
iff_2_3_2_0,64,27,4,22,3,2,0.033816,0.045438,138.915399,0.0,0.0,0.0
iff_2_3_2_0,64,27,4,22,3,3,0.616605,out of mem.,timeout,0.0,-,-
iff_2_3_2_0,64,27,4,22,3,4,50.00066,out of mem.,timeout,0.0,-,-
iff_2_3_2_0,64,27,4,22,3,5,timeout,out of mem.,timeout,-,-,-
iff_2_3_2_0,64,27,4,22,3,6,timeout,out of mem.,timeout,-,-,-
iff_2_3_2_4,64,19,4,22,3,1,0.002635,0.003216,timeout,0.0,0.0,-
iff_2_3_2_4,64,19,4,22,3,2,0.026851,0.037122,142.687529,0.0,0.0,0.0
iff_2_3_2_4,64,19,4,22,3,3,0.449711,out of mem.,error,0.0,-,-
iff_2_3_2_4,64,19,4,22,3,4,38.588312,out of mem.,timeout,0.0,-,-
iff_2_3_2_4,64,19,4,22,3,5,timeout,out of mem.,timeout,-,-,-
iff_2_3_2_4,64,19,4,22,3,6,timeout,out of mem.,timeout,-,-,-
iff_2_3_4_0,64,27,4,22,3,1,0.002888,0.002875,timeout,0.0,0.0,-
iff_2_3_4_0,64,27,4,22,3,2,0.029217,0.037926,138.79073,0.0,0.0,0.0
iff_2_3_4_0,64,27,4,22,3,3,0.484109,out of mem.,timeout,0.0,-,-
iff_2_3_4_0,64,27,4,22,3,4,47.380948,out of mem.,timeout,0.0,-,-
iff_2_3_4_0,64,27,4,22,3,5,timeout,out of mem.,timeout,-,-,-
iff_2_3_4_0,64,27,4,22,3,6,timeout,out of mem.,timeout,-,-,-
iff_2_3_4_2,64,21,4,22,3,1,0.003189,0.002677,timeout,0.0,0.0,-
iff_2_3_4_2,64,21,4,22,3,2,0.026439,0.037476,139.109953,0.0,0.0,0.0
iff_2_3_4_2,64,21,4,22,3,3,0.466876,out of mem.,timeout,0.0,-,-
iff_2_3_4_2,64,21,4,22,3,4,63.627067,out of mem.,timeout,0.0,-,-
iff_2_3_4_2,64,21,4,22,3,5,timeout,out of mem.,timeout,-,-,-
iff_2_3_4_2,64,21,4,22,3,6,timeout,out of mem.,timeout,-,-,-
