hardware,embedding_index,horizon,method,time,result,threshold
cambridge,0,3,bellman,0.041890,1,0.499000
cambridge,0,4,bellman,0.035450,1,0.944140
cambridge,0,5,bellman,0.036320,1,0.944140
cambridge,0,6,bellman,0.056010,1,0.959010
cambridge,0,7,bellman,0.057970,1,0.959010
cambridge,1,3,bellman,0.005570,1,0.499000
cambridge,1,4,bellman,0.033920,1,0.915390
cambridge,1,5,bellman,0.039680,1,0.915390
cambridge,1,6,bellman,0.054800,1,0.929310
cambridge,1,7,bellman,0.081820,1,0.929310
cambridge,2,3,bellman,0.031290,1,0.499000
cambridge,2,4,bellman,0.036720,1,0.505960
cambridge,2,5,bellman,0.038590,1,0.505960
cambridge,2,6,bellman,0.059210,1,0.509270
cambridge,2,7,bellman,0.061180,1,0.509270
jakarta,0,3,bellman,0.012170,1,0.499000
jakarta,0,4,bellman,0.015710,1,0.966830
jakarta,0,5,bellman,0.016390,1,0.966830
jakarta,0,6,bellman,0.029920,1,0.985610
jakarta,0,7,bellman,0.031040,1,0.985620
jakarta,1,3,bellman,0.012530,1,0.499000
jakarta,1,4,bellman,0.016100,1,0.965430
jakarta,1,5,bellman,0.016810,1,0.965430
jakarta,1,6,bellman,0.030320,1,0.984160
jakarta,1,7,bellman,0.031340,1,0.984160
jakarta,2,3,bellman,0.003240,1,0.499000
jakarta,2,4,bellman,0.017650,1,0.963700
jakarta,2,5,bellman,0.018350,1,0.963700
jakarta,2,6,bellman,0.032470,1,0.986620
jakarta,2,7,bellman,0.033520,1,0.986620
jakarta,3,3,bellman,0.003440,1,0.499000
jakarta,3,4,bellman,0.019260,1,0.935930
jakarta,3,5,bellman,0.019640,1,0.935930
jakarta,3,6,bellman,0.033910,1,0.981740
jakarta,3,7,bellman,0.035430,1,0.981740
jakarta,4,3,bellman,0.014090,1,0.499000
jakarta,4,4,bellman,0.017920,1,0.931590
jakarta,4,5,bellman,0.018750,1,0.931590
jakarta,4,6,bellman,0.033110,1,0.976950
jakarta,4,7,bellman,0.034280,1,0.976950
yorktown,0,3,bellman,0.004160,1,0.499000
yorktown,0,4,bellman,0.015140,1,0.910440
yorktown,0,5,bellman,0.019990,1,0.910440
yorktown,0,6,bellman,0.029070,1,0.959230
yorktown,0,7,bellman,0.049930,1,0.959230
yorktown,1,3,bellman,0.004080,1,0.499000
yorktown,1,4,bellman,0.015240,1,0.940550
yorktown,1,5,bellman,0.019980,1,0.940550
yorktown,1,6,bellman,0.029120,1,0.967160
yorktown,1,7,bellman,0.049720,1,0.967160
yorktown,2,3,bellman,0.003000,1,0.499000
yorktown,2,4,bellman,0.015810,1,0.863700
yorktown,2,5,bellman,0.016650,1,0.863700
yorktown,2,6,bellman,0.030450,1,0.938040
yorktown,2,7,bellman,0.031300,1,0.938040
yorktown,3,3,bellman,0.003160,1,0.499000
yorktown,3,4,bellman,0.016560,1,0.851590
yorktown,3,5,bellman,0.017360,1,0.851590
yorktown,3,6,bellman,0.031240,1,0.923470
yorktown,3,7,bellman,0.032350,1,0.923470
yorktown,4,3,bellman,0.003170,1,0.499000
yorktown,4,4,bellman,0.016920,1,0.948920
yorktown,4,5,bellman,0.017770,1,0.948920
yorktown,4,6,bellman,0.031680,1,0.973160
yorktown,4,7,bellman,0.032720,1,0.973160
yorktown,5,3,bellman,0.003010,1,0.499000
yorktown,5,4,bellman,0.016980,1,0.691540
yorktown,5,5,bellman,0.017600,1,0.691540
yorktown,5,6,bellman,0.031770,1,0.771200
yorktown,5,7,bellman,0.032760,1,0.771200
athens,0,3,bellman,0.011830,1,0.499000
athens,0,4,bellman,0.015040,1,0.974810
athens,0,5,bellman,0.015860,1,0.974810
athens,0,6,bellman,0.029010,1,0.985820
athens,0,7,bellman,0.030290,1,0.985820
athens,1,3,bellman,0.012500,1,0.499000
athens,1,4,bellman,0.016040,1,0.953560
athens,1,5,bellman,0.017210,1,0.953560
athens,1,6,bellman,0.030210,1,0.975120
athens,1,7,bellman,0.031230,1,0.975120
athens,2,3,bellman,0.025790,1,0.499000
athens,2,4,bellman,0.016920,1,0.955850
athens,2,5,bellman,0.021890,1,0.955850
athens,2,6,bellman,0.031620,1,0.969610
athens,2,7,bellman,0.053010,1,0.969610
perfect_hardware,0,3,bellman,0.001530,1,0.499000
perfect_hardware,0,4,bellman,0.001730,1,0.999000
perfect_hardware,0,5,bellman,0.001980,1,0.999000
perfect_hardware,0,6,bellman,0.002160,1,0.999000
perfect_hardware,0,7,bellman,0.002390,1,0.999000
melbourne,0,3,bellman,0.018960,1,0.499000
melbourne,0,4,bellman,0.022230,1,0.945070
melbourne,0,5,bellman,0.023090,1,0.945070
melbourne,0,6,bellman,0.038240,1,0.968080
melbourne,0,7,bellman,0.039810,1,0.968080
melbourne,1,3,bellman,0.016210,1,0.499000
melbourne,1,4,bellman,0.020530,1,0.778730
melbourne,1,5,bellman,0.021350,1,0.778730
melbourne,1,6,bellman,0.036480,1,0.863650
melbourne,1,7,bellman,0.038050,1,0.863650
rochester,0,3,bellman,0.027480,1,0.499000
rochester,0,4,bellman,0.032110,1,0.948770
rochester,0,5,bellman,0.034050,1,0.948770
rochester,0,6,bellman,0.052740,1,0.957670
rochester,0,7,bellman,0.054550,1,0.957670
rochester,1,3,bellman,0.039010,1,0.499000
rochester,1,4,bellman,0.046130,1,0.585630
rochester,1,5,bellman,0.048290,1,0.585630
rochester,1,6,bellman,0.071620,1,0.627300
rochester,1,7,bellman,0.073780,1,0.627300
vigo,0,3,bellman,0.024260,1,0.499000
vigo,0,4,bellman,0.016020,1,0.966250
vigo,0,5,bellman,0.021040,1,0.966250
vigo,0,6,bellman,0.030180,1,0.986800
vigo,0,7,bellman,0.051030,1,0.986800
vigo,1,3,bellman,0.012320,1,0.499000
vigo,1,4,bellman,0.015860,1,0.962840
vigo,1,5,bellman,0.016640,1,0.962840
vigo,1,6,bellman,0.029800,1,0.983240
vigo,1,7,bellman,0.030760,1,0.983240
vigo,2,3,bellman,0.025390,1,0.499000
vigo,2,4,bellman,0.016900,1,0.966780
vigo,2,5,bellman,0.021790,1,0.966780
vigo,2,6,bellman,0.031590,1,0.986460
vigo,2,7,bellman,0.052990,1,0.986460
belem,0,3,bellman,0.024090,1,0.499000
belem,0,4,bellman,0.016160,1,0.951620
belem,0,5,bellman,0.021060,1,0.951620
belem,0,6,bellman,0.030500,1,0.979660
belem,0,7,bellman,0.051120,1,0.979660
belem,1,3,bellman,0.023200,1,0.499000
belem,1,4,bellman,0.015780,1,0.948060
belem,1,5,bellman,0.020650,1,0.948060
belem,1,6,bellman,0.029910,1,0.975880
belem,1,7,bellman,0.050750,1,0.975880
belem,2,3,bellman,0.002960,1,0.499000
belem,2,4,bellman,0.016870,1,0.947160
belem,2,5,bellman,0.017680,1,0.947160
belem,2,6,bellman,0.031590,1,0.976600
belem,2,7,bellman,0.032770,1,0.976600
brooklyn,0,3,bellman,0.055910,1,0.499000
brooklyn,0,4,bellman,0.034960,1,0.976760
brooklyn,0,5,bellman,0.040820,1,0.976760
brooklyn,0,6,bellman,0.056050,1,0.988560
brooklyn,0,7,bellman,0.083370,1,0.988560
brooklyn,1,3,bellman,0.029330,1,0.499000
brooklyn,1,4,bellman,0.034550,1,0.975440
brooklyn,1,5,bellman,0.036050,1,0.975440
brooklyn,1,6,bellman,0.055440,1,0.987200
brooklyn,1,7,bellman,0.057090,1,0.987200
brooklyn,2,3,bellman,0.069620,1,0.499000
brooklyn,2,4,bellman,0.043080,1,0.863900
brooklyn,2,5,bellman,0.049840,1,0.863900
brooklyn,2,6,bellman,0.069980,1,0.921740
brooklyn,2,7,bellman,0.098020,1,0.921740
guadalupe,0,3,bellman,0.018670,1,0.499000
guadalupe,0,4,bellman,0.022640,1,0.927820
guadalupe,0,5,bellman,0.023720,1,0.927820
guadalupe,0,6,bellman,0.039270,1,0.976560
guadalupe,0,7,bellman,0.040700,1,0.976560
guadalupe,1,3,bellman,0.019100,1,0.499000
guadalupe,1,4,bellman,0.023230,1,0.925640
guadalupe,1,5,bellman,0.024240,1,0.925640
guadalupe,1,6,bellman,0.041890,1,0.974140
guadalupe,1,7,bellman,0.042520,1,0.974140
guadalupe,2,3,bellman,0.004880,1,0.499000
guadalupe,2,4,bellman,0.026450,1,0.974710
guadalupe,2,5,bellman,0.027430,1,0.974710
guadalupe,2,6,bellman,0.044320,1,0.985710
guadalupe,2,7,bellman,0.045780,1,0.985710
almaden,0,3,bellman,0.019110,1,0.499000
almaden,0,4,bellman,0.023350,1,0.751480
almaden,0,5,bellman,0.024590,1,0.751480
almaden,0,6,bellman,0.040410,1,0.840000
almaden,0,7,bellman,0.042160,1,0.840000
almaden,1,3,bellman,0.032210,1,0.499000
almaden,1,4,bellman,0.020850,1,0.742900
almaden,1,5,bellman,0.026170,1,0.742900
almaden,1,6,bellman,0.037140,1,0.828400
almaden,1,7,bellman,0.059730,1,0.828400
almaden,2,3,bellman,0.020330,1,0.499000
almaden,2,4,bellman,0.024560,1,0.960670
almaden,2,5,bellman,0.026000,1,0.960670
almaden,2,6,bellman,0.042460,1,0.977290
almaden,2,7,bellman,0.044300,1,0.977290
manhattan,0,3,bellman,0.007570,1,0.499000
manhattan,0,4,bellman,0.060860,1,0.499430
manhattan,0,5,bellman,0.068730,1,0.499430
manhattan,0,6,bellman,0.092440,1,0.499630
manhattan,0,7,bellman,0.130430,1,0.499630
manhattan,1,3,bellman,0.010300,1,0.499000
manhattan,1,4,bellman,0.059840,1,0.499430
manhattan,1,5,bellman,0.062920,1,0.499430
manhattan,1,6,bellman,0.090890,1,0.499630
manhattan,1,7,bellman,0.094210,1,0.499630
manhattan,2,3,bellman,0.007770,1,0.499000
manhattan,2,4,bellman,0.065300,1,0.974730
manhattan,2,5,bellman,0.073310,1,0.974730
manhattan,2,6,bellman,0.097610,1,0.980690
manhattan,2,7,bellman,0.136420,1,0.980690
valencia,0,3,bellman,0.012510,1,0.499000
valencia,0,4,bellman,0.015730,1,0.964200
valencia,0,5,bellman,0.016440,1,0.964200
valencia,0,6,bellman,0.029950,1,0.985460
valencia,0,7,bellman,0.031110,1,0.985460
valencia,1,3,bellman,0.023940,1,0.499000
valencia,1,4,bellman,0.016010,1,0.961960
valencia,1,5,bellman,0.020950,1,0.961960
valencia,1,6,bellman,0.030360,1,0.983120
valencia,1,7,bellman,0.051260,1,0.983120
valencia,2,3,bellman,0.025270,1,0.499000
valencia,2,4,bellman,0.016840,1,0.954070
valencia,2,5,bellman,0.022030,1,0.954070
valencia,2,6,bellman,0.031780,1,0.980810
valencia,2,7,bellman,0.052810,1,0.980810
boeblingen,0,3,bellman,0.017360,1,0.499000
boeblingen,0,4,bellman,0.022610,1,0.956260
boeblingen,0,5,bellman,0.022510,1,0.956260
boeblingen,0,6,bellman,0.038000,1,0.972250
boeblingen,0,7,bellman,0.039540,1,0.972250
boeblingen,1,3,bellman,0.004680,1,0.499000
boeblingen,1,4,bellman,0.023090,1,0.853390
boeblingen,1,5,bellman,0.028630,1,0.853390
boeblingen,1,6,bellman,0.040200,1,0.932660
boeblingen,1,7,bellman,0.063470,1,0.932660
bogota,0,3,bellman,0.002950,1,0.499000
bogota,0,4,bellman,0.015140,1,0.954350
bogota,0,5,bellman,0.015980,1,0.954350
bogota,0,6,bellman,0.029080,1,0.978360
bogota,0,7,bellman,0.030000,1,0.978360
bogota,1,3,bellman,0.004250,1,0.499000
bogota,1,4,bellman,0.016120,1,0.913290
bogota,1,5,bellman,0.021110,1,0.913290
bogota,1,6,bellman,0.030300,1,0.940420
bogota,1,7,bellman,0.051020,1,0.940420
bogota,2,3,bellman,0.003180,1,0.499000
bogota,2,4,bellman,0.017320,1,0.892170
bogota,2,5,bellman,0.018130,1,0.892170
bogota,2,6,bellman,0.031740,1,0.934160
bogota,2,7,bellman,0.032830,1,0.934160
santiago,0,3,bellman,0.022680,1,0.499000
santiago,0,4,bellman,0.015000,1,0.976000
santiago,0,5,bellman,0.019970,1,0.976000
santiago,0,6,bellman,0.028900,1,0.989540
santiago,0,7,bellman,0.049700,1,0.989540
santiago,1,3,bellman,0.012560,1,0.499000
santiago,1,4,bellman,0.015990,1,0.972840
santiago,1,5,bellman,0.016800,1,0.972840
santiago,1,6,bellman,0.030540,1,0.989600
santiago,1,7,bellman,0.031680,1,0.989600
santiago,2,3,bellman,0.013580,1,0.499000
santiago,2,4,bellman,0.016980,1,0.976290
santiago,2,5,bellman,0.017770,1,0.976290
santiago,2,6,bellman,0.031840,1,0.990950
santiago,2,7,bellman,0.032770,1,0.990950
singapore,0,3,bellman,0.022080,1,0.499000
singapore,0,4,bellman,0.027020,1,0.897600
singapore,0,5,bellman,0.028520,1,0.897600
singapore,0,6,bellman,0.045040,1,0.961580
singapore,0,7,bellman,0.047060,1,0.961580
singapore,1,3,bellman,0.037720,1,0.499000
singapore,1,4,bellman,0.024460,1,0.895740
singapore,1,5,bellman,0.029980,1,0.895740
singapore,1,6,bellman,0.041880,1,0.959420
singapore,1,7,bellman,0.065860,1,0.959420
singapore,2,3,bellman,0.005270,1,0.499000
singapore,2,4,bellman,0.029640,1,0.960080
singapore,2,5,bellman,0.031430,1,0.960080
singapore,2,6,bellman,0.049320,1,0.975490
singapore,2,7,bellman,0.054700,1,0.975490
johannesburg,0,3,bellman,0.019430,1,0.499000
johannesburg,0,4,bellman,0.023390,1,0.951230
johannesburg,0,5,bellman,0.024750,1,0.951230
johannesburg,0,6,bellman,0.040730,1,0.966780
johannesburg,0,7,bellman,0.041900,1,0.966780
johannesburg,1,3,bellman,0.036500,1,0.499000
johannesburg,1,4,bellman,0.023150,1,0.937510
johannesburg,1,5,bellman,0.028570,1,0.937510
johannesburg,1,6,bellman,0.039870,1,0.952590
johannesburg,1,7,bellman,0.063440,1,0.952590
johannesburg,2,3,bellman,0.023700,1,0.499000
johannesburg,2,4,bellman,0.028800,1,0.806380
johannesburg,2,5,bellman,0.030420,1,0.806380
johannesburg,2,6,bellman,0.047750,1,0.894210
johannesburg,2,7,bellman,0.049870,1,0.894210
rome,0,3,bellman,0.011750,1,0.499000
rome,0,4,bellman,0.015030,1,0.953800
rome,0,5,bellman,0.015660,1,0.953800
rome,0,6,bellman,0.029850,1,0.980350
rome,0,7,bellman,0.030160,1,0.980350
rome,1,3,bellman,0.003100,1,0.499000
rome,1,4,bellman,0.016030,1,0.961220
rome,1,5,bellman,0.016940,1,0.961220
rome,1,6,bellman,0.030510,1,0.980580
rome,1,7,bellman,0.031610,1,0.980580
rome,2,3,bellman,0.003120,1,0.499000
rome,2,4,bellman,0.016990,1,0.964680
rome,2,5,bellman,0.017660,1,0.964680
rome,2,6,bellman,0.031490,1,0.986230
rome,2,7,bellman,0.032640,1,0.986230
burlington,0,3,bellman,0.002910,1,0.499000
burlington,0,4,bellman,0.015620,1,0.931280
burlington,0,5,bellman,0.016540,1,0.931280
burlington,0,6,bellman,0.030120,1,0.971180
burlington,0,7,bellman,0.032070,1,0.971180
burlington,1,3,bellman,0.013410,1,0.499000
burlington,1,4,bellman,0.017270,1,0.921070
burlington,1,5,bellman,0.018580,1,0.921070
burlington,1,6,bellman,0.033390,1,0.960030
burlington,1,7,bellman,0.034810,1,0.960030
burlington,2,3,bellman,0.027610,1,0.499000
burlington,2,4,bellman,0.018020,1,0.946590
burlington,2,5,bellman,0.022650,1,0.946590
burlington,2,6,bellman,0.033620,1,0.974320
burlington,2,7,bellman,0.053220,1,0.974320
poughkeepsie,0,3,bellman,0.004810,1,0.499000
poughkeepsie,0,4,bellman,0.023470,1,0.769470
poughkeepsie,0,5,bellman,0.029130,1,0.769470
poughkeepsie,0,6,bellman,0.041800,1,0.846870
poughkeepsie,0,7,bellman,0.065750,1,0.846870
poughkeepsie,1,3,bellman,0.004210,1,0.499000
poughkeepsie,1,4,bellman,0.023240,1,0.763260
poughkeepsie,1,5,bellman,0.024260,1,0.763260
poughkeepsie,1,6,bellman,0.040860,1,0.838870
poughkeepsie,1,7,bellman,0.042800,1,0.838880
poughkeepsie,2,3,bellman,0.005300,1,0.499000
poughkeepsie,2,4,bellman,0.028830,1,0.954340
poughkeepsie,2,5,bellman,0.034690,1,0.954340
poughkeepsie,2,6,bellman,0.047800,1,0.973070
poughkeepsie,2,7,bellman,0.073530,1,0.973070
kolkata,0,3,bellman,0.004920,1,0.499000
kolkata,0,4,bellman,0.025250,1,0.895540
kolkata,0,5,bellman,0.030860,1,0.895540
kolkata,0,6,bellman,0.043210,1,0.930560
kolkata,0,7,bellman,0.066690,1,0.930560
kolkata,1,3,bellman,0.006310,1,0.499000
kolkata,1,4,bellman,0.036720,1,0.985970
kolkata,1,5,bellman,0.038580,1,0.985970
kolkata,1,6,bellman,0.058660,1,0.990710
kolkata,1,7,bellman,0.061280,1,0.990720
kolkata,2,3,bellman,0.006020,1,0.499000
kolkata,2,4,bellman,0.036580,1,0.983440
kolkata,2,5,bellman,0.038250,1,0.983440
kolkata,2,6,bellman,0.058470,1,0.988160
kolkata,2,7,bellman,0.060330,1,0.988160
quito,0,3,bellman,0.004090,1,0.499000
quito,0,4,bellman,0.015180,1,0.942160
quito,0,5,bellman,0.020030,1,0.942160
quito,0,6,bellman,0.029060,1,0.961230
quito,0,7,bellman,0.049810,1,0.961230
quito,1,3,bellman,0.024210,1,0.499000
quito,1,4,bellman,0.016070,1,0.915180
quito,1,5,bellman,0.021060,1,0.915180
quito,1,6,bellman,0.030340,1,0.933090
quito,1,7,bellman,0.051320,1,0.933090
quito,2,3,bellman,0.013460,1,0.499000
quito,2,4,bellman,0.016870,1,0.902510
quito,2,5,bellman,0.017760,1,0.902510
quito,2,6,bellman,0.031650,1,0.937190
quito,2,7,bellman,0.032650,1,0.937190
hanoi,0,3,bellman,0.005430,1,0.499000
hanoi,0,4,bellman,0.030960,1,0.985540
hanoi,0,5,bellman,0.032700,1,0.985540
hanoi,0,6,bellman,0.051000,1,0.991630
hanoi,0,7,bellman,0.052590,1,0.991630
hanoi,1,3,bellman,0.005600,1,0.499000
hanoi,1,4,bellman,0.032170,1,0.980750
hanoi,1,5,bellman,0.033730,1,0.980750
hanoi,1,6,bellman,0.052420,1,0.986780
hanoi,1,7,bellman,0.054300,1,0.986780
hanoi,2,3,bellman,0.028540,1,0.499000
hanoi,2,4,bellman,0.033200,1,0.907800
hanoi,2,5,bellman,0.035110,1,0.907800
hanoi,2,6,bellman,0.054100,1,0.970910
hanoi,2,7,bellman,0.056250,1,0.970910
ourense,0,3,bellman,0.011950,1,0.499000
ourense,0,4,bellman,0.015060,1,0.961070
ourense,0,5,bellman,0.015920,1,0.961070
ourense,0,6,bellman,0.029100,1,0.987530
ourense,0,7,bellman,0.030270,1,0.987530
ourense,1,3,bellman,0.012640,1,0.499000
ourense,1,4,bellman,0.016100,1,0.958670
ourense,1,5,bellman,0.016820,1,0.958670
ourense,1,6,bellman,0.030390,1,0.984990
ourense,1,7,bellman,0.031520,1,0.984990
ourense,2,3,bellman,0.025870,1,0.499000
ourense,2,4,bellman,0.016930,1,0.957700
ourense,2,5,bellman,0.021980,1,0.957700
ourense,2,6,bellman,0.031730,1,0.985950
ourense,2,7,bellman,0.052980,1,0.985950
washington,0,3,bellman,0.021110,1,0.499000
washington,0,4,bellman,0.025500,1,0.713710
washington,0,5,bellman,0.026610,1,0.713710
washington,0,6,bellman,0.043160,1,0.793140
washington,0,7,bellman,0.044930,1,0.793140
washington,1,3,bellman,0.005420,1,0.499000
washington,1,4,bellman,0.027340,1,0.514390
washington,1,5,bellman,0.033090,1,0.514390
washington,1,6,bellman,0.045920,1,0.520080
washington,1,7,bellman,0.071140,1,0.520080
washington,2,3,bellman,0.020410,1,0.499000
washington,2,4,bellman,0.127710,1,0.979740
washington,2,5,bellman,0.133640,1,0.979740
washington,2,6,bellman,0.182600,1,0.982420
washington,2,7,bellman,0.189460,1,0.982420
auckland,0,3,bellman,0.021050,1,0.499000
auckland,0,4,bellman,0.025320,1,0.983030
auckland,0,5,bellman,0.026360,1,0.983030
auckland,0,6,bellman,0.042920,1,0.988320
auckland,0,7,bellman,0.044450,1,0.988320
auckland,1,3,bellman,0.029280,1,0.499000
auckland,1,4,bellman,0.034780,1,0.959690
auckland,1,5,bellman,0.036470,1,0.959690
auckland,1,6,bellman,0.056160,1,0.977040
auckland,1,7,bellman,0.058330,1,0.977040
essex,0,3,bellman,0.012150,1,0.499000
essex,0,4,bellman,0.015930,1,0.950250
essex,0,5,bellman,0.016680,1,0.950250
essex,0,6,bellman,0.030410,1,0.977100
essex,0,7,bellman,0.031020,1,0.977100
essex,1,3,bellman,0.012580,1,0.499000
essex,1,4,bellman,0.015920,1,0.939540
essex,1,5,bellman,0.016770,1,0.939540
essex,1,6,bellman,0.030650,1,0.965760
essex,1,7,bellman,0.031600,1,0.965760
essex,2,3,bellman,0.013310,1,0.499000
essex,2,4,bellman,0.017110,1,0.933740
essex,2,5,bellman,0.017880,1,0.933740
essex,2,6,bellman,0.031760,1,0.964480
essex,2,7,bellman,0.033060,1,0.964480
manila,0,3,bellman,0.002810,1,0.499000
manila,0,4,bellman,0.015110,1,0.962620
manila,0,5,bellman,0.015830,1,0.962620
manila,0,6,bellman,0.029150,1,0.982480
manila,0,7,bellman,0.029870,1,0.982480
manila,1,3,bellman,0.003010,1,0.499000
manila,1,4,bellman,0.016090,1,0.889020
manila,1,5,bellman,0.016830,1,0.889020
manila,1,6,bellman,0.030390,1,0.956960
manila,1,7,bellman,0.031460,1,0.956960
manila,2,3,bellman,0.003120,1,0.499000
manila,2,4,bellman,0.016950,1,0.973450
manila,2,5,bellman,0.017790,1,0.973450
manila,2,6,bellman,0.031960,1,0.986910
manila,2,7,bellman,0.032550,1,0.986910
montreal,0,3,bellman,0.004590,1,0.499000
montreal,0,4,bellman,0.026110,1,0.982400
montreal,0,5,bellman,0.027330,1,0.982400
montreal,0,6,bellman,0.043960,1,0.989210
montreal,0,7,bellman,0.045740,1,0.989210
montreal,1,3,bellman,0.055400,1,0.499000
montreal,1,4,bellman,0.035090,1,0.892820
montreal,1,5,bellman,0.041110,1,0.892820
montreal,1,6,bellman,0.056270,1,0.961620
montreal,1,7,bellman,0.083880,1,0.961620
london,0,3,bellman,0.002950,1,0.499000
london,0,4,bellman,0.015100,1,0.940180
london,0,5,bellman,0.016030,1,0.940180
london,0,6,bellman,0.030170,1,0.980770
london,0,7,bellman,0.029920,1,0.980770
london,1,3,bellman,0.004130,1,0.499000
london,1,4,bellman,0.015600,1,0.937270
london,1,5,bellman,0.020510,1,0.937270
london,1,6,bellman,0.029990,1,0.977590
london,1,7,bellman,0.051150,1,0.977590
london,2,3,bellman,0.013610,1,0.499000
london,2,4,bellman,0.017210,1,0.959940
london,2,5,bellman,0.017920,1,0.959940
london,2,6,bellman,0.031750,1,0.975050
london,2,7,bellman,0.032720,1,0.975050
mumbai,0,3,bellman,0.004340,1,0.499000
mumbai,0,4,bellman,0.016160,1,0.959120
mumbai,0,5,bellman,0.021060,1,0.959120
mumbai,0,6,bellman,0.030400,1,0.971920
mumbai,0,7,bellman,0.051360,1,0.971920
mumbai,1,3,bellman,0.042680,1,0.499000
mumbai,1,4,bellman,0.027430,1,0.892510
mumbai,1,5,bellman,0.033340,1,0.892510
mumbai,1,6,bellman,0.045810,1,0.964100
mumbai,1,7,bellman,0.070570,1,0.964100
mumbai,2,3,bellman,0.043100,1,0.499000
mumbai,2,4,bellman,0.027630,1,0.892220
mumbai,2,5,bellman,0.033220,1,0.892220
mumbai,2,6,bellman,0.046160,1,0.963760
mumbai,2,7,bellman,0.071120,1,0.963760
geneva,0,3,bellman,0.047610,1,0.499000
geneva,0,4,bellman,0.029780,1,0.841590
geneva,0,5,bellman,0.035440,1,0.841590
geneva,0,6,bellman,0.049630,1,0.924770
geneva,0,7,bellman,0.075080,1,0.924770
geneva,1,3,bellman,0.005670,1,0.499000
geneva,1,4,bellman,0.031440,1,0.968770
geneva,1,5,bellman,0.033150,1,0.968770
geneva,1,6,bellman,0.051730,1,0.981560
geneva,1,7,bellman,0.053600,1,0.981560
geneva,2,3,bellman,0.005050,1,0.499000
geneva,2,4,bellman,0.029410,1,0.959310
geneva,2,5,bellman,0.031030,1,0.959310
geneva,2,6,bellman,0.048820,1,0.971840
geneva,2,7,bellman,0.050360,1,0.971840
lima,0,3,bellman,0.022730,1,0.499000
lima,0,4,bellman,0.015110,1,0.969810
lima,0,5,bellman,0.020020,1,0.969810
lima,0,6,bellman,0.029930,1,0.988260
lima,0,7,bellman,0.049710,1,0.988260
lima,1,3,bellman,0.004160,1,0.499000
lima,1,4,bellman,0.015690,1,0.967280
lima,1,5,bellman,0.020620,1,0.967280
lima,1,6,bellman,0.029850,1,0.985630
lima,1,7,bellman,0.050820,1,0.985630
lima,2,3,bellman,0.025820,1,0.499000
lima,2,4,bellman,0.016940,1,0.929440
lima,2,5,bellman,0.021870,1,0.929440
lima,2,6,bellman,0.031750,1,0.971490
lima,2,7,bellman,0.052920,1,0.971490
lagos,0,3,bellman,0.022210,1,0.499000
lagos,0,4,bellman,0.015030,1,0.853290
lagos,0,5,bellman,0.020130,1,0.853290
lagos,0,6,bellman,0.029190,1,0.936650
lagos,0,7,bellman,0.049680,1,0.936650
lagos,1,3,bellman,0.023920,1,0.499000
lagos,1,4,bellman,0.016180,1,0.852590
lagos,1,5,bellman,0.021030,1,0.852590
lagos,1,6,bellman,0.030330,1,0.935790
lagos,1,7,bellman,0.051360,1,0.935790
lagos,2,3,bellman,0.014130,1,0.499000
lagos,2,4,bellman,0.017530,1,0.956870
lagos,2,5,bellman,0.018440,1,0.956870
lagos,2,6,bellman,0.032460,1,0.971900
lagos,2,7,bellman,0.033630,1,0.971900
lagos,3,3,bellman,0.028930,1,0.499000
lagos,3,4,bellman,0.018860,1,0.728070
lagos,3,5,bellman,0.024060,1,0.728070
lagos,3,6,bellman,0.034230,1,0.816640
lagos,3,7,bellman,0.056240,1,0.816640
lagos,4,3,bellman,0.028560,1,0.499000
lagos,4,4,bellman,0.018830,1,0.721670
lagos,4,5,bellman,0.024040,1,0.721670
lagos,4,6,bellman,0.034400,1,0.807750
lagos,4,7,bellman,0.056070,1,0.807750
toronto,0,3,bellman,0.044910,1,0.499000
toronto,0,4,bellman,0.028660,1,0.712610
toronto,0,5,bellman,0.034470,1,0.712610
toronto,0,6,bellman,0.047690,1,0.797690
toronto,0,7,bellman,0.073230,1,0.797690
toronto,1,3,bellman,0.006360,1,0.499000
toronto,1,4,bellman,0.036880,1,0.978720
toronto,1,5,bellman,0.038460,1,0.978720
toronto,1,6,bellman,0.058680,1,0.986150
toronto,1,7,bellman,0.060470,1,0.986150
toronto,2,3,bellman,0.006550,1,0.499000
toronto,2,4,bellman,0.036530,1,0.955540
toronto,2,5,bellman,0.038250,1,0.955540
toronto,2,6,bellman,0.058360,1,0.962610
toronto,2,7,bellman,0.060400,1,0.962610
perth,0,3,bellman,0.012170,1,0.499000
perth,0,4,bellman,0.015420,1,0.966040
perth,0,5,bellman,0.016480,1,0.966050
perth,0,6,bellman,0.029990,1,0.989170
perth,0,7,bellman,0.031010,1,0.989170
perth,1,3,bellman,0.011760,1,0.499000
perth,1,4,bellman,0.015110,1,0.964060
perth,1,5,bellman,0.015860,1,0.964060
perth,1,6,bellman,0.029150,1,0.987090
perth,1,7,bellman,0.030300,1,0.987090
perth,2,3,bellman,0.013760,1,0.499000
perth,2,4,bellman,0.017680,1,0.961440
perth,2,5,bellman,0.018410,1,0.961440
perth,2,6,bellman,0.032420,1,0.987490
perth,2,7,bellman,0.033960,1,0.987490
perth,3,3,bellman,0.014950,1,0.499000
perth,3,4,bellman,0.018880,1,0.942650
perth,3,5,bellman,0.019640,1,0.942650
perth,3,6,bellman,0.033950,1,0.979240
perth,3,7,bellman,0.035360,1,0.979240
perth,4,3,bellman,0.015050,1,0.499000
perth,4,4,bellman,0.018870,1,0.937590
perth,4,5,bellman,0.019820,1,0.937590
perth,4,6,bellman,0.034240,1,0.973770
perth,4,7,bellman,0.035460,1,0.973770
sydney,0,3,bellman,0.004670,1,0.499000
sydney,0,4,bellman,0.026070,1,0.969100
sydney,0,5,bellman,0.027400,1,0.969100
sydney,0,6,bellman,0.044250,1,0.977760
sydney,0,7,bellman,0.045600,1,0.977760
sydney,1,3,bellman,0.005370,1,0.499000
sydney,1,4,bellman,0.031510,1,0.871760
sydney,1,5,bellman,0.033010,1,0.871760
sydney,1,6,bellman,0.051850,1,0.949580
sydney,1,7,bellman,0.053290,1,0.949580
sydney,2,3,bellman,0.005510,1,0.499000
sydney,2,4,bellman,0.031490,1,0.865810
sydney,2,5,bellman,0.033280,1,0.865810
sydney,2,6,bellman,0.051860,1,0.942390
sydney,2,7,bellman,0.053710,1,0.942390
cairo,0,3,bellman,0.022620,1,0.499000
cairo,0,4,bellman,0.027590,1,0.978960
cairo,0,5,bellman,0.028880,1,0.978960
cairo,0,6,bellman,0.046170,1,0.992120
cairo,0,7,bellman,0.047860,1,0.992120
cairo,1,3,bellman,0.005440,1,0.499000
cairo,1,4,bellman,0.032490,1,0.822270
cairo,1,5,bellman,0.034110,1,0.822270
cairo,1,6,bellman,0.052730,1,0.904350
cairo,1,7,bellman,0.054160,1,0.904350
casablanca,0,3,bellman,0.003050,1,0.499000
casablanca,0,4,bellman,0.016080,1,0.969230
casablanca,0,5,bellman,0.016800,1,0.969230
casablanca,0,6,bellman,0.030410,1,0.982580
casablanca,0,7,bellman,0.031440,1,0.982580
casablanca,1,3,bellman,0.011660,1,0.499000
casablanca,1,4,bellman,0.015090,1,0.962330
casablanca,1,5,bellman,0.015890,1,0.962330
casablanca,1,6,bellman,0.029140,1,0.975480
casablanca,1,7,bellman,0.030180,1,0.975480
casablanca,2,3,bellman,0.013780,1,0.499000
casablanca,2,4,bellman,0.017520,1,0.970070
casablanca,2,5,bellman,0.018380,1,0.970070
casablanca,2,6,bellman,0.032360,1,0.984530
casablanca,2,7,bellman,0.033670,1,0.984530
casablanca,3,3,bellman,0.014860,1,0.499000
casablanca,3,4,bellman,0.018850,1,0.967750
casablanca,3,5,bellman,0.019500,1,0.967760
casablanca,3,6,bellman,0.034190,1,0.983780
casablanca,3,7,bellman,0.035400,1,0.983780
casablanca,4,3,bellman,0.027450,1,0.499000
casablanca,4,4,bellman,0.017860,1,0.964940
casablanca,4,5,bellman,0.022970,1,0.964940
casablanca,4,6,bellman,0.032900,1,0.980870
casablanca,4,7,bellman,0.054700,1,0.980870
oslo,0,3,bellman,0.011890,1,0.499000
oslo,0,4,bellman,0.015120,1,0.974490
oslo,0,5,bellman,0.015790,1,0.974490
oslo,0,6,bellman,0.029200,1,0.987890
oslo,0,7,bellman,0.030100,1,0.987890
oslo,1,3,bellman,0.012440,1,0.499000
oslo,1,4,bellman,0.015680,1,0.972860
oslo,1,5,bellman,0.016490,1,0.972860
oslo,1,6,bellman,0.029920,1,0.986220
oslo,1,7,bellman,0.031140,1,0.986220
oslo,2,3,bellman,0.026170,1,0.499000
oslo,2,4,bellman,0.017500,1,0.973360
oslo,2,5,bellman,0.022540,1,0.973360
oslo,2,6,bellman,0.032700,1,0.987750
oslo,2,7,bellman,0.054190,1,0.987750
oslo,3,3,bellman,0.014190,1,0.499000
oslo,3,4,bellman,0.017950,1,0.978920
oslo,3,5,bellman,0.018740,1,0.978920
oslo,3,6,bellman,0.032990,1,0.988330
oslo,3,7,bellman,0.034320,1,0.988330
oslo,4,3,bellman,0.015140,1,0.499000
oslo,4,4,bellman,0.018760,1,0.977250
oslo,4,5,bellman,0.019870,1,0.977250
oslo,4,6,bellman,0.034370,1,0.986630
oslo,4,7,bellman,0.035650,1,0.986630
paris,0,3,bellman,0.016370,1,0.499000
paris,0,4,bellman,0.020020,1,0.777510
paris,0,5,bellman,0.020990,1,0.777510
paris,0,6,bellman,0.035750,1,0.870280
paris,0,7,bellman,0.037160,1,0.870280
paris,1,3,bellman,0.027500,1,0.499000
paris,1,4,bellman,0.032320,1,0.972860
paris,1,5,bellman,0.033990,1,0.972860
paris,1,6,bellman,0.052670,1,0.981490
paris,1,7,bellman,0.054470,1,0.981500
paris,2,3,bellman,0.026050,1,0.499000
paris,2,4,bellman,0.031230,1,0.972520
paris,2,5,bellman,0.032560,1,0.972520
paris,2,6,bellman,0.051240,1,0.981150
paris,2,7,bellman,0.052760,1,0.981150
algiers,0,3,bellman,0.029650,1,0.499000
algiers,0,4,bellman,0.019100,1,0.974450
algiers,0,5,bellman,0.024290,1,0.974450
algiers,0,6,bellman,0.034060,1,0.979000
algiers,0,7,bellman,0.056620,1,0.979000
algiers,1,3,bellman,0.024360,1,0.499000
algiers,1,4,bellman,0.029810,1,0.927570
algiers,1,5,bellman,0.031210,1,0.927570
algiers,1,6,bellman,0.048940,1,0.963070
algiers,1,7,bellman,0.050850,1,0.963070
nairobi,0,3,bellman,0.012610,1,0.499000
nairobi,0,4,bellman,0.015940,1,0.970130
nairobi,0,5,bellman,0.016740,1,0.970130
nairobi,0,6,bellman,0.030520,1,0.988510
nairobi,0,7,bellman,0.031600,1,0.988510
nairobi,1,3,bellman,0.022680,1,0.499000
nairobi,1,4,bellman,0.015060,1,0.968990
nairobi,1,5,bellman,0.020040,1,0.968990
nairobi,1,6,bellman,0.028990,1,0.987330
nairobi,1,7,bellman,0.049980,1,0.987330
nairobi,2,3,bellman,0.026140,1,0.499000
nairobi,2,4,bellman,0.017570,1,0.964300
nairobi,2,5,bellman,0.022670,1,0.964300
nairobi,2,6,bellman,0.032250,1,0.984580
nairobi,2,7,bellman,0.053980,1,0.984580
nairobi,3,3,bellman,0.015370,1,0.499000
nairobi,3,4,bellman,0.018780,1,0.965070
nairobi,3,5,bellman,0.019780,1,0.965070
nairobi,3,6,bellman,0.034320,1,0.985570
nairobi,3,7,bellman,0.035600,1,0.985570
nairobi,4,3,bellman,0.015080,1,0.499000
nairobi,4,4,bellman,0.018800,1,0.961630
nairobi,4,5,bellman,0.019790,1,0.961630
nairobi,4,6,bellman,0.034230,1,0.981980
nairobi,4,7,bellman,0.035420,1,0.981980
